This is pdfTeX, Version 3.141592653-2.6-1.40.26 (TeX Live 2024) (preloaded format=pdflatex 2025.1.5)  20 MAR 2026 10:00
entering extended mode
 restricted \write18 enabled.
 file:line:error style messages enabled.
 %&-line parsing enabled.
**c:/Users/hyunj/Documents/Obsidian/Chores/math/_writing/uwo_math_9144b_winter_2026/uwo_math_9144b_winter_2026
(c:/Users/hyunj/Documents/Obsidian/Chores/math/_writing/uwo_math_9144b_winter_2026/uwo_math_9144b_winter_2026.tex
LaTeX2e <2024-11-01> patch level 1
L3 programming layer <2024-12-09>
(../_macros/macros.tex (c:/texlive/2024/texmf-dist/tex/latex/amscls/amsart.cls
Document Class: amsart 2020/05/29 v2.20.6
\linespacing=\dimen141
\normalparindent=\dimen142
\normaltopskip=\skip49
(c:/texlive/2024/texmf-dist/tex/latex/amsmath/amsmath.sty
Package: amsmath 2024/11/05 v2.17t AMS math features
\@mathmargin=\skip50

For additional information on amsmath, use the `?' option.
(c:/texlive/2024/texmf-dist/tex/latex/amsmath/amstext.sty
Package: amstext 2021/08/26 v2.01 AMS text
 (c:/texlive/2024/texmf-dist/tex/latex/amsmath/amsgen.sty
File: amsgen.sty 1999/11/30 v2.0 generic functions
\@emptytoks=\toks17
\ex@=\dimen143
)) (c:/texlive/2024/texmf-dist/tex/latex/amsmath/amsbsy.sty
Package: amsbsy 1999/11/29 v1.2d Bold Symbols
\pmbraise@=\dimen144
) (c:/texlive/2024/texmf-dist/tex/latex/amsmath/amsopn.sty
Package: amsopn 2022/04/08 v2.04 operator names
)
\inf@bad=\count196
LaTeX Info: Redefining \frac on input line 233.
\uproot@=\count197
\leftroot@=\count198
LaTeX Info: Redefining \overline on input line 398.
LaTeX Info: Redefining \colon on input line 409.
\classnum@=\count199
\DOTSCASE@=\count266
LaTeX Info: Redefining \ldots on input line 495.
LaTeX Info: Redefining \dots on input line 498.
LaTeX Info: Redefining \cdots on input line 619.
\Mathstrutbox@=\box52
\strutbox@=\box53
LaTeX Info: Redefining \big on input line 721.
LaTeX Info: Redefining \Big on input line 722.
LaTeX Info: Redefining \bigg on input line 723.
LaTeX Info: Redefining \Bigg on input line 724.
\big@size=\dimen145
LaTeX Font Info:    Redeclaring font encoding OML on input line 742.
LaTeX Font Info:    Redeclaring font encoding OMS on input line 743.
\macc@depth=\count267
LaTeX Info: Redefining \bmod on input line 904.
LaTeX Info: Redefining \pmod on input line 909.
LaTeX Info: Redefining \smash on input line 939.
LaTeX Info: Redefining \relbar on input line 969.
LaTeX Info: Redefining \Relbar on input line 970.
\c@MaxMatrixCols=\count268
\dotsspace@=\muskip17
\c@parentequation=\count269
\dspbrk@lvl=\count270
\tag@help=\toks18
\row@=\count271
\column@=\count272
\maxfields@=\count273
\andhelp@=\toks19
\eqnshift@=\dimen146
\alignsep@=\dimen147
\tagshift@=\dimen148
\tagwidth@=\dimen149
\totwidth@=\dimen150
\lineht@=\dimen151
\@envbody=\toks20
\multlinegap=\skip51
\multlinetaggap=\skip52
\mathdisplay@stack=\toks21
LaTeX Info: Redefining \[ on input line 2953.
LaTeX Info: Redefining \] on input line 2954.
)
LaTeX Font Info:    Trying to load font information for U+msa on input line 397.
 (c:/texlive/2024/texmf-dist/tex/latex/amsfonts/umsa.fd
File: umsa.fd 2013/01/14 v3.01 AMS symbols A
) (c:/texlive/2024/texmf-dist/tex/latex/amsfonts/amsfonts.sty
Package: amsfonts 2013/01/14 v3.01 Basic AMSFonts support
\symAMSa=\mathgroup4
\symAMSb=\mathgroup5
LaTeX Font Info:    Redeclaring math symbol \hbar on input line 98.
LaTeX Font Info:    Overwriting math alphabet `\mathfrak' in version `bold'
(Font)                  U/euf/m/n --> U/euf/b/n on input line 106.
)
\copyins=\insert252
\abstractbox=\box54
\listisep=\skip53
\c@part=\count274
\c@section=\count275
\c@subsection=\count276
\c@subsubsection=\count277
\c@paragraph=\count278
\c@subparagraph=\count279
\c@figure=\count280
\c@table=\count281
\abovecaptionskip=\skip54
\belowcaptionskip=\skip55
\captionindent=\dimen152
\thm@style=\toks22
\thm@bodyfont=\toks23
\thm@headfont=\toks24
\thm@notefont=\toks25
\thm@headpunct=\toks26
\thm@preskip=\skip56
\thm@postskip=\skip57
\thm@headsep=\skip58
\dth@everypar=\toks27
) (c:/texlive/2024/texmf-dist/tex/latex/tools/bm.sty
Package: bm 2023/12/19 v1.2f Bold Symbol Support (DPC/FMi)
\symboldoperators=\mathgroup6
\symboldletters=\mathgroup7
\symboldsymbols=\mathgroup8
Package bm Info: No bold for \OMX/cmex/m/n, using \pmb.
Package bm Info: No bold for \U/msa/m/n, using \pmb.
Package bm Info: No bold for \U/msb/m/n, using \pmb.
LaTeX Font Info:    Redeclaring math alphabet \mathbf on input line 149.
) (c:/texlive/2024/texmf-dist/tex/latex/amsfonts/amssymb.sty
Package: amssymb 2013/01/14 v3.01 AMS font symbols
) (c:/texlive/2024/texmf-dist/tex/latex/amsmath/amscd.sty
Package: amscd 2017/04/14 v2.1 AMS Commutative Diagrams
\athelp@=\toks28
\minaw@=\dimen153
\bigaw@=\dimen154
\minCDarrowwidth=\dimen155
) (c:/texlive/2024/texmf-dist/tex/latex/oberdiek/aliascnt.sty
Package: aliascnt 2018/09/07 v1.5 Alias counters (HO)
) (c:/texlive/2024/texmf-dist/tex/latex/hyperref/hyperref.sty
Package: hyperref 2024-11-05 v7.01l Hypertext links for LaTeX
 (c:/texlive/2024/texmf-dist/tex/generic/iftex/iftex.sty
Package: iftex 2024/12/12 v1.0g TeX engine tests
) (c:/texlive/2024/texmf-dist/tex/latex/graphics/keyval.sty
Package: keyval 2022/05/29 v1.15 key=value parser (DPC)
\KV@toks@=\toks29
) (c:/texlive/2024/texmf-dist/tex/latex/kvsetkeys/kvsetkeys.sty
Package: kvsetkeys 2022-10-05 v1.19 Key value parser (HO)
) (c:/texlive/2024/texmf-dist/tex/generic/kvdefinekeys/kvdefinekeys.sty
Package: kvdefinekeys 2019-12-19 v1.6 Define keys (HO)
) (c:/texlive/2024/texmf-dist/tex/generic/pdfescape/pdfescape.sty
Package: pdfescape 2019/12/09 v1.15 Implements pdfTeX's escape features (HO)
 (c:/texlive/2024/texmf-dist/tex/generic/ltxcmds/ltxcmds.sty
Package: ltxcmds 2023-12-04 v1.26 LaTeX kernel commands for general use (HO)
) (c:/texlive/2024/texmf-dist/tex/generic/pdftexcmds/pdftexcmds.sty
Package: pdftexcmds 2020-06-27 v0.33 Utility functions of pdfTeX for LuaTeX (HO)
 (c:/texlive/2024/texmf-dist/tex/generic/infwarerr/infwarerr.sty
Package: infwarerr 2019/12/03 v1.5 Providing info/warning/error messages (HO)
)
Package pdftexcmds Info: \pdf@primitive is available.
Package pdftexcmds Info: \pdf@ifprimitive is available.
Package pdftexcmds Info: \pdfdraftmode found.
)) (c:/texlive/2024/texmf-dist/tex/latex/hycolor/hycolor.sty
Package: hycolor 2020-01-27 v1.10 Color options for hyperref/bookmark (HO)
) (c:/texlive/2024/texmf-dist/tex/latex/hyperref/nameref.sty
Package: nameref 2023-11-26 v2.56 Cross-referencing by name of section
 (c:/texlive/2024/texmf-dist/tex/latex/refcount/refcount.sty
Package: refcount 2019/12/15 v3.6 Data extraction from label references (HO)
) (c:/texlive/2024/texmf-dist/tex/generic/gettitlestring/gettitlestring.sty
Package: gettitlestring 2019/12/15 v1.6 Cleanup title references (HO)
 (c:/texlive/2024/texmf-dist/tex/latex/kvoptions/kvoptions.sty
Package: kvoptions 2022-06-15 v3.15 Key value format for package options (HO)
))
\c@section@level=\count282
) (c:/texlive/2024/texmf-dist/tex/latex/etoolbox/etoolbox.sty
Package: etoolbox 2020/10/05 v2.5k e-TeX tools for LaTeX (JAW)
\etb@tempcnta=\count283
) (c:/texlive/2024/texmf-dist/tex/generic/stringenc/stringenc.sty
Package: stringenc 2019/11/29 v1.12 Convert strings between diff. encodings (HO)
)
\@linkdim=\dimen156
\Hy@linkcounter=\count284
\Hy@pagecounter=\count285
 (c:/texlive/2024/texmf-dist/tex/latex/hyperref/pd1enc.def
File: pd1enc.def 2024-11-05 v7.01l Hyperref: PDFDocEncoding definition (HO)
Now handling font encoding PD1 ...
... no UTF-8 mapping file for font encoding PD1
) (c:/texlive/2024/texmf-dist/tex/generic/intcalc/intcalc.sty
Package: intcalc 2019/12/15 v1.3 Expandable calculations with integers (HO)
)
\Hy@SavedSpaceFactor=\count286
 (c:/texlive/2024/texmf-dist/tex/latex/hyperref/puenc.def
File: puenc.def 2024-11-05 v7.01l Hyperref: PDF Unicode definition (HO)
Now handling font encoding PU ...
... no UTF-8 mapping file for font encoding PU
)
Package hyperref Info: Hyper figures OFF on input line 4157.
Package hyperref Info: Link nesting OFF on input line 4162.
Package hyperref Info: Hyper index ON on input line 4165.
Package hyperref Info: Plain pages OFF on input line 4172.
Package hyperref Info: Backreferencing OFF on input line 4177.
Package hyperref Info: Implicit mode ON; LaTeX internals redefined.
Package hyperref Info: Bookmarks ON on input line 4424.
\c@Hy@tempcnt=\count287
 (c:/texlive/2024/texmf-dist/tex/latex/url/url.sty
\Urlmuskip=\muskip18
Package: url 2013/09/16  ver 3.4  Verb mode for urls, etc.
)
LaTeX Info: Redefining \url on input line 4763.
\XeTeXLinkMargin=\dimen157
 (c:/texlive/2024/texmf-dist/tex/generic/bitset/bitset.sty
Package: bitset 2019/12/09 v1.3 Handle bit-vector datatype (HO)
 (c:/texlive/2024/texmf-dist/tex/generic/bigintcalc/bigintcalc.sty
Package: bigintcalc 2019/12/15 v1.5 Expandable calculations on big integers (HO)
))
\Fld@menulength=\count288
\Field@Width=\dimen158
\Fld@charsize=\dimen159
Package hyperref Info: Hyper figures OFF on input line 6042.
Package hyperref Info: Link nesting OFF on input line 6047.
Package hyperref Info: Hyper index ON on input line 6050.
Package hyperref Info: backreferencing OFF on input line 6057.
Package hyperref Info: Link coloring OFF on input line 6062.
Package hyperref Info: Link coloring with OCG OFF on input line 6067.
Package hyperref Info: PDF/A mode OFF on input line 6072.
 (c:/texlive/2024/texmf-dist/tex/latex/base/atbegshi-ltx.sty
Package: atbegshi-ltx 2021/01/10 v1.0c Emulation of the original atbegshi
package with kernel methods
)
\Hy@abspage=\count289
\c@Item=\count290
\c@Hfootnote=\count291
)
Package hyperref Info: Driver (autodetected): hpdftex.
 (c:/texlive/2024/texmf-dist/tex/latex/hyperref/hpdftex.def
File: hpdftex.def 2024-11-05 v7.01l Hyperref driver for pdfTeX
 (c:/texlive/2024/texmf-dist/tex/latex/base/atveryend-ltx.sty
Package: atveryend-ltx 2020/08/19 v1.0a Emulation of the original atveryend package
with kernel methods
)
\Fld@listcount=\count292
\c@bookmark@seq@number=\count293
 (c:/texlive/2024/texmf-dist/tex/latex/rerunfilecheck/rerunfilecheck.sty
Package: rerunfilecheck 2022-07-10 v1.10 Rerun checks for auxiliary files (HO)
 (c:/texlive/2024/texmf-dist/tex/generic/uniquecounter/uniquecounter.sty
Package: uniquecounter 2019/12/15 v1.4 Provide unlimited unique counter (HO)
)
Package uniquecounter Info: New unique counter `rerunfilecheck' on input line 285.
)
\Hy@SectionHShift=\skip59
) (c:/texlive/2024/texmf-dist/tex/latex/cleveref/cleveref.sty
Package: cleveref 2018/03/27 v0.21.4 Intelligent cross-referencing
Package cleveref Info: `hyperref' support loaded on input line 2370.
LaTeX Info: Redefining \cref on input line 2370.
LaTeX Info: Redefining \Cref on input line 2370.
LaTeX Info: Redefining \crefrange on input line 2370.
LaTeX Info: Redefining \Crefrange on input line 2370.
LaTeX Info: Redefining \cpageref on input line 2370.
LaTeX Info: Redefining \Cpageref on input line 2370.
LaTeX Info: Redefining \cpagerefrange on input line 2370.
LaTeX Info: Redefining \Cpagerefrange on input line 2370.
LaTeX Info: Redefining \labelcref on input line 2370.
LaTeX Info: Redefining \labelcpageref on input line 2370.
Package cleveref Info: `amsthm' support loaded on input line 3026.
Package cleveref Info: `aliascnt' support loaded on input line 3193.
) (c:/texlive/2024/texmf-dist/tex/latex/preprint/fullpage.sty
Package: fullpage 1999/02/23 1.1 (PWD)
\FP@margin=\skip60
) (c:/texlive/2024/texmf-dist/tex/latex/enumitem/enumitem.sty
Package: enumitem 2019/06/20 v3.9 Customized lists
\labelindent=\skip61
\enit@outerparindent=\dimen160
\enit@toks=\toks30
\enit@inbox=\box55
\enit@count@id=\count294
\enitdp@description=\count295
) (c:/texlive/2024/texmf-dist/tex/latex/units/units.sty
Package: units 1998/08/04 v0.9b Typesetting units
 (c:/texlive/2024/texmf-dist/tex/latex/base/ifthen.sty
Package: ifthen 2024/03/16 v1.1e Standard LaTeX ifthen package (DPC)
) (c:/texlive/2024/texmf-dist/tex/latex/units/nicefrac.sty
Package: nicefrac 1998/08/04 v0.9b Nice fractions
\L@UnitsRaiseDisplaystyle=\skip62
\L@UnitsRaiseTextstyle=\skip63
\L@UnitsRaiseScriptstyle=\skip64
)) (c:/texlive/2024/texmf-dist/tex/generic/xypic/xy.sty (c:/texlive/2024/texmf-dist/tex/generic/xypic/xy.tex Bootstrap'ing: catcodes, docmode, (c:/texlive/2024/texmf-dist/tex/generic/xypic/xyrecat.tex) (c:/texlive/2024/texmf-dist/tex/generic/xypic/xyidioms.tex)

 Xy-pic version 3.8.9 <2013/10/06>
 Copyright (c) 1991-2013 by Kristoffer H. Rose <krisrose@tug.org> and others
 Xy-pic is free software: see the User's Guide for details.

Loading kernel: messages; fonts; allocations: state,
\X@c=\dimen161
\Y@c=\dimen162
\U@c=\dimen163
\D@c=\dimen164
\L@c=\dimen165
\R@c=\dimen166
\Edge@c=\toks31
\X@p=\dimen167
\Y@p=\dimen168
\U@p=\dimen169
\D@p=\dimen170
\L@p=\dimen171
\R@p=\dimen172
\Edge@p=\toks32
\X@origin=\dimen173
\Y@origin=\dimen174
\X@xbase=\dimen175
\Y@xbase=\dimen176
\X@ybase=\dimen177
\Y@ybase=\dimen178
\X@min=\dimen179
\Y@min=\dimen180
\X@max=\dimen181
\Y@max=\dimen182
\lastobjectbox@=\box56
\zerodotbox@=\box57
\almostz@=\dimen183
 direction,
\d@X=\dimen184
\d@Y=\dimen185
\K@=\count296
\KK@=\count297
\Direction=\count298
\K@dXdY=\dimen186
\K@dYdX=\dimen187
\xyread@=\read2
\xywrite@=\write3
\csp@=\count299
\quotPTK@=\dimen188
 utility macros; pictures: \xy, positions,
\swaptoks@@=\toks33
\connectobjectbox@@=\box58
 objects,
\styletoks@=\toks34
 decorations; kernel objects: directionals, circles, text; options; algorithms: directions, edges, connections;  Xy-pic loaded) (c:/texlive/2024/texmf-dist/tex/generic/iftex/ifpdf.sty
Package: ifpdf 2019/10/25 v3.4 ifpdf legacy package. Use iftex instead.
)
Package: xy 2013/10/06 Xy-pic version 3.8.9
 (c:/texlive/2024/texmf-dist/tex/generic/xypic/xyall.tex  Xy-pic option: All features v.3.8 (c:/texlive/2024/texmf-dist/tex/generic/xypic/xycurve.tex  Xy-pic option: Curve and Spline extension v.3.12 curve,
\crv@cnt@=\count300
\crvpts@=\toks35
\splinebox@=\box59
\splineval@=\dimen189
\splinedepth@=\dimen190
\splinetol@=\dimen191
\splinelength@=\dimen192
 circles,
\L@=\dimen193
 loaded) (c:/texlive/2024/texmf-dist/tex/generic/xypic/xyframe.tex  Xy-pic option: Frame and Bracket extension v.3.14 loaded) (c:/texlive/2024/texmf-dist/tex/generic/xypic/xycmtip.tex  Xy-pic option: Computer Modern tip extension v.3.7 (c:/texlive/2024/texmf-dist/tex/generic/xypic/xytips.tex  Xy-pic option: More Tips extension v.3.11 loaded) loaded) (c:/texlive/2024/texmf-dist/tex/generic/xypic/xyline.tex  Xy-pic option: Line styles extension v.3.10
\xylinethick@=\dimen194
 loaded) (c:/texlive/2024/texmf-dist/tex/generic/xypic/xyrotate.tex  Xy-pic option: Rotate and Scale extension v.3.8 loaded) (c:/texlive/2024/texmf-dist/tex/generic/xypic/xycolor.tex  Xy-pic option: Colour extension v.3.11 loaded) (c:/texlive/2024/texmf-dist/tex/generic/xypic/xymatrix.tex  Xy-pic option: Matrix feature v.3.14
\Row=\count301
\Col=\count302
\queue@=\toks36
\queue@@=\toks37
\qcount@=\count303
\qcount@@=\count304
\matrixsize@=\count305
 loaded) (c:/texlive/2024/texmf-dist/tex/generic/xypic/xyarrow.tex  Xy-pic option: Arrow and Path feature v.3.9 path, \ar, loaded) (c:/texlive/2024/texmf-dist/tex/generic/xypic/xygraph.tex  Xy-pic option: Graph feature v.3.11 loaded) loaded) (c:/texlive/2024/texmf-dist/tex/generic/xypic/xypdf.tex  Xy-pic option: PDF driver v.1.7 Xy-pic pdf driver: `color' extension support (c:/texlive/2024/texmf-dist/tex/generic/xypic/xypdf-co.tex loaded) Xy-pic pdf driver: `curve' extension support (c:/texlive/2024/texmf-dist/tex/generic/xypic/xypdf-cu.tex loaded) Xy-pic pdf driver: `frame' extension support (c:/texlive/2024/texmf-dist/tex/generic/xypic/xypdf-fr.tex loaded) Xy-pic pdf driver: `line' extension support (c:/texlive/2024/texmf-dist/tex/generic/xypic/xypdf-li.tex loaded) Xy-pic pdf driver: `rotate' extension support (c:/texlive/2024/texmf-dist/tex/generic/xypic/xypdf-ro.tex loaded) loaded)) (c:/texlive/2024/texmf-dist/tex/latex/xcolor/xcolor.sty
Package: xcolor 2024/09/29 v3.02 LaTeX color extensions (UK)
 (c:/texlive/2024/texmf-dist/tex/latex/graphics-cfg/color.cfg
File: color.cfg 2016/01/02 v1.6 sample color configuration
)
Package xcolor Info: Driver file: pdftex.def on input line 274.
 (c:/texlive/2024/texmf-dist/tex/latex/graphics-def/pdftex.def
File: pdftex.def 2024/04/13 v1.2c Graphics/color driver for pdftex
) (c:/texlive/2024/texmf-dist/tex/latex/graphics/mathcolor.ltx)
Package xcolor Info: Model `cmy' substituted by `cmy0' on input line 1349.
Package xcolor Info: Model `hsb' substituted by `rgb' on input line 1353.
Package xcolor Info: Model `RGB' extended on input line 1365.
Package xcolor Info: Model `HTML' substituted by `rgb' on input line 1367.
Package xcolor Info: Model `Hsb' substituted by `hsb' on input line 1368.
Package xcolor Info: Model `tHsb' substituted by `hsb' on input line 1369.
Package xcolor Info: Model `HSB' substituted by `hsb' on input line 1370.
Package xcolor Info: Model `Gray' substituted by `gray' on input line 1371.
Package xcolor Info: Model `wave' substituted by `hsb' on input line 1372.
) (c:/texlive/2024/texmf-dist/tex/latex/jknapltx/mathrsfs.sty
Package: mathrsfs 1996/01/01 Math RSFS package v1.0 (jk)
\symrsfs=\mathgroup9
) (c:/texlive/2024/texmf-dist/tex/latex/tikz-cd/tikz-cd.sty
Package: tikz-cd 2021/05/04 v1.0 Commutative diagrams with TikZ
 (c:/texlive/2024/texmf-dist/tex/latex/pgf/frontendlayer/tikz.sty (c:/texlive/2024/texmf-dist/tex/latex/pgf/basiclayer/pgf.sty (c:/texlive/2024/texmf-dist/tex/latex/pgf/utilities/pgfrcs.sty (c:/texlive/2024/texmf-dist/tex/generic/pgf/utilities/pgfutil-common.tex
\pgfutil@everybye=\toks38
\pgfutil@tempdima=\dimen195
\pgfutil@tempdimb=\dimen196
) (c:/texlive/2024/texmf-dist/tex/generic/pgf/utilities/pgfutil-latex.def
\pgfutil@abb=\box60
) (c:/texlive/2024/texmf-dist/tex/generic/pgf/utilities/pgfrcs.code.tex (c:/texlive/2024/texmf-dist/tex/generic/pgf/pgf.revision.tex)
Package: pgfrcs 2023-01-15 v3.1.10 (3.1.10)
))
Package: pgf 2023-01-15 v3.1.10 (3.1.10)
 (c:/texlive/2024/texmf-dist/tex/latex/pgf/basiclayer/pgfcore.sty (c:/texlive/2024/texmf-dist/tex/latex/graphics/graphicx.sty
Package: graphicx 2021/09/16 v1.2d Enhanced LaTeX Graphics (DPC,SPQR)
 (c:/texlive/2024/texmf-dist/tex/latex/graphics/graphics.sty
Package: graphics 2024/08/06 v1.4g Standard LaTeX Graphics (DPC,SPQR)
 (c:/texlive/2024/texmf-dist/tex/latex/graphics/trig.sty
Package: trig 2023/12/02 v1.11 sin cos tan (DPC)
) (c:/texlive/2024/texmf-dist/tex/latex/graphics-cfg/graphics.cfg
File: graphics.cfg 2016/06/04 v1.11 sample graphics configuration
)
Package graphics Info: Driver file: pdftex.def on input line 106.
)
\Gin@req@height=\dimen197
\Gin@req@width=\dimen198
) (c:/texlive/2024/texmf-dist/tex/latex/pgf/systemlayer/pgfsys.sty (c:/texlive/2024/texmf-dist/tex/generic/pgf/systemlayer/pgfsys.code.tex
Package: pgfsys 2023-01-15 v3.1.10 (3.1.10)
 (c:/texlive/2024/texmf-dist/tex/generic/pgf/utilities/pgfkeys.code.tex
\pgfkeys@pathtoks=\toks39
\pgfkeys@temptoks=\toks40
 (c:/texlive/2024/texmf-dist/tex/generic/pgf/utilities/pgfkeyslibraryfiltered.code.tex
\pgfkeys@tmptoks=\toks41
))
\pgf@x=\dimen199
\pgf@y=\dimen256
\pgf@xa=\dimen257
\pgf@ya=\dimen258
\pgf@xb=\dimen259
\pgf@yb=\dimen260
\pgf@xc=\dimen261
\pgf@yc=\dimen262
\pgf@xd=\dimen263
\pgf@yd=\dimen264
\w@pgf@writea=\write4
\r@pgf@reada=\read3
\c@pgf@counta=\count306
\c@pgf@countb=\count307
\c@pgf@countc=\count308
\c@pgf@countd=\count309
\t@pgf@toka=\toks42
\t@pgf@tokb=\toks43
\t@pgf@tokc=\toks44
\pgf@sys@id@count=\count310
 (c:/texlive/2024/texmf-dist/tex/generic/pgf/systemlayer/pgf.cfg
File: pgf.cfg 2023-01-15 v3.1.10 (3.1.10)
)
Driver file for pgf: pgfsys-pdftex.def
 (c:/texlive/2024/texmf-dist/tex/generic/pgf/systemlayer/pgfsys-pdftex.def
File: pgfsys-pdftex.def 2023-01-15 v3.1.10 (3.1.10)
 (c:/texlive/2024/texmf-dist/tex/generic/pgf/systemlayer/pgfsys-common-pdf.def
File: pgfsys-common-pdf.def 2023-01-15 v3.1.10 (3.1.10)
))) (c:/texlive/2024/texmf-dist/tex/generic/pgf/systemlayer/pgfsyssoftpath.code.tex
File: pgfsyssoftpath.code.tex 2023-01-15 v3.1.10 (3.1.10)
\pgfsyssoftpath@smallbuffer@items=\count311
\pgfsyssoftpath@bigbuffer@items=\count312
) (c:/texlive/2024/texmf-dist/tex/generic/pgf/systemlayer/pgfsysprotocol.code.tex
File: pgfsysprotocol.code.tex 2023-01-15 v3.1.10 (3.1.10)
)) (c:/texlive/2024/texmf-dist/tex/generic/pgf/basiclayer/pgfcore.code.tex
Package: pgfcore 2023-01-15 v3.1.10 (3.1.10)
 (c:/texlive/2024/texmf-dist/tex/generic/pgf/math/pgfmath.code.tex (c:/texlive/2024/texmf-dist/tex/generic/pgf/math/pgfmathutil.code.tex) (c:/texlive/2024/texmf-dist/tex/generic/pgf/math/pgfmathparser.code.tex
\pgfmath@dimen=\dimen265
\pgfmath@count=\count313
\pgfmath@box=\box61
\pgfmath@toks=\toks45
\pgfmath@stack@operand=\toks46
\pgfmath@stack@operation=\toks47
) (c:/texlive/2024/texmf-dist/tex/generic/pgf/math/pgfmathfunctions.code.tex) (c:/texlive/2024/texmf-dist/tex/generic/pgf/math/pgfmathfunctions.basic.code.tex) (c:/texlive/2024/texmf-dist/tex/generic/pgf/math/pgfmathfunctions.trigonometric.code.tex) (c:/texlive/2024/texmf-dist/tex/generic/pgf/math/pgfmathfunctions.random.code.tex) (c:/texlive/2024/texmf-dist/tex/generic/pgf/math/pgfmathfunctions.comparison.code.tex) (c:/texlive/2024/texmf-dist/tex/generic/pgf/math/pgfmathfunctions.base.code.tex) (c:/texlive/2024/texmf-dist/tex/generic/pgf/math/pgfmathfunctions.round.code.tex) (c:/texlive/2024/texmf-dist/tex/generic/pgf/math/pgfmathfunctions.misc.code.tex) (c:/texlive/2024/texmf-dist/tex/generic/pgf/math/pgfmathfunctions.integerarithmetics.code.tex) (c:/texlive/2024/texmf-dist/tex/generic/pgf/math/pgfmathcalc.code.tex) (c:/texlive/2024/texmf-dist/tex/generic/pgf/math/pgfmathfloat.code.tex
\c@pgfmathroundto@lastzeros=\count314
)) (c:/texlive/2024/texmf-dist/tex/generic/pgf/math/pgfint.code.tex) (c:/texlive/2024/texmf-dist/tex/generic/pgf/basiclayer/pgfcorepoints.code.tex
File: pgfcorepoints.code.tex 2023-01-15 v3.1.10 (3.1.10)
\pgf@picminx=\dimen266
\pgf@picmaxx=\dimen267
\pgf@picminy=\dimen268
\pgf@picmaxy=\dimen269
\pgf@pathminx=\dimen270
\pgf@pathmaxx=\dimen271
\pgf@pathminy=\dimen272
\pgf@pathmaxy=\dimen273
\pgf@xx=\dimen274
\pgf@xy=\dimen275
\pgf@yx=\dimen276
\pgf@yy=\dimen277
\pgf@zx=\dimen278
\pgf@zy=\dimen279
) (c:/texlive/2024/texmf-dist/tex/generic/pgf/basiclayer/pgfcorepathconstruct.code.tex
File: pgfcorepathconstruct.code.tex 2023-01-15 v3.1.10 (3.1.10)
\pgf@path@lastx=\dimen280
\pgf@path@lasty=\dimen281
) (c:/texlive/2024/texmf-dist/tex/generic/pgf/basiclayer/pgfcorepathusage.code.tex
File: pgfcorepathusage.code.tex 2023-01-15 v3.1.10 (3.1.10)
\pgf@shorten@end@additional=\dimen282
\pgf@shorten@start@additional=\dimen283
) (c:/texlive/2024/texmf-dist/tex/generic/pgf/basiclayer/pgfcorescopes.code.tex
File: pgfcorescopes.code.tex 2023-01-15 v3.1.10 (3.1.10)
\pgfpic=\box62
\pgf@hbox=\box63
\pgf@layerbox@main=\box64
\pgf@picture@serial@count=\count315
) (c:/texlive/2024/texmf-dist/tex/generic/pgf/basiclayer/pgfcoregraphicstate.code.tex
File: pgfcoregraphicstate.code.tex 2023-01-15 v3.1.10 (3.1.10)
\pgflinewidth=\dimen284
) (c:/texlive/2024/texmf-dist/tex/generic/pgf/basiclayer/pgfcoretransformations.code.tex
File: pgfcoretransformations.code.tex 2023-01-15 v3.1.10 (3.1.10)
\pgf@pt@x=\dimen285
\pgf@pt@y=\dimen286
\pgf@pt@temp=\dimen287
) (c:/texlive/2024/texmf-dist/tex/generic/pgf/basiclayer/pgfcorequick.code.tex
File: pgfcorequick.code.tex 2023-01-15 v3.1.10 (3.1.10)
) (c:/texlive/2024/texmf-dist/tex/generic/pgf/basiclayer/pgfcoreobjects.code.tex
File: pgfcoreobjects.code.tex 2023-01-15 v3.1.10 (3.1.10)
) (c:/texlive/2024/texmf-dist/tex/generic/pgf/basiclayer/pgfcorepathprocessing.code.tex
File: pgfcorepathprocessing.code.tex 2023-01-15 v3.1.10 (3.1.10)
) (c:/texlive/2024/texmf-dist/tex/generic/pgf/basiclayer/pgfcorearrows.code.tex
File: pgfcorearrows.code.tex 2023-01-15 v3.1.10 (3.1.10)
\pgfarrowsep=\dimen288
) (c:/texlive/2024/texmf-dist/tex/generic/pgf/basiclayer/pgfcoreshade.code.tex
File: pgfcoreshade.code.tex 2023-01-15 v3.1.10 (3.1.10)
\pgf@max=\dimen289
\pgf@sys@shading@range@num=\count316
\pgf@shadingcount=\count317
) (c:/texlive/2024/texmf-dist/tex/generic/pgf/basiclayer/pgfcoreimage.code.tex
File: pgfcoreimage.code.tex 2023-01-15 v3.1.10 (3.1.10)
) (c:/texlive/2024/texmf-dist/tex/generic/pgf/basiclayer/pgfcoreexternal.code.tex
File: pgfcoreexternal.code.tex 2023-01-15 v3.1.10 (3.1.10)
\pgfexternal@startupbox=\box65
) (c:/texlive/2024/texmf-dist/tex/generic/pgf/basiclayer/pgfcorelayers.code.tex
File: pgfcorelayers.code.tex 2023-01-15 v3.1.10 (3.1.10)
) (c:/texlive/2024/texmf-dist/tex/generic/pgf/basiclayer/pgfcoretransparency.code.tex
File: pgfcoretransparency.code.tex 2023-01-15 v3.1.10 (3.1.10)
) (c:/texlive/2024/texmf-dist/tex/generic/pgf/basiclayer/pgfcorepatterns.code.tex
File: pgfcorepatterns.code.tex 2023-01-15 v3.1.10 (3.1.10)
) (c:/texlive/2024/texmf-dist/tex/generic/pgf/basiclayer/pgfcorerdf.code.tex
File: pgfcorerdf.code.tex 2023-01-15 v3.1.10 (3.1.10)
))) (c:/texlive/2024/texmf-dist/tex/generic/pgf/modules/pgfmoduleshapes.code.tex
File: pgfmoduleshapes.code.tex 2023-01-15 v3.1.10 (3.1.10)
\pgfnodeparttextbox=\box66
) (c:/texlive/2024/texmf-dist/tex/generic/pgf/modules/pgfmoduleplot.code.tex
File: pgfmoduleplot.code.tex 2023-01-15 v3.1.10 (3.1.10)
) (c:/texlive/2024/texmf-dist/tex/latex/pgf/compatibility/pgfcomp-version-0-65.sty
Package: pgfcomp-version-0-65 2023-01-15 v3.1.10 (3.1.10)
\pgf@nodesepstart=\dimen290
\pgf@nodesepend=\dimen291
) (c:/texlive/2024/texmf-dist/tex/latex/pgf/compatibility/pgfcomp-version-1-18.sty
Package: pgfcomp-version-1-18 2023-01-15 v3.1.10 (3.1.10)
)) (c:/texlive/2024/texmf-dist/tex/latex/pgf/utilities/pgffor.sty (c:/texlive/2024/texmf-dist/tex/latex/pgf/utilities/pgfkeys.sty (c:/texlive/2024/texmf-dist/tex/generic/pgf/utilities/pgfkeys.code.tex)) (c:/texlive/2024/texmf-dist/tex/latex/pgf/math/pgfmath.sty (c:/texlive/2024/texmf-dist/tex/generic/pgf/math/pgfmath.code.tex)) (c:/texlive/2024/texmf-dist/tex/generic/pgf/utilities/pgffor.code.tex
Package: pgffor 2023-01-15 v3.1.10 (3.1.10)
\pgffor@iter=\dimen292
\pgffor@skip=\dimen293
\pgffor@stack=\toks48
\pgffor@toks=\toks49
)) (c:/texlive/2024/texmf-dist/tex/generic/pgf/frontendlayer/tikz/tikz.code.tex
Package: tikz 2023-01-15 v3.1.10 (3.1.10)
 (c:/texlive/2024/texmf-dist/tex/generic/pgf/libraries/pgflibraryplothandlers.code.tex
File: pgflibraryplothandlers.code.tex 2023-01-15 v3.1.10 (3.1.10)
\pgf@plot@mark@count=\count318
\pgfplotmarksize=\dimen294
)
\tikz@lastx=\dimen295
\tikz@lasty=\dimen296
\tikz@lastxsaved=\dimen297
\tikz@lastysaved=\dimen298
\tikz@lastmovetox=\dimen299
\tikz@lastmovetoy=\dimen300
\tikzleveldistance=\dimen301
\tikzsiblingdistance=\dimen302
\tikz@figbox=\box67
\tikz@figbox@bg=\box68
\tikz@tempbox=\box69
\tikz@tempbox@bg=\box70
\tikztreelevel=\count319
\tikznumberofchildren=\count320
\tikznumberofcurrentchild=\count321
\tikz@fig@count=\count322
 (c:/texlive/2024/texmf-dist/tex/generic/pgf/modules/pgfmodulematrix.code.tex
File: pgfmodulematrix.code.tex 2023-01-15 v3.1.10 (3.1.10)
\pgfmatrixcurrentrow=\count323
\pgfmatrixcurrentcolumn=\count324
\pgf@matrix@numberofcolumns=\count325
)
\tikz@expandcount=\count326
 (c:/texlive/2024/texmf-dist/tex/generic/pgf/frontendlayer/tikz/libraries/tikzlibrarytopaths.code.tex
File: tikzlibrarytopaths.code.tex 2023-01-15 v3.1.10 (3.1.10)
))) (c:/texlive/2024/texmf-dist/tex/generic/tikz-cd/tikzlibrarycd.code.tex (c:/texlive/2024/texmf-dist/tex/generic/pgf/frontendlayer/tikz/libraries/tikzlibrarymatrix.code.tex
File: tikzlibrarymatrix.code.tex 2023-01-15 v3.1.10 (3.1.10)
) (c:/texlive/2024/texmf-dist/tex/generic/pgf/frontendlayer/tikz/libraries/tikzlibraryquotes.code.tex
File: tikzlibraryquotes.code.tex 2023-01-15 v3.1.10 (3.1.10)
) (c:/texlive/2024/texmf-dist/tex/generic/pgf/libraries/pgflibraryarrows.meta.code.tex
File: pgflibraryarrows.meta.code.tex 2023-01-15 v3.1.10 (3.1.10)
\pgfarrowinset=\dimen303
\pgfarrowlength=\dimen304
\pgfarrowwidth=\dimen305
\pgfarrowlinewidth=\dimen306
))) (c:/texlive/2024/texmf-dist/tex/latex/mathtools/mathtools.sty
Package: mathtools 2024/10/04 v1.31 mathematical typesetting tools
 (c:/texlive/2024/texmf-dist/tex/latex/tools/calc.sty
Package: calc 2023/07/08 v4.3 Infix arithmetic (KKT,FJ)
\calc@Acount=\count327
\calc@Bcount=\count328
\calc@Adimen=\dimen307
\calc@Bdimen=\dimen308
\calc@Askip=\skip65
\calc@Bskip=\skip66
LaTeX Info: Redefining \setlength on input line 80.
LaTeX Info: Redefining \addtolength on input line 81.
\calc@Ccount=\count329
\calc@Cskip=\skip67
) (c:/texlive/2024/texmf-dist/tex/latex/mathtools/mhsetup.sty
Package: mhsetup 2021/03/18 v1.4 programming setup (MH)
)
\g_MT_multlinerow_int=\count330
\l_MT_multwidth_dim=\dimen309
\origjot=\skip68
\l_MT_shortvdotswithinadjustabove_dim=\dimen310
\l_MT_shortvdotswithinadjustbelow_dim=\dimen311
\l_MT_above_intertext_sep=\dimen312
\l_MT_below_intertext_sep=\dimen313
\l_MT_above_shortintertext_sep=\dimen314
\l_MT_below_shortintertext_sep=\dimen315
\xmathstrut@box=\box71
\xmathstrut@dim=\dimen316
) (c:/texlive/2024/texmf-dist/tex/latex/stmaryrd/stmaryrd.sty
Package: stmaryrd 1994/03/03 St Mary's Road symbol package
\symstmry=\mathgroup10
LaTeX Font Info:    Overwriting symbol font `stmry' in version `bold'
(Font)                  U/stmry/m/n --> U/stmry/b/n on input line 89.
) (c:/texlive/2024/texmf-dist/tex/latex/base/fontenc.sty
Package: fontenc 2021/04/29 v2.0v Standard LaTeX package
 (c:/texlive/2024/texmf-dist/tex/latex/cyrillic/ot2enc.def
File: ot2enc.def 2022/06/11 v3.3b Cyrillic encoding definition file
Now handling font encoding OT2 ...
... processing UTF-8 mapping file for font encoding OT2
 (c:/texlive/2024/texmf-dist/tex/latex/base/ot2enc.dfu
File: ot2enc.dfu 2022/06/07 v1.3c UTF-8 support
   defining Unicode char U+00AB (decimal 171)
   defining Unicode char U+00BB (decimal 187)
   defining Unicode char U+0131 (decimal 305)
   defining Unicode char U+0237 (decimal 567)
   defining Unicode char U+0400 (decimal 1024)
   defining Unicode char U+0401 (decimal 1025)
   defining Unicode char U+0402 (decimal 1026)
   defining Unicode char U+0403 (decimal 1027)
   defining Unicode char U+0404 (decimal 1028)
   defining Unicode char U+0405 (decimal 1029)
   defining Unicode char U+0406 (decimal 1030)
   defining Unicode char U+0408 (decimal 1032)
   defining Unicode char U+0409 (decimal 1033)
   defining Unicode char U+040A (decimal 1034)
   defining Unicode char U+040B (decimal 1035)
   defining Unicode char U+040C (decimal 1036)
   defining Unicode char U+040D (decimal 1037)
   defining Unicode char U+040F (decimal 1039)
   defining Unicode char U+0410 (decimal 1040)
   defining Unicode char U+0411 (decimal 1041)
   defining Unicode char U+0412 (decimal 1042)
   defining Unicode char U+0413 (decimal 1043)
   defining Unicode char U+0414 (decimal 1044)
   defining Unicode char U+0415 (decimal 1045)
   defining Unicode char U+0416 (decimal 1046)
   defining Unicode char U+0417 (decimal 1047)
   defining Unicode char U+0418 (decimal 1048)
   defining Unicode char U+0419 (decimal 1049)
   defining Unicode char U+041A (decimal 1050)
   defining Unicode char U+041B (decimal 1051)
   defining Unicode char U+041C (decimal 1052)
   defining Unicode char U+041D (decimal 1053)
   defining Unicode char U+041E (decimal 1054)
   defining Unicode char U+041F (decimal 1055)
   defining Unicode char U+0420 (decimal 1056)
   defining Unicode char U+0421 (decimal 1057)
   defining Unicode char U+0422 (decimal 1058)
   defining Unicode char U+0423 (decimal 1059)
   defining Unicode char U+0424 (decimal 1060)
   defining Unicode char U+0425 (decimal 1061)
   defining Unicode char U+0426 (decimal 1062)
   defining Unicode char U+0427 (decimal 1063)
   defining Unicode char U+0428 (decimal 1064)
   defining Unicode char U+0429 (decimal 1065)
   defining Unicode char U+042A (decimal 1066)
   defining Unicode char U+042B (decimal 1067)
   defining Unicode char U+042C (decimal 1068)
   defining Unicode char U+042D (decimal 1069)
   defining Unicode char U+042E (decimal 1070)
   defining Unicode char U+042F (decimal 1071)
   defining Unicode char U+0430 (decimal 1072)
   defining Unicode char U+0431 (decimal 1073)
   defining Unicode char U+0432 (decimal 1074)
   defining Unicode char U+0433 (decimal 1075)
   defining Unicode char U+0434 (decimal 1076)
   defining Unicode char U+0435 (decimal 1077)
   defining Unicode char U+0436 (decimal 1078)
   defining Unicode char U+0437 (decimal 1079)
   defining Unicode char U+0438 (decimal 1080)
   defining Unicode char U+0439 (decimal 1081)
   defining Unicode char U+043A (decimal 1082)
   defining Unicode char U+043B (decimal 1083)
   defining Unicode char U+043C (decimal 1084)
   defining Unicode char U+043D (decimal 1085)
   defining Unicode char U+043E (decimal 1086)
   defining Unicode char U+043F (decimal 1087)
   defining Unicode char U+0440 (decimal 1088)
   defining Unicode char U+0441 (decimal 1089)
   defining Unicode char U+0442 (decimal 1090)
   defining Unicode char U+0443 (decimal 1091)
   defining Unicode char U+0444 (decimal 1092)
   defining Unicode char U+0445 (decimal 1093)
   defining Unicode char U+0446 (decimal 1094)
   defining Unicode char U+0447 (decimal 1095)
   defining Unicode char U+0448 (decimal 1096)
   defining Unicode char U+0449 (decimal 1097)
   defining Unicode char U+044A (decimal 1098)
   defining Unicode char U+044B (decimal 1099)
   defining Unicode char U+044C (decimal 1100)
   defining Unicode char U+044D (decimal 1101)
   defining Unicode char U+044E (decimal 1102)
   defining Unicode char U+044F (decimal 1103)
   defining Unicode char U+0450 (decimal 1104)
   defining Unicode char U+0451 (decimal 1105)
   defining Unicode char U+0452 (decimal 1106)
   defining Unicode char U+0453 (decimal 1107)
   defining Unicode char U+0454 (decimal 1108)
   defining Unicode char U+0455 (decimal 1109)
   defining Unicode char U+0456 (decimal 1110)
   defining Unicode char U+0458 (decimal 1112)
   defining Unicode char U+0459 (decimal 1113)
   defining Unicode char U+045A (decimal 1114)
   defining Unicode char U+045B (decimal 1115)
   defining Unicode char U+045C (decimal 1116)
   defining Unicode char U+045D (decimal 1117)
   defining Unicode char U+045F (decimal 1119)
   defining Unicode char U+0462 (decimal 1122)
   defining Unicode char U+0463 (decimal 1123)
   defining Unicode char U+0472 (decimal 1138)
   defining Unicode char U+0473 (decimal 1139)
   defining Unicode char U+0474 (decimal 1140)
   defining Unicode char U+0475 (decimal 1141)
   defining Unicode char U+04C1 (decimal 1217)
   defining Unicode char U+04C2 (decimal 1218)
   defining Unicode char U+04D0 (decimal 1232)
   defining Unicode char U+04D1 (decimal 1233)
   defining Unicode char U+04D2 (decimal 1234)
   defining Unicode char U+04D3 (decimal 1235)
   defining Unicode char U+04D6 (decimal 1238)
   defining Unicode char U+04D7 (decimal 1239)
   defining Unicode char U+04DC (decimal 1244)
   defining Unicode char U+04DD (decimal 1245)
   defining Unicode char U+04DE (decimal 1246)
   defining Unicode char U+04DF (decimal 1247)
   defining Unicode char U+04E2 (decimal 1250)
   defining Unicode char U+04E3 (decimal 1251)
   defining Unicode char U+04E4 (decimal 1252)
   defining Unicode char U+04E5 (decimal 1253)
   defining Unicode char U+04E6 (decimal 1254)
   defining Unicode char U+04E7 (decimal 1255)
   defining Unicode char U+04EC (decimal 1260)
   defining Unicode char U+04ED (decimal 1261)
   defining Unicode char U+04EE (decimal 1262)
   defining Unicode char U+04EF (decimal 1263)
   defining Unicode char U+04F0 (decimal 1264)
   defining Unicode char U+04F1 (decimal 1265)
   defining Unicode char U+04F2 (decimal 1266)
   defining Unicode char U+04F3 (decimal 1267)
   defining Unicode char U+04F4 (decimal 1268)
   defining Unicode char U+04F5 (decimal 1269)
   defining Unicode char U+04F8 (decimal 1272)
   defining Unicode char U+04F9 (decimal 1273)
   defining Unicode char U+2013 (decimal 8211)
   defining Unicode char U+2014 (decimal 8212)
   defining Unicode char U+2018 (decimal 8216)
   defining Unicode char U+2019 (decimal 8217)
   defining Unicode char U+201C (decimal 8220)
   defining Unicode char U+201D (decimal 8221)
   defining Unicode char U+2116 (decimal 8470)
)))
\symcyrletters=\mathgroup11
 (c:/texlive/2024/texmf-dist/tex/latex/import/import.sty
Package: import 2020/04/01  v 6.2
) (c:/texlive/2024/texmf-dist/tex/latex/doublestroke/dsfont.sty
Package: dsfont 1995/08/01 v0.1 Double stroke roman fonts
)
\c@theorem=\count331
 (c:/texlive/2024/texmf-dist/tex/generic/soul/soul.sty
Package: soul 2023-06-14 v3.1 Permit use of UTF-8 characters in soul (HO)
 (c:/texlive/2024/texmf-dist/tex/generic/soul/soul-ori.sty
Package: soul-ori 2023-06-14 v3.1 letterspacing/underlining (mf)
\SOUL@word=\toks50
\SOUL@lasttoken=\toks51
\SOUL@syllable=\toks52
\SOUL@cmds=\toks53
\SOUL@buffer=\toks54
\SOUL@token=\toks55
\SOUL@syllgoal=\dimen317
\SOUL@syllwidth=\dimen318
\SOUL@charkern=\dimen319
\SOUL@hyphkern=\dimen320
\SOUL@dimen=\dimen321
\SOUL@dimeni=\dimen322
\SOUL@minus=\count332
\SOUL@comma=\count333
\SOUL@apo=\count334
\SOUL@grave=\count335
\SOUL@spaceskip=\skip69
\SOUL@ttwidth=\dimen323
\SOUL@uldp=\dimen324
\SOUL@ulht=\dimen325
) (c:/texlive/2024/texmf-dist/tex/generic/etexcmds/etexcmds.sty
Package: etexcmds 2019/12/15 v1.7 Avoid name clashes with e-TeX commands (HO)
))) (c:/texlive/2024/texmf-dist/tex/latex/glossaries/base/glossaries.sty
Package: glossaries 2024/11/01 v4.55 (NLCT)
 (c:/texlive/2024/texmf-dist/tex/latex/xkeyval/xkeyval.sty
Package: xkeyval 2022/06/16 v2.9 package option processing (HA)
 (c:/texlive/2024/texmf-dist/tex/generic/xkeyval/xkeyval.tex (c:/texlive/2024/texmf-dist/tex/generic/xkeyval/xkvutils.tex
\XKV@toks=\toks56
\XKV@tempa@toks=\toks57
)
\XKV@depth=\count336
File: xkeyval.tex 2014/12/03 v2.7a key=value parser (HA)
)) (c:/texlive/2024/texmf-dist/tex/latex/mfirstuc/mfirstuc.sty
Package: mfirstuc 2022/10/14 v2.08 (NLCT)
\@glsmfirst=\toks58
\@glsmrest=\toks59
) (c:/texlive/2024/texmf-dist/tex/latex/xfor/xfor.sty
Package: xfor 2009/02/05 v1.05 (NLCT)
) (c:/texlive/2024/texmf-dist/tex/latex/datatool/datatool-base.sty
Package: datatool-base 2019/09/27 v2.32 (NLCT)
 (c:/texlive/2024/texmf-dist/tex/latex/substr/substr.sty
Package: substr 2009/10/20 v1.2 Handle substrings
\c@su@anzahl=\count337
) (c:/texlive/2024/texmf-dist/tex/latex/datatool/datatool-fp.sty
Package: datatool-fp 2019/09/27 v2.32 (NLCT)
 (c:/texlive/2024/texmf-dist/tex/latex/fp/fp.sty
Package: fp 1995/04/02
 `Fixed Point Package', Version 0.8, April 2, 1995 (C) Michael Mehlich (c:/texlive/2024/texmf-dist/tex/latex/fp/defpattern.sty
Package: defpattern 1994/10/12
\actioncount=\count338
) (c:/texlive/2024/texmf-dist/tex/latex/fp/fp-basic.sty
Package: fp-basic 1996/05/13
\FP@xs=\count339
\FP@xia=\count340
\FP@xib=\count341
\FP@xfa=\count342
\FP@xfb=\count343
\FP@rega=\count344
\FP@regb=\count345
\FP@regs=\count346
\FP@times=\count347
) (c:/texlive/2024/texmf-dist/tex/latex/fp/fp-addons.sty
Package: fp-addons 1995/03/15
) (c:/texlive/2024/texmf-dist/tex/latex/fp/fp-snap.sty
Package: fp-snap 1995/04/05
) (c:/texlive/2024/texmf-dist/tex/latex/fp/fp-exp.sty
Package: fp-exp 1995/04/03
) (c:/texlive/2024/texmf-dist/tex/latex/fp/fp-trigo.sty
Package: fp-trigo 1995/04/14
) (c:/texlive/2024/texmf-dist/tex/latex/fp/fp-pas.sty
Package: fp-pas 1994/08/29
) (c:/texlive/2024/texmf-dist/tex/latex/fp/fp-random.sty
Package: fp-random 1995/02/23
\FPseed=\count348
) (c:/texlive/2024/texmf-dist/tex/latex/fp/fp-eqn.sty
Package: fp-eqn 1995/04/03
) (c:/texlive/2024/texmf-dist/tex/latex/fp/fp-upn.sty
Package: fp-upn 1996/10/21
)
(c:/texlive/2024/texmf-dist/tex/latex/fp/fp-eval.sty
Package: fp-eval 1995/04/03
)))
\@dtl@toks=\toks60
\@dtl@tmpcount=\count349
\dtl@tmplength=\skip70
\dtl@sortresult=\count350
\@dtl@numgrpsepcount=\count351
\@dtl@datatype=\count352
\dtl@codeA=\count353
\dtl@codeB=\count354
\@dtl@foreach@level=\count355
)
\gls@level=\count356
\@gls@tmpb=\toks61
\gls@tmplen=\skip71
\glskeylisttok=\toks62
\glslabeltok=\toks63
\glsshorttok=\toks64
\glslongtok=\toks65
 (c:/texlive/2024/texmf-dist/tex/latex/glossaries/styles/glossary-hypernav.sty
Package: glossary-hypernav 2024/11/01 v4.55 (NLCT)
) (c:/texlive/2024/texmf-dist/tex/latex/glossaries/styles/glossary-list.sty
Package: glossary-list 2024/11/01 v4.55 (NLCT)
\glslistdottedwidth=\skip72
) (c:/texlive/2024/texmf-dist/tex/latex/glossaries/styles/glossary-long.sty
Package: glossary-long 2024/11/01 v4.55 (NLCT)
 (c:/texlive/2024/texmf-dist/tex/latex/tools/longtable.sty
Package: longtable 2024-10-27 v4.22 Multi-page Table package (DPC)
\LTleft=\skip73
\LTright=\skip74
\LTpre=\skip75
\LTpost=\skip76
\LTchunksize=\count357
\LTcapwidth=\dimen326
\LT@head=\box72
\LT@firsthead=\box73
\LT@foot=\box74
\LT@lastfoot=\box75
\LT@gbox=\box76
\LT@cols=\count358
\LT@rows=\count359
\c@LT@tables=\count360
\c@LT@chunks=\count361
\LT@p@ftn=\toks66
)
\glsdescwidth=\skip77
\glspagelistwidth=\skip78
) (c:/texlive/2024/texmf-dist/tex/latex/glossaries/styles/glossary-super.sty
Package: glossary-super 2024/11/01 v4.55 (NLCT)
 (c:/texlive/2024/texmf-dist/tex/latex/supertabular/supertabular.sty
Package: supertabular 2024/07/20 v4.2c the supertabular environment
\c@tracingst=\count362
\ST@wd=\dimen327
\ST@rightskip=\skip79
\ST@leftskip=\skip80
\ST@parfillskip=\skip81
\ST@pageleft=\dimen328
\ST@headht=\dimen329
\ST@tailht=\dimen330
\ST@pagesofar=\dimen331
\ST@pboxht=\dimen332
\ST@rowht=\dimen333
\ST@prevht=\dimen334
\ST@toadd=\dimen335
\ST@dimen=\dimen336
\ST@pbox=\box77
)) (c:/texlive/2024/texmf-dist/tex/latex/glossaries/styles/glossary-tree.sty
Package: glossary-tree 2024/11/01 v4.55 (NLCT)
\glstreeindent=\skip82
))
\glswrite=\write5
\glo@main@file=\write6
\openout6 = `uwo_math_9144b_winter_2026.glo'.

Package glossaries Info: Writing glossary file uwo_math_9144b_winter_2026.glo on input line 10.
 (c:/texlive/2024/texmf-dist/tex/latex/l3backend/l3backend-pdftex.def
File: l3backend-pdftex.def 2024-05-08 L3 backend support: PDF output (pdfTeX)
\l__color_backend_stack_int=\count363
\l__pdf_internal_box=\box78
) (./uwo_math_9144b_winter_2026.aux

LaTeX Warning: Label `definition:module_over_a_sheaf_of_rings_on_a_site' multiply defined.


LaTeX Warning: Label `definition:module_over_a_sheaf_of_rings_on_a_site@cref' multiply defined.


LaTeX Warning: Label `definition:affine_scheme' multiply defined.


LaTeX Warning: Label `definition:affine_scheme@cref' multiply defined.


LaTeX Warning: Label `definition:homotopy_of_maps_of_topological_spaces_relative_to_a_subset' multiply defined.


LaTeX Warning: Label `definition:homotopy_of_maps_of_topological_spaces_relative_to_a_subset@cref' multiply defined.


LaTeX Warning: Label `definition:separation_axioms_of_topology' multiply defined.


LaTeX Warning: Label `definition:separation_axioms_of_topology@cref' multiply defined.

)
\openout1 = `uwo_math_9144b_winter_2026.aux'.

LaTeX Font Info:    Checking defaults for OML/cmm/m/it on input line 13.
LaTeX Font Info:    ... okay on input line 13.
LaTeX Font Info:    Checking defaults for OMS/cmsy/m/n on input line 13.
LaTeX Font Info:    ... okay on input line 13.
LaTeX Font Info:    Checking defaults for OT1/cmr/m/n on input line 13.
LaTeX Font Info:    ... okay on input line 13.
LaTeX Font Info:    Checking defaults for T1/cmr/m/n on input line 13.
LaTeX Font Info:    ... okay on input line 13.
LaTeX Font Info:    Checking defaults for TS1/cmr/m/n on input line 13.
LaTeX Font Info:    ... okay on input line 13.
LaTeX Font Info:    Checking defaults for OMX/cmex/m/n on input line 13.
LaTeX Font Info:    ... okay on input line 13.
LaTeX Font Info:    Checking defaults for U/cmr/m/n on input line 13.
LaTeX Font Info:    ... okay on input line 13.
LaTeX Font Info:    Checking defaults for PD1/pdf/m/n on input line 13.
LaTeX Font Info:    ... okay on input line 13.
LaTeX Font Info:    Checking defaults for PU/pdf/m/n on input line 13.
LaTeX Font Info:    ... okay on input line 13.
LaTeX Font Info:    Checking defaults for OT2/cmr/m/n on input line 13.
LaTeX Font Info:    Trying to load font information for OT2+cmr on input line 13.
 (c:/texlive/2024/texmf-dist/tex/latex/cyrillic/ot2cmr.fd
File: ot2cmr.fd 2001/08/11 v3.2c Computer Modern Cyrillic font definitions
)
LaTeX Font Info:    ... okay on input line 13.
LaTeX Font Info:    Trying to load font information for U+msa on input line 13.
 (c:/texlive/2024/texmf-dist/tex/latex/amsfonts/umsa.fd
File: umsa.fd 2013/01/14 v3.01 AMS symbols A
)
LaTeX Font Info:    Trying to load font information for U+msb on input line 13.
 (c:/texlive/2024/texmf-dist/tex/latex/amsfonts/umsb.fd
File: umsb.fd 2013/01/14 v3.01 AMS symbols B
)
LaTeX Font Info:    Trying to load font information for U+rsfs on input line 13.
 (c:/texlive/2024/texmf-dist/tex/latex/jknapltx/ursfs.fd
File: ursfs.fd 1998/03/24 rsfs font definition file (jk)
)
LaTeX Font Info:    Trying to load font information for U+stmry on input line 13.
 (c:/texlive/2024/texmf-dist/tex/latex/stmaryrd/Ustmry.fd)
LaTeX Font Info:    Trying to load font information for OT2+wncyr on input line 13.
 (c:/texlive/2024/texmf-dist/tex/latex/cyrillic/ot2wncyr.fd
File: ot2wncyr.fd 1999/12/17 v3.2a Computer Modern Cyrillic font definitions
)
Package hyperref Info: Link coloring OFF on input line 13.
 (./uwo_math_9144b_winter_2026.out) (./uwo_math_9144b_winter_2026.out)
\@outlinefile=\write7
\openout7 = `uwo_math_9144b_winter_2026.out'.

Package xypdf Info: Line width: 0.47998pt on input line 13.
 (c:/texlive/2024/texmf-dist/tex/context/base/mkii/supp-pdf.mkii
[Loading MPS to PDF converter (version 2006.09.02).]
\scratchcounter=\count364
\scratchdimen=\dimen337
\scratchbox=\box79
\nofMPsegments=\count365
\nofMParguments=\count366
\everyMPshowfont=\toks67
\MPscratchCnt=\count367
\MPscratchDim=\dimen338
\MPnumerator=\count368
\makeMPintoPDFobject=\count369
\everyMPtoPDFconversion=\toks68
) (c:/texlive/2024/texmf-dist/tex/latex/epstopdf-pkg/epstopdf-base.sty
Package: epstopdf-base 2020-01-24 v2.11 Base part for package epstopdf
Package epstopdf-base Info: Redefining graphics rule for `.eps' on input line 485.
 (c:/texlive/2024/texmf-dist/tex/latex/latexconfig/epstopdf-sys.cfg
File: epstopdf-sys.cfg 2010/07/13 v1.3 Configuration of (r)epstopdf for TeX Live
)) (./uwo_math_9144b_winter_2026.glsdefs) (./uwo_math_9144b_winter_2026.toc

[1
\openout5 = `uwo_math_9144b_winter_2026.ist'.

{c:/texlive/2024/texmf-var/fonts/map/pdftex/updmap/pdftex.map}{c:/texlive/2024/texmf-dist/fonts/enc/dvips/cm-super/cm-super-t1.enc}]
Underfull \vbox (badness 10000) has occurred while \output is active []



[2]
Underfull \vbox (badness 10000) has occurred while \output is active []



[3])
\tf@toc=\write8
\openout8 = `uwo_math_9144b_winter_2026.toc'.

 (./content.tex

[4] (../_definitions/definition_category.tex
\@gls@deffile=\write9
\openout9 = `uwo_math_9144b_winter_2026.glsdefs'.



[5]) (../_definitions/definition_locally_small_category.tex

LaTeX Warning: Citation `SGA4_I' on page 6 undefined on input line 15.

)

[6] (../_definitions/definition_category_of_sets.tex
Underfull \vbox (badness 1874) has occurred while \output is active []



[7]) (../_definitions/definition_category_of_groups_of_abelian_groups.tex

LaTeX Warning: Hyper reference `abelian_category' on page 8 undefined on input line 6.

) (../_definitions/definition_category_of_topological_spaces.tex) (../_definitions/definition_pointed_topological_space.tex
Overfull \hbox (7.87827pt too wide) in paragraph at lines 2--4
[]\T1/cmr/bx/n/12 Definition 1.1.10 \T1/cmr/m/n/12 (Pointed topo-log-i-cal space)\T1/cmr/bx/n/12 . []\T1/cmr/m/n/12 Let $\OML/cmm/m/it/12 X$ \T1/cmr/m/n/12 be a []topo-log-i-cal space[] (Def-i-ni-tion []C.0.5[])
 []

) (../_definitions/definition_category_of_vector_spaces_over_a_field.tex

[8]) (../_definitions/definition_category_of_rings.tex) (../_definitions/definition_isomorphism_in_a_category.tex
Overfull \hbox (3.71011pt too wide) in paragraph at lines 3--5
[]\T1/cmr/bx/n/12 Definition 1.1.13 \T1/cmr/m/n/12 (Iso-mor-phism in a cat-e-gory)\T1/cmr/bx/n/12 . []\T1/cmr/m/n/12 Let $\OMS/cmsy/m/n/12 C$ \T1/cmr/m/n/12 be a [](large) cat-e-gory[] (Def-i-ni-tion []1.1.1[]),
 []

) (../_definitions/definition_opposite_category_of_a_category.tex) (../_definitions/definition_functor_between_categories.tex

[9])
Overfull \hbox (31.03932pt too wide) detected at line 92
[]
 []



[10] (../_definitions/definition_identity_functor_on_a_category.tex) (../_definitions/definition_forgetful_functor_between_categories.tex) (../_definitions/definition_natural_transformation_between_functors_between_categories.tex

[11]
Overfull \hbox (7.19531pt too wide) in paragraph at lines 19--20
[]\T1/cmr/m/n/12 We write such a nat-u-ral trans-for-ma-tion by [][]. We might also write [][]
 []

)

[12] (../_definitions/definition_equivalence_of_categories.tex
Overfull \hbox (9.96777pt too wide) in paragraph at lines 2--3
[]\T1/cmr/bx/n/12 Definition 1.3.4. []\T1/cmr/m/n/12 An []\T1/cmr/m/it/12 equiv[]-[]a[]-[]lence[] [][][]of[] [][][]cat[]-[]e[]-[]gories \T1/cmr/m/n/12 be-tween two [](large) cat-e-gories[] (Def-i-ni-tion []1.1.1[])
 []

) (../_definitions/definition_full_and_faithful_functor_between_locally_small_categories.tex
Overfull \hbox (8.90968pt too wide) in paragraph at lines 6--7
[]$\OML/cmm/m/it/12 F$ \T1/cmr/m/n/12 is called []\T1/cmr/m/it/12 full \T1/cmr/m/n/12 if for ev-ery pair of ob-jects $\OML/cmm/m/it/12 x; y \OMS/cmsy/m/n/12 2 []\OT1/cmr/m/n/12 (\OMS/cmsy/m/n/12 C\OT1/cmr/m/n/12 )$\T1/cmr/m/n/12 , the in-duced rule/assignment/class
 []

) (../_definitions/definition_subcategory_of_a_category.tex

[13]) (../_definitions/definition_full_subcategory_of_a_category.tex) (../_definitions/definition_essential_image_of_a_functor_between_categories.tex) (../_definitions/definition_essentially_surjective_functor_between_categories.tex)

[14] (../_concepts/lemma_functor_between_locally_small_categories_is_equivalence_if_and_only_if_fully_faithful_and_essentially_surjective.tex) (../_definitions/definition_representable_functor_on_a_locally_small_category.tex) (../_concepts/theorem_yoneda_lemma_on_a_locally_small_category.tex

[15]) (../_concepts/corollary_yoneda_embedding_on_a_locally_small_category.tex) (../_concepts/theorem_contravariant_yoneda_lemma_on_a_locally_small_category.tex) (../_concepts/corollary_contravariant_yoneda_embedding_on_a_locally_small_category.tex

[16])
Overfull \hbox (2.47668pt too wide) in paragraph at lines 234--235
 \T1/cmr/m/n/12 1.4.\T1/cmr/bx/n/12 The cat-e-gory of cat-e-gories.[][] \T1/cmr/m/n/12 In-tu-itively, one might think of a []func-tor[] (Def-i-ni-tion []1.2.2[])
 []

(../_definitions/definition_category_of_small_categories.tex
Overfull \hbox (1.92151pt too wide) in paragraph at lines 5--6
[]\T1/cmr/m/n/12 The mor-phisms be-tween two small cat-e-gories $\OMS/cmsy/m/n/12 C$ \T1/cmr/m/n/12 and $\OMS/cmsy/m/n/12 D$ \T1/cmr/m/n/12 are the []func-tors[] (Def-i-ni-tion []1.2.2[])
 []

)

[17] (../_definitions/definition_product_category_of_a_family_of_categories.tex) (../_definitions/definition_module_of_a_ring.tex

[18]) (../_definitions/definition_homomorphism_of_modules_over_a_ring.tex

[19]) (../_definitions/definition_category_of_modules_and_bimodules_over_rings.tex) (../_definitions/definition_submodule_of_a_module_over_a_ring.tex) (../_definitions/definition_quotient_module_of_a_module_by_a_module_of_a_ring.tex

[20]
Overfull \hbox (1.89088pt too wide) in paragraph at lines 13--15
\T1/cmr/m/n/12 is a sur-jec-tive []$\OML/cmm/m/it/12 R$\T1/cmr/m/n/12 -module ho-mo-mor-phism[] (Def-i-ni-tion []2.1.2[]) with []ker-nel[] (Def-i-ni-tion []2.1.7[])
 []

) (../_definitions/definition_submodule_of_a_module_generated_by_elements.tex) (../_definitions/definition_kernel_image_cokernel_of_a_module_homomorphism_over_a_ring.tex

[21]) (../_definitions/definition_hom_of_left_right_bi_modules_of_rings.tex
Overfull \hbox (68.09166pt too wide) detected at line 5
[]
 []


Overfull \hbox (75.92307pt too wide) detected at line 9
[]
 []



[22]) (../_definitions/definition_tensor_product_of_bimodules_of_rings.tex

[23]) (../_definitions/definition_tensor_product_of_a_ring_and_an_algebra_over_a_ring.tex) (../_concepts/proposition_universal_property_of_the_tensor_product_of_bimodules.tex

[24]) (../_definitions/definition_dual_of_a_left_right_two_sided_module.tex) (../_definitions/definition_extension_of_scalars_base_change_induction_for_modules_along_ring_homomorphisms.tex

[25]) (../_definitions/definition_restriction_of_scalars_of_a_left_or_right_module_along_a_ring_homomorphism_from_the_base_ring.tex

[26]
Overfull \hbox (5.78598pt too wide) in paragraph at lines 21--23
[]\T1/cmr/m/n/12 The []\T1/cmr/m/it/12 re[]-[]stric[]-[]tion[] [][][]of[] [][][]scalars[] [][][]func[]-[]tor[] [][][]for[] [][][]mod[]-[]ules \T1/cmr/m/n/12 is the co-vari-ant []func-tor[] (Def-i-ni-tion []1.2.2[])
 []

) (../_definitions/definition_coextension_coinduction_of_scalars_of_modules_along_a_ring_homomorphism.tex

[27]) (../_concepts/theorem_extension_restriction_and_restriction_coextension_adjunction_for_modules_over_rings.tex

[28]) (../_definitions/definition_product_and_coproduct_of_objects_in_a_category.tex

[29]) (../_definitions/definition_product_of_sets.tex

[30]) (../_definitions/definition_product_of_groups.tex) (../_definitions/definition_product_of_modules_of_rings.tex

[31]) (../_definitions/definition_coproduct_of_modules_of_rings.tex) (../_definitions/definition_diagram_in_a_category_indexed_by_a_small_category.tex

[32]) (../_concepts/lemma_category_of_presheaves_on_a_small_category_of_locally_small_value_is_locally_small.tex) (../_definitions/definition_limit_and_colimit_of_a_diagram_in_a_category.tex

[33]

[34]) (../_definitions/definition_small_and_finite_limits_and_colimits_in_a_category.tex) (../_definitions/definition_complete_and_cocomplete_category.tex) (../_definitions/definition_filtered_cofiltered_category.tex

[35]

LaTeX Warning: `h' float specifier changed to `ht'.

) (../_definitions/definition_projective_and_inductive_limits_in_categories.tex

[36]) (../_definitions/definition_equalizer_and_coequalizer_of_morphisms_in_a_category.tex
Overfull \hbox (17.84666pt too wide) in paragraph at lines 344--1
[]\T1/cmr/m/n/12 One note-wor-thy fact is that if a cat-e-gory has all [](co)products[] (Def-i-ni-tion []2.2.1[]) and [](co)equalizers[]
 []



[37]) (../_concepts/theorem_limits_colimits_are_equalizers_coequaulizers_of_products_coproducts.tex

[38]) (../_concepts/theorem_limits_commute_with_limits_and_colimits_commute_with_colimits.tex
Overfull \hbox (72.06058pt too wide) in paragraph at lines 15--17
\T1/cmr/m/n/12 each $\OML/cmm/m/it/12 i \OMS/cmsy/m/n/12 2 \OML/cmm/m/it/12 I$ \T1/cmr/m/n/12 the par-tial col-imit $[][]\OML/cmm/m/it/12 F\OT1/cmr/m/n/12 (\OML/cmm/m/it/12 i; j\OT1/cmr/m/n/12 )$ \T1/cmr/m/n/12 ex-ists, then the it-er-ated col-imit $[][]\OT1/cmr/m/n/12 ([][]\OML/cmm/m/it/12 F\OT1/cmr/m/n/12 (\OML/cmm/m/it/12 i; j\OT1/cmr/m/n/12 ))$
 []



[39]) (../_definitions/definition_initial_final_zero_objects_of_a_category.tex) (../_definitions/definition_pointed_category.tex) (../_definitions/definition_zero_morphism_in_a_pointed_category.tex) (../_definitions/definition_additive_category_preadditive_category.tex

[40]) (../_concepts/lemma_finite_products_and_finite_coproducts_coincide_in_preadditive_categories.tex) (../_definitions/definition_kernel_and_cokernel_of_a_morphism_in_a_pointed_category.tex) (../_concepts/lemma_kernel_cokernel_of_morphisms_in_a_pointed_category_are_equalizers_coequalizers.tex

[41]) (../_definitions/definition_monomorphism_and_epimorphism_in_categories.tex) (../_concepts/lemma_kernels_cokernels_in_pointed_categories_are_monomorphisms_epimorphisms.tex) (../_definitions/definition_image_coimage_of_a_morphism_in_a_category.tex

[42]) (../_concepts/lemma_kernel_cokernel_image_coimage_of_modules_over_rings_are_categorical.tex
Overfull \hbox (8.98071pt too wide) in paragraph at lines 2--4
[]\T1/cmr/bx/n/12 Lemma 2.3.11. []\T1/cmr/m/n/12 Let $\OML/cmm/m/it/12 R; S$ \T1/cmr/m/n/12 be [](not-necessarily com-mu-ta-tive) rings with unity[] (Def-i-ni-tion []C.0.7[]),
 []

) (../_definitions/definition_abelian_category.tex) (../_concepts/lemma_kernels_and_cokernels_are_tantamount_to_equalizers_and_coequalizers_in_abelian_categories.tex

[43]) (../_concepts/lemma_abelian_categories_admits_finite_limits_colimits.tex) (../_concepts/proposition_diagram_category_of_a_preadditive_additive_abelian_category_indexed_by_a_small_category_is_preadditive_additive_abelian.tex) (../_concepts/proposition_commutativity_of_limits_and_colimits_in_abelian_categories.tex
Overfull \hbox (4.23961pt too wide) in paragraph at lines 18--20
\T1/cmr/m/n/12 co-prod-uct of mor-phisms is the co-prod-uct of the []cok-er-nels[] (Lemma []2.3.7[]): $[]\OT1/cmr/m/n/12 ([] \OML/cmm/m/it/12 f[]\OT1/cmr/m/n/12 ) []
 []



[44]) (../_concepts/lemma_monomorphism_epimorphism_in_abelian_category_is_equivalent_to_map_with_zero_kernel_cokernel.tex) (../_definitions/definition_additive_functor_between_additive_categories.tex
Overfull \hbox (8.35907pt too wide) in paragraph at lines 2--3
[]\T1/cmr/bx/n/12 Definition 2.4.1 \T1/cmr/m/n/12 (Ad-di-tive func-tor)\T1/cmr/bx/n/12 . []\T1/cmr/m/n/12 Let $\OMS/cmsy/m/n/12 A$ \T1/cmr/m/n/12 and $\OMS/cmsy/m/n/12 B$ \T1/cmr/m/n/12 be []pre-additive cat-e-gories[] (Def-i-ni-tion []2.3.4[]).
 []

) (../_definitions/definition_n_ary_additive_functor_between_additive_categories.tex

[45]) (../_definitions/definition_left_right_exact_sequences_in_an_additive_category.tex) (../_definitions/definition_short_exact_sequence_in_an_additive_category.tex) (../_concepts/lemma_additive_functor_between_abelian_categories_is_exact_if_and_only_if_it_preserves_kernels_and_cokernels.tex) (../_definitions/definition_exact_sequence_of_morphisms_in_an_abelian_category.tex

[46]) (../_concepts/lemma_criteria_for_sequence_in_abelian_category_to_be_left_right_exact.tex) (../_definitions/definition_split_exact_sequence_in_an_additive_category.tex) (../_concepts/theorem_equivalent_conditions_for_a_short_exact_sequence_in_an_additive_category_to_be_split.tex

[47]) (../_concepts/proposition_additive_functors_between_additive_categories_preserve_split_exact_sequences.tex) (../_definitions/definition_left_right_exact_functor_between_categories.tex) (../_definitions/definition_exact_functor_between_abelian_categories.tex

[48]) (../_concepts/proposition_Hom_functors_on_abelian_categories_are_left_exact.tex

[49]) (../_concepts/lemma_equivalent_conditions_for_an_additive_functor_between_abelian_categories_to_be_left_right_exact.tex

[50]) (../_concepts/theorem_freyd_mitchell_embedding_theorem_for_small_abelian_categories.tex)
Overfull \hbox (9.81544pt too wide) in paragraph at lines 429--430
[]\T1/cmr/m/n/12 The Snake lemma is an ap-pli-ca-tion to the []Freyd-Mitchell em-bed-ding the-o-rem[] (The-o-rem []2.4.15[]).
 []

(../_definitions/definition_reflects_a_type_of_morphism_for_a_functor_between_categories.tex) (../_concepts/proposition_full_and_faithful_additive_functor_between_abelian_categories_reflects_exactness.tex

[51]) (../_concepts/lemma_an_additive_functors_between_additive_categories_is_faithful_exact_if_it_only_sends_the_zero_morphism_to_a_zero_morphism.tex) (../_concepts/proposition_exact_functor_between_abelian_categories_is_faithful_if_and_only_if_reflects_short_exact_sequences.tex

[52]) (../_concepts/lemma_snake_lemma.tex
Overfull \hbox (3.41762pt too wide) in paragraph at lines 23--24
[]\T1/cmr/m/n/12 We ver-ify the ex-act-ness of the se-quence at $[]\OT1/cmr/m/n/12 (\OML/cmm/m/it/12 a\OT1/cmr/m/n/12 )$\T1/cmr/m/n/12 , specif-i-cally the se-quence $[]\OT1/cmr/m/n/12 (\OML/cmm/m/it/12 c\OT1/cmr/m/n/12 ) []
 []



[53]) (../_concepts/lemma_five_lemma.tex

[54]) (../_definitions/definition_adjoint_functors_between_categories_unit_counit_of_adjoint_functors.tex

[55]) (../_concepts/theorem_tensor_hom_adjunction_for_bimodules_of_rings.tex) (../_concepts/theorem_limit_and_colimit_are_left_right_adjoint_to_diagonal_functor_for_locally_small_base_and_small_index.tex

[56]) (../_concepts/proposition_left_right_adjoint_of_add_cats_is_add_and_right_left_exact_if_between_ab_cats.tex

[57]

[58]) (../_concepts/proposition_tensor_product_of_modules_is_right_exact_hom_of_modules_is_left_exact.tex) (../_concepts/corollary_colimits_limits_in_abelian_categories_are_right_left_exact.tex

[59]) (../_definitions/definition_grothendiecks_axioms_for_abelian_categories.tex

[60]) (../_definitions/definition_generator_of_a_category.tex) (../_concepts/theorem_examples_of_grothendieck_categories.tex

[61]

LaTeX Warning: Citation `SGA4_I' on page 62 undefined on input line 12.

) (../_concepts/lemma_construction_of_direct_limit_in_a_category_of_sets_with_finitary_operations.tex) (../_concepts/theorem_the_category_of_R_S_bimodules_is_a_grothendieck_abelian_category_and_AB4_star.tex

[62]

LaTeX Warning: Reference `construction_of_direct_limit_in_a_category_of_sets_with_finitary_operations' on page 1 undefined on input line 19.

) (../_definitions/definition_chain_complex_in_an_additive_category.tex

[63]) (../_definitions/definition_acyclic_complex_of_objects_in_an_abelian_category.tex

[64]) (../_concepts/proposition_exact_sequence_in_a_diagram_category_of_an_abelian_category_indexed_by_a_small_category_is_given_by_componentwise_exact_sequences.tex) (../_definitions/definition_translation_of_chain_cochain_complex_in_preadditive_category.tex

[65]) (../_definitions/definition_quiver.tex) (../_definitions/definition_path_category_generated_by_a_quiver.tex) (../_definitions/definition_preadditive_category_generated_by_a_quiver.tex) (../_definitions/definition_walking_chain_complex_category.tex) (../_definitions/definition_additive_functor_category_between_preadditive_categories.tex

[66]) (../_concepts/proposition_cat_of_chain_complexes_in_a_preadd_cat_is_eq_to_the_cat_of_add_functors_from_the_walking_chain_complex_category.tex) (../_concepts/lemma_additive_functor_category_from_small_preadditive_categories_preserves.tex) (../_concepts/proposition_category_of_chain_complexes_in_an_additive_category_is_additive.tex) (../_definitions/definition_boundary_cycle_coboundary_cocyble_of_a_chain_cochain_complex.tex

[67]) (../_definitions/definition_homology_and_cohomology_objects_for_a_chain_complex_in_an_additive_category.tex)

[68] (../_concepts/proposition_homology_and_cohomology_of_complexes_in_an_abelian_category_are_functorial.tex) (../_definitions/definition_quasi_isomorphism_of_chain_complexes_of_objects_in_an_abelian_category.tex

[69]) (../_concepts/theorem_long_exact_sequence_in_homology_cohomology_of_a_short_exact_sequence_of_chain_complexes_in_an_abelian_category.tex
Overfull \hbox (2.85255pt too wide) in paragraph at lines 5--7
\OT1/cmr/m/n/12 (\OML/cmm/m/it/12 E[]; d[]\OT1/cmr/m/n/12 )$ \T1/cmr/m/n/12 be []chain com-plexes[] (Def-i-ni-tion []3.0.1[]) in an []abelian cat-e-gory[] (Def-i-ni-tion []2.3.12[]).
 []



[70]) (../_definitions/definition_geometric_simplex_of_independent_points_in_a_real_vector_space.tex

[71]) (../_definitions/definition_singular_simplex_of_a_topological_space.tex) (../_definitions/definition_singular_chain_group_of_a_topological_space_with_ceofficients_in_an_abelian_group.tex

[72]) (../_definitions/definition_singular_n_cycles_boundaries_of_a_topological_space_with_coefficients_in_an_abelian_group.tex) (../_definitions/definition_singular_chain_complex_of_a_topological_space_with_coefficients_in_an_abelian_group.tex

[73]) (../_definitions/definition_singular_homology_and_relative_singular_homology_of_topological_space_with_coefficients_in_an_abelian_group.tex

[74]) (../_concepts/proposition_functoriality_of_singular_chain_complex_of_topological_spaces_with_coefficients_in_abelian_groups.tex) (../_definitions/definition_singular_cochain_group_of_a_topological_space_with_coefficients_in_an_abelian_group.tex

[75]) (../_definitions/definition_singular_cochain_complex_of_a_topological_space_with_coefficients_in_an_abelian_group.tex) (../_definitions/definition_singular_n_cocycles_coboundaries_of_a_topological_space_with_coefficients_in_an_abelian_group.tex) (../_definitions/definition_singular_cohomology_and_relative_singular_cohomology_of_topological_space_with_coefficients_in_an_abelian_group.tex) (../_concepts/proposition_functoriality_of_singular_cohomology_of_topological_spaces_with_coefficients_in_abelian_groups.tex

[76]) (../_concepts/theorem_universal_coefficient_theorem_for_singular_homology_of_topological_spaces_with_coefficients_in_abelian_groups.tex) (../_concepts/theorem_universal_coefficient_theorem_for_singular_cohomology_of_topological_spaces_with_coefficients_in_abelian_groups.tex

[77]) (../_concepts/theorem_relative_kunneth_theorem_for_singular_homology_of_topological_spaces_with_coefficients_in_abelian_groups.tex
Overfull \hbox (116.47643pt too wide) detected at line 4
\OT1/cmr/m/n/12 0 \OMS/cmsy/m/n/12 ! [] \OML/cmm/m/it/12 H[]\OT1/cmr/m/n/12 (\OML/cmm/m/it/12 X; A\OT1/cmr/m/n/12 ; \OML/cmm/m/it/12 R\OT1/cmr/m/n/12 ) \OMS/cmsy/m/n/12 
[] \OML/cmm/m/it/12 H[]\OT1/cmr/m/n/12 (\OML/cmm/m/it/12 Y; B\OT1/cmr/m/n/12 ; \OML/cmm/m/it/12 R\OT1/cmr/m/n/12 ) [] \OML/cmm/m/it/12 H[]\OT1/cmr/m/n/12 (\OML/cmm/m/it/12 X \OMS/cmsy/m/n/12 ^^B \OML/cmm/m/it/12 Y; A \OMS/cmsy/m/n/12 ^^B \OML/cmm/m/it/12 Y \OMS/cmsy/m/n/12 [ \OML/cmm/m/it/12 X \OMS/cmsy/m/n/12 ^^B \OML/cmm/m/it/12 B\OT1/cmr/m/n/12 ; \OML/cmm/m/it/12 R\OT1/cmr/m/n/12 ) \OMS/cmsy/m/n/12 ! [] [][]\OT1/cmr/m/n/12 (\OML/cmm/m/it/12 H[]\OT1/cmr/m/n/12 (\OML/cmm/m/it/12 X; A\OT1/cmr/m/n/12 ; \OML/cmm/m/it/12 R\OT1/cmr/m/n/12 )\OML/cmm/m/it/12 ; H[]\OT1/cmr/m/n/12 (\OML/cmm/m/it/12 Y; B\OT1/cmr/m/n/12 ; \OML/cmm/m/it/12 R\OT1/cmr/m/n/12 )) \OMS/cmsy/m/n/12 ! \OT1/cmr/m/n/12 0
 []

) (../_concepts/theorem_relative_kunneth_theorem_for_singular_cohomology_of_topological_spaces_with_coefficients_in_abelian_groups.tex
Overfull \hbox (121.1119pt too wide) detected at line 5
\OT1/cmr/m/n/12 0 \OMS/cmsy/m/n/12 ! [] \OML/cmm/m/it/12 H[]\OT1/cmr/m/n/12 (\OML/cmm/m/it/12 X; A\OT1/cmr/m/n/12 ; \OML/cmm/m/it/12 R\OT1/cmr/m/n/12 ) \OMS/cmsy/m/n/12 
[] \OML/cmm/m/it/12 H[]\OT1/cmr/m/n/12 (\OML/cmm/m/it/12 Y; B\OT1/cmr/m/n/12 ; \OML/cmm/m/it/12 R\OT1/cmr/m/n/12 ) [] \OML/cmm/m/it/12 H[]\OT1/cmr/m/n/12 (\OML/cmm/m/it/12 X \OMS/cmsy/m/n/12 ^^B \OML/cmm/m/it/12 Y; A \OMS/cmsy/m/n/12 ^^B \OML/cmm/m/it/12 Y \OMS/cmsy/m/n/12 [ \OML/cmm/m/it/12 X \OMS/cmsy/m/n/12 ^^B \OML/cmm/m/it/12 B\OT1/cmr/m/n/12 ; \OML/cmm/m/it/12 R\OT1/cmr/m/n/12 ) \OMS/cmsy/m/n/12 ! [] [][]\OT1/cmr/m/n/12 (\OML/cmm/m/it/12 H[]\OT1/cmr/m/n/12 (\OML/cmm/m/it/12 X; A\OT1/cmr/m/n/12 ; \OML/cmm/m/it/12 R\OT1/cmr/m/n/12 )\OML/cmm/m/it/12 ; H[]\OT1/cmr/m/n/12 (\OML/cmm/m/it/12 Y; B\OT1/cmr/m/n/12 ; \OML/cmm/m/it/12 R\OT1/cmr/m/n/12 )) \OMS/cmsy/m/n/12 ! \OT1/cmr/m/n/12 0
 []

)

[78] (../_definitions/definition_cellular_complex.tex

[79]) (../_definitions/definition_CW_complex.tex) (../_concepts/proposition_nice_classes_of_spaces_that_are_CW_complexes.tex) (../_definitions/definition_CW_pair.tex) (../_definitions/definition_relative_absolute_group_of_cellular_n_chains_of_a_CW_pair_complex.tex
Overfull \hbox (60.11171pt too wide) in paragraph at lines 6--7
[]\T1/cmr/m/n/12 In par-tic-u-lar, the []\T1/cmr/m/it/12 ab[]-[]so[]-[]lute[] [][][]group[] [][][]of[] [][][]cel[]-[]lu[]-[]lar[] [][][][][]-[]chains[] [][][]of[] [][][]the[] [][][]CW[] [][][]com[]-[]plex[] [][][][] \T1/cmr/m/n/12 is [][]. 
 []

) (../_concepts/lemma_relative_cellular_chain_group_of_CW_pair_with_coefficients_in_an_abelian_group_is_isomorphic_to_a_singular_homology_group.tex

[80]) (../_definitions/definition_relative_absolute_cellular_chain_complex_of_CW_pair_complex.tex) (../_definitions/definition_relative_absolute_cellular_homology_groups_of_CW_pair_complex.tex) (../_concepts/theorem_isomorphism_theorem_between_cellular_homology_and_singular_homology_of_CW_pair_with_coefficients_in_an_abelian_group.tex) (../_concepts/proposition_relative_cellular_homology_of_CW_pair_with_coefficients_in_an_abelian_group_can_be_computed_by_degree_of_attaching_maps.tex)

[81] (../_definitions/definition_homotopy_of_maps_of_topological_spaces_relative_to_a_subset.tex

[82]) (../_definitions/definition_homotopy_equivalence_between_topological_spaces.tex

[83]) (../_concepts/theorem_homotopy_between_maps_of_topological_spaces_induces_chain_homotopy_between_singular_chain_complexes.tex

[84]) (../_concepts/corollary_homotopy_maps_between_maps_of_topological_spaces_induce_same_singular_homology.tex) (../_concepts/theorem_homotopy_equivalent_pairs_of_topological_spaces_have_homotopy_equivalent_chain_complexes.tex) (../_definitions/definition_chain_homotopy_between_chain_maps_between_complexes.tex) (../_concepts/lemma_chain_homotopy_between_chain_maps_between_complexes_is_equivalence_relation.tex

[85]) (../_concepts/lemma_chain_homotopic_chain_complexes_in_additive_categories_are_preserved_by_additive_functors.tex) (../_concepts/lemma_null_homotopic_morphism_of_chain_complexes_in_an_abelian_category_yields_zero_homology_maps.tex) (../_concepts/lemma_chain_homotopic_morphism_of_chain_complexes_in_an_abelian_category_yield_same_homology_maps.tex) (../_definitions/definition_split_complex_in_an_additive_category.tex) (../_definitions/definition_mapping_cylinder_of_a_map_of_topological_spaces_and_pairs.tex

[86]) (../_definitions/definition_mapping_cone_of_a_map_of_topological_spaces_and_pairs.tex) (../_concepts/proposition_homotopy_properties_of_mapping_cylinder_for_pairs.tex) (../_concepts/theorem_long_exact_sequence_for_mapping_cone_of_pairs_for_singular_homology.tex

[87]) (../_concepts/proposition_homotopy_properties_of_mapping_cylinder.tex) (../_concepts/proposition_relative_mapping_cone_and_homology.tex) (../_definitions/definition_mapping_cylinder_of_a_map_of_chain_cochain_complexes.tex

[88]) (../_concepts/proposition_properties_of_mapping_cylinder_of_a_map_of_chain_complexes_in_an_additive_category.tex) (../_definitions/definition_mapping_cone_of_a_map_of_chain_cochain_complexes_in_an_additive_category.tex

[89]) (../_concepts/lemma_relation_between_mapping_cone_and_mapping_cylinder_of_chain_complexes.tex) (../_concepts/lemma_mapping_cone_of_a_map_of_chain_cochain_complexes_in_an_additive_category_fits_into_a_split_exact_sequence.tex

[90]

[91]) (../_concepts/lemma_long_exact_sequence_of_mapping_cone_of_chain_map_in_an_abelian_category.tex
Overfull \hbox (39.14142pt too wide) detected at line 26
[][][][][] \OMS/cmsy/m/n/12 ! \OML/cmm/m/it/12 H[]\OT1/cmr/m/n/12 (\OML/cmm/m/it/12 D[]\OT1/cmr/m/n/12 ) [] \OML/cmm/m/it/12 H[][][]\OT1/cmr/m/n/12 (\OML/cmm/m/it/12 f\OT1/cmr/m/n/12 )[][] [] \OML/cmm/m/it/12 H[]\OT1/cmr/m/n/12 (\OML/cmm/m/it/12 C[]\OT1/cmr/m/n/12 ) [] \OML/cmm/m/it/12 H[]\OT1/cmr/m/n/12 (\OML/cmm/m/it/12 D[]\OT1/cmr/m/n/12 ) [] \OML/cmm/m/it/12 H[][][]\OT1/cmr/m/n/12 (\OML/cmm/m/it/12 f\OT1/cmr/m/n/12 )[][] \OMS/cmsy/m/n/12 ! []
 []


Overfull \hbox (19.1274pt too wide) detected at line 50
[][][][][] \OMS/cmsy/m/n/12 ! \OML/cmm/m/it/12 H[]\OT1/cmr/m/n/12 (\OML/cmm/m/it/12 C[]\OT1/cmr/m/n/12 ) [] \OML/cmm/m/it/12 H[]\OT1/cmr/m/n/12 (\OML/cmm/m/it/12 D[]\OT1/cmr/m/n/12 ) [] \OML/cmm/m/it/12 H[][][]\OT1/cmr/m/n/12 (\OML/cmm/m/it/12 g\OT1/cmr/m/n/12 )[][] [] \OML/cmm/m/it/12 H[]\OT1/cmr/m/n/12 (\OML/cmm/m/it/12 C[]\OT1/cmr/m/n/12 [1]) [] \OML/cmm/m/it/12 H[]\OT1/cmr/m/n/12 (\OML/cmm/m/it/12 D[]\OT1/cmr/m/n/12 ) \OMS/cmsy/m/n/12 ! []
 []

) (../_concepts/corollary_morphism_of_chain_cochain_complexes_in_an_abelian_category_is_quasi_isomorphism_if_and_only_if_mapping_cone_is_acyclic.tex

[92])

Package hyperref Warning: Suppressing empty link on input line 828.

(../_concepts/theorem_precise_correspondence_between_topological_cylinder_of_pairs_of_spaces_and_algebraic_cylinders_of_singular_chain_complexes.tex

LaTeX Warning: Hyper reference `definition:mapping_cylinder_of_a_map_of_pairs_of_topological_spaces' on page 93 undefined on input line 5.

) (../_concepts/theorem_precise_correspondence_between_topological_cones_of_pairs_of_spaces_and_algebraic_cones_of_singular_chain_complexes.tex
Overfull \hbox (17.07228pt too wide) in paragraph at lines 8--11
[]\T1/cmr/bx/n/12 The Ori-gin of the Ma-trix Dif-fer-en-tial: \T1/cmr/m/n/12 The ma-trix dif-fer-en-tial $\OML/cmm/m/it/12 d[] \OT1/cmr/m/n/12 = []$
 []

)

[93]

Package hyperref Warning: Token not allowed in a PDF string (Unicode):
(hyperref)                removing `math shift' on input line 843.


Package hyperref Warning: Token not allowed in a PDF string (Unicode):
(hyperref)                removing `\delta' on input line 843.


Package hyperref Warning: Token not allowed in a PDF string (Unicode):
(hyperref)                removing `math shift' on input line 843.

(../_definitions/definition_homological_cohomological_delta_functor_between_abelian_categories.tex

[94]) (../_definitions/definition_universal_homological_cohomological_delta_functor_between_abelian_cateogries.tex) (../_definitions/definition_has_enough_objects_of_a_class_on_the_left_right_for_an_abelian_category.tex) (../_definitions/definition_injective_and_projective_objects_in_a_category.tex) (../_concepts/lemma_monomorphisms_epimorphisin_abelian_categories_are_preserved_by_pullbacks.tex

[95]) (../_concepts/proposition_equivalent_conditions_projective_injective_objects_in_abelian_categories.tex

[96]) (../_definitions/definition_has_enough_injectives_or_projectives_for_an_abelian_category.tex) (../_concepts/theorem_examples_of_abelian_categories_with_enough_injectives_or_projectives.tex

[97]) (../_concepts/proposition_category_of_finitely_generated_abelian_groups_does_not_have_enough_injectives.tex) (../_concepts/theorem_baers_criterion_for_injectivity_of_module_over_a_ring.tex) (../_definitions/definition_projective_bimodule_over_rings.tex

LaTeX Warning: Reference `theorem:category_of_R_S_bimodules_is_equivalent_to_the_category_of_left_R_otimes_Z_S_op_modules' on page 1 undefined on input line 19.

) (../_definitions/definition_injective_bimodule_over_rings.tex

[98]) (../_concepts/proposition_equivalent_conditions_for_bimodules_over_rings.tex) (../_definitions/definition_free_bimodule_over_rings.tex

[99]) (../_definitions/definition_direct_summand_of_an_object_of_an_additive_category.tex) (../_concepts/proposition_module_over_ring_is_projective_if_and_only_if_direct_summand_of_a_free_module.tex) (../_concepts/proposition_projective_module_over_local_ring_or_pid_are_free.tex) (../_definitions/definition_flat_left_right_module_over_a_ring.tex

[100]) (../_concepts/proposition_projective_modules_are_flat.tex) (../_definitions/definition_perfect_ring.tex) (../_definitions/definition_jacobson_radical_of_a_ring.tex) (../_definitions/definition_left_right_T_nilpotent_subset_of_a_ring.tex

[101]) (../_definitions/definition_projective_cover_of_a_module_over_a_ring.tex) (../_concepts/theorem_equivalent_conditions_for_a_ring_to_be_left_right_perfect.tex) (../_concepts/corollary_left_right_artinian_rings_are_left_right_perfect.tex
Overfull \hbox (6.92392pt too wide) in paragraph at lines 2--3
[]\T1/cmr/bx/n/12 Corollary 4.2.24. []\T1/cmr/m/n/12 Ev-ery left Ar-tinian []ring[] (Def-i-ni-tion []C.0.7[]) is []left per-fect[] (Def-i-ni-tion []4.2.18[]).
 []

) (../_definitions/definition_zero_divisor_of_a_ring.tex) (../_definitions/definition_zero_divisor_on_a_module_over_a_ring.tex

[102]) (../_definitions/definition_torsion_free_one_sided_module_over_a_ring.tex) (../_concepts/proposition_torsion_free_modules_over_dedekind_rings_are_flat.tex) (../_definitions/definition_left_right_resolution_of_an_object_by_a_class_of_objects_in_an_abelian_category.tex

[103]) (../_concepts/lemma_projective_injective_objects_in_an_abelian_category_always_have_a_projective_injctive_resolution.tex
Overfull \hbox (7.76828pt too wide) in paragraph at lines 6--7
[]\T1/cmr/m/n/12 A []in-jec-tive ob-ject[] (Def-i-ni-tion []4.2.2[]) $\OMS/cmsy/m/n/12 I$ \T1/cmr/m/n/12 al-ways has a []in-jec-tive res-o-lu-tion[] (Def-i-ni-tion []4.2.29[])
 []

) (../_concepts/lemma_an_object_of_abelian_category_with_enough_objects_of_a_class_on_the_right_left_has_right_left_resolution_by_the_class.tex

[104]) (../_concepts/lemma_abelian_categories_are_finitely_complete_and_finitely_cocomplete.tex) (../_concepts/proposition_abelian_category_with_enough_objets_of_a_class_on_the_right_left_has_resolutions_of_complexes.tex

[105]

[106]) (../_concepts/lemma_projective_injective_complex_with_map_to_from_object_with_left_right_resolution_lifts_uniquely_up_to_chain_homotopy.tex

[107]
LaTeX Font Info:    Trying to load font information for U+euf on input line 24.
 (c:/texlive/2024/texmf-dist/tex/latex/amsfonts/ueuf.fd
File: ueuf.fd 2013/01/14 v3.01 Euler Fraktur
)

[108]) (../_definitions/definition_left_right_derived_functors_of_a_right_left_exact_functor_between_abelian_categories_where_source_has_enough_projectives_injectives.tex

[109]) (../_concepts/lemma_horseshoe_lemma_of_projective_injective_resolutions_in_abelian_categories.tex

[110]) (../_concepts/proposition_left_right_derived_objects_for_a_right_left_exact_functor_between_abelian_categories_are_well_defined.tex

[111]) (../_concepts/theorem_long_exact_sequence_of_left_right_derived_functors_and_homological_delta_functors.tex

[112]
Overfull \hbox (17.93404pt too wide) detected at line 50
\OML/cmm/m/it/12 L[]F\OT1/cmr/m/n/12 (\OML/cmm/m/it/12 f[]\OT1/cmr/m/n/12 ) : \OML/cmm/m/it/12 L[]F\OT1/cmr/m/n/12 (\OML/cmm/m/it/12 A[]\OT1/cmr/m/n/12 ) \OMS/cmsy/m/n/12 ! \OML/cmm/m/it/12 L[]F\OT1/cmr/m/n/12 (\OML/cmm/m/it/12 B[]\OT1/cmr/m/n/12 )\OML/cmm/m/it/12 ;  L[]F\OT1/cmr/m/n/12 (\OML/cmm/m/it/12 f\OT1/cmr/m/n/12 ) : \OML/cmm/m/it/12 L[]F\OT1/cmr/m/n/12 (\OML/cmm/m/it/12 A\OT1/cmr/m/n/12 ) \OMS/cmsy/m/n/12 ! \OML/cmm/m/it/12 L[]F\OT1/cmr/m/n/12 (\OML/cmm/m/it/12 B\OT1/cmr/m/n/12 )\OML/cmm/m/it/12 ;  L[]F\OT1/cmr/m/n/12 (\OML/cmm/m/it/12 f[]\OT1/cmr/m/n/12 ) : \OML/cmm/m/it/12 L[]F\OT1/cmr/m/n/12 (\OML/cmm/m/it/12 A[]\OT1/cmr/m/n/12 ) \OMS/cmsy/m/n/12 ! \OML/cmm/m/it/12 L[]F\OT1/cmr/m/n/12 (\OML/cmm/m/it/12 B[]\OT1/cmr/m/n/12 )
 []



[113])

Package hyperref Warning: Token not allowed in a PDF string (Unicode):
(hyperref)                removing `math shift' on input line 973.


Package hyperref Warning: Token not allowed in a PDF string (Unicode):
(hyperref)                removing `math shift' on input line 973.

(../_definitions/definition_F_acyclic_object_for_a_left_or_right_functor_between_abelian_categories.tex

[114]) (../_definitions/definition_F_acyclic_resolution_for_a_right_left_exact_functor_between_abelian_categories.tex) (../_concepts/lemma_any_projective_injective_object_of_an_abelian_category_is_acyclic_for_a_right_left_exact_functor.tex

[115]) (../_concepts/lemma_dimension_shifting_lemma_for_acyclic_syzygies.tex

[116]
Overfull \hbox (10.16444pt too wide) in paragraph at lines 59--61
\T1/cmr/m/n/12 so $\OML/cmm/m/it/12 L[]F\OT1/cmr/m/n/12 (\OML/cmm/m/it/12 M[]\OT1/cmr/m/n/12 ) [] [](\OML/cmm/m/it/12 F\OT1/cmr/m/n/12 (\OML/cmm/m/it/12 M[]\OT1/cmr/m/n/12 ) \OMS/cmsy/m/n/12 ! \OML/cmm/m/it/12 F\OT1/cmr/m/n/12 (\OML/cmm/m/it/12 C[]\OT1/cmr/m/n/12 ))$\T1/cmr/m/n/12 . We found that $\OML/cmm/m/it/12 L[]F\OT1/cmr/m/n/12 (\OML/cmm/m/it/12 M[]\OT1/cmr/m/n/12 ) [] \OML/cmm/m/it/12 L[]F\OT1/cmr/m/n/12 (\OML/cmm/m/it/12 A\OT1/cmr/m/n/12 )$\T1/cmr/m/n/12 ,
 []

) (../_concepts/proposition_left_right_derived_objects_for_a_right_left_exact_functor_between_abelian_categories_may_be_computed_with_acyclic_resolutions.tex) (../_definitions/definition_tor_functors_of_bimodules_of_rings.tex

[117]) (../_definitions/definition_ext_functors_of_bimodules_of_rings.tex
Overfull \hbox (4.98135pt too wide) in paragraph at lines 11--12
[]\T1/cmr/m/n/12 Note that the com-pu-ta-tion of $\OML/cmm/m/it/12 R[] [][]\OT1/cmr/m/n/12 (\OML/cmm/m/it/12 M; \OMS/cmsy/m/n/12 ^^@\OT1/cmr/m/n/12 )(\OML/cmm/m/it/12 N\OT1/cmr/m/n/12 )$ \T1/cmr/m/n/12 uses []in-jec-tive res-o-lu-tions[] (Def-i-ni-tion []4.2.29[])
 []

)
Underfull \vbox (badness 3323) has occurred while \output is active []



[118] (../_definitions/definition_double_complex_of_objects_in_an_additive_category.tex

[119]
Overfull \hbox (26.63377pt too wide) in paragraph at lines 44--45
[]\T1/cmr/m/n/12 An al-ter-na-tive (equiv-a-lent) con-ven-tion de-fines a ho-mo-log-i-cal dou-ble com-plex $\OT1/cmr/m/n/12 (\OML/cmm/m/it/12 A[]; d[]; d[]\OT1/cmr/m/n/12 )$
 []

) (../_definitions/definition_morphism_of_double_complex_of_objects_in_an_additive_category.tex
Overfull \hbox (51.84163pt too wide) in paragraph at lines 17--18
[][][][][][][]
 []


Underfull \hbox (badness 10000) in paragraph at lines 17--18

 []



[120]
Overfull \hbox (51.84163pt too wide) in paragraph at lines 32--33
[][][][][][][]
 []


Underfull \hbox (badness 10000) in paragraph at lines 32--33

 []

) (../_definitions/definition_bounded_double_complex_of_objects_in_an_additive_category.tex) (../_definitions/definition_total_complexes_of_a_double_complex_of_objects_in_an_additive_category.tex
Overfull \hbox (7.83142pt too wide) in paragraph at lines 9--10
[][][][][][][]
 []


Underfull \hbox (badness 10000) in paragraph at lines 9--10

 []



[121]) (../_definitions/definition_double_complex_associated_to_biadditive_functor_and_chain_complexes.tex

[122]) (../_concepts/lemma_total_complexes_of_double_complex_with_bounded_diagonals_are_canonically_isomorphic.tex) (../_concepts/lemma_acyclic_assembly_lemma_for_bounded_double_complexes_with_exact_rows_or_columns.tex

[123]) (../_definitions/definition_flat_object_in_an_abelian_category_with_respect_to_a_right_exact_monoidal_product_functor.tex) (../_definitions/definition_has_enough_flat_objects_for_an_abelian_category_with_respect_to_a_right_exact_bifunctor.tex

[124]) (../_definitions/definition_flat_resolution_of_an_object_in_an_abelian_category_with_respect_to_a_right_exact_monoidal_product_functor.tex) (../_definitions/definition_generalized_derived_functors_for_biadditive_functors_of_abelian_categories_via_resolutions_by_flat_objects.tex

[125]) (../_concepts/lemma_applying_biadd_func_to_res_is_defined_up_to_quasi_iso_and_agrees_with_the_tot_complex_of_the_double_complex_of_the_biadd_func_on_the_two_res.tex

[126]
Overfull \hbox (19.82pt too wide) in paragraph at lines 22--23
[]\T1/cmr/m/n/12 Let $\OML/cmm/m/it/12 C$ \T1/cmr/m/n/12 be the dou-ble com-plex of ob-jects in $\OMS/cmsy/m/n/12 C$ \T1/cmr/m/n/12 ob-tained from $\OML/cmm/m/it/12 F\OT1/cmr/m/n/12 (\OML/cmm/m/it/12 P[]; P[]\OT1/cmr/m/n/12 )$ \T1/cmr/m/n/12 by adding $\OML/cmm/m/it/12 F\OT1/cmr/m/n/12 (\OML/cmm/m/it/12 A; P[]\OT1/cmr/m/n/12 [\OMS/cmsy/m/n/12 ^^@\OT1/cmr/m/n/12 1])$
 []

) (../_concepts/theorem_balancing_generalized_derived_functors_of_a_biadditive_functor_of_abelian_categories_computed_via_flat_resolutions.tex

[127]
Overfull \hbox (16.9217pt too wide) in paragraph at lines 25--27
\T1/cmr/m/n/12 is a nat-u-ral iso-mor-phism. By sym-me-try, there is a nat-u-ral iso-mor-phism $\OML/cmm/m/it/12 H[]\OT1/cmr/m/n/12 ([](\OML/cmm/m/it/12 F\OT1/cmr/m/n/12 (\OML/cmm/m/it/12 P[]P[]\OT1/cmr/m/n/12 ))) []
 []

) (../_definitions/definition_tor_functors_of_a_right_exact_monoidal_functor_on_an_abelian_category.tex

[128]) (../_definitions/definition_ext_functor_on_a_general_abelian_category.tex

[129]) (../_concepts/theorem_balancing_of_tor_on_abelian_categories_with_right_exact_bifunctor.tex) (../_concepts/theorem_ext_objects_for_general_abelian_categories_are_well_defined_even_if_some_combination_of_projectives_or_injectives_exist.tex

[130]
Overfull \hbox (3.58546pt too wide) in paragraph at lines 8--9
[]\T1/cmr/m/n/12 Dually, the ob-jects $[][]\OT1/cmr/m/n/12 (\OML/cmm/m/it/12 A[]; A[]\OT1/cmr/m/n/12 )$ \T1/cmr/m/n/12 com-puted via []pro-jec-tive res-o-lu-tions[] (Def-i-ni-tion []4.2.29[])
 []

) (../_concepts/corollary_ext_objects_of_modules_over_rings_are_well_defined.tex) (../_concepts/lemma_flat_objects_are_acyclic_for_tensoring_by_any_object_if_enough_projectives_or_flats_exist.tex

[131]) (../_concepts/lemma_flat_resolution_lemma_of_tor_objects_of_abelian_categories_with_a_right_exact_bifunctor_assuming_that_category_has_enough_projectives_or_flats.tex

[132]) (../_concepts/corollary_right_exact_bifunctor_on_abelian_categories_with_enough_projectives_and_flats_yield_unambiguous_tors.tex) (../_concepts/corollary_tor_objects_of_modules_over_rings_are_well_defined.tex) (../_concepts/proposition_tor_for_abelian_groups.tex

[133]) (../_concepts/proposition_tor_of_Q_mod_Z_is_torsion_subgroup_of_other_abelian_group.tex) (../_concepts/proposition_higher_tor_for_abelian_groups_of_torsion_free_abelian_group_vanish.tex) (../_concepts/theorem_localization_of_a_ring_by_a_central_multiplicative_subset_is_a_flat_module.tex) (../_concepts/proposition_module_over_a_ring_is_flat_if_and_only_if_higher_tors_vanish.tex) (../_definitions/definition_extension_of_objects_in_an_additive_category.tex

[134]) (../_concepts/lemma_if_first_ext_functor_in_an_abelian_category_is_zero_then_extensions_are_split.tex) (../_definitions/definition_characteristic_class_of_an_extension_of_objects_in_an_abelian_category.tex) (../_concepts/theorem_ext_one_corresponds_to_equivalence_classes_of_extensions.tex

[135]) (../_definitions/definition_hereditary_ring.tex) (../_concepts/lemma_pids_are_hereditary.tex) (../_concepts/lemma_commutative_dedekind_domains_are_hereditary.tex) (../_concepts/theorem_homological_kunneth_formula_for_complexes_of_modules_over_rings.tex) (../_concepts/theorem_cohomological_kunneth_formula_for_complexes_of_modules_over_rings.tex

[136]) (../_concepts/theorem_universal_coefficient_theorem_for_homology_for_modules_over_a_ring.tex) (../_concepts/theorem_universal_coefficient_theorem_for_cohomology_for_modules_over_a_ring.tex) (../_definitions/definition_left_right_dimension_of_an_object_in_an_abelian_category_with_respect_to_resolutions_in_a_class_of_objects.tex

[137]) (../_definitions/definition_cohomological_homological_dimension_of_a_left_right_exact_functor_between_abelian_categories.tex) (../_definitions/definition_left_right_projective_injective_flat_dimension_of_a_module_over_a_ring.tex

[138]) (../_definitions/definition_left_right_global_dimension_of_a_ring.tex) (../_definitions/definition_tor_dimension_of_a_ring.tex) (../_concepts/theorem_global_dimension_theorem_for_rings.tex) (../_concepts/theorem_tor_dimension_theorem_for_rings.tex) (../_definitions/definition_presheaf_on_a_category.tex

[139]

[140]) (../_definitions/definition_category_of_opens_of_a_topological_space.tex) (../_definitions/definition_continuous_functor_between_sites_of_opens_on_topological_spaces_induced_by_continuous_map.tex) (../_definitions/definition_presheaf_on_a_topological_space.tex

[141]) (../_definitions/definition_sections_of_a_presheaf_on_a_category_valued_in_a_category.tex) (../_definitions/definition_sheaf_on_a_topological_space_valued_in_a_category_with_a_terminal_object.tex

[142]
Overfull \hbox (1.18437pt too wide) in paragraph at lines 23--25
\T1/cmr/m/n/12 Here, the mor-phism $\OMS/cmsy/m/n/12 F\OT1/cmr/m/n/12 (\OML/cmm/m/it/12 U\OT1/cmr/m/n/12 ) \OMS/cmsy/m/n/12 ! [][] F\OT1/cmr/m/n/12 (\OML/cmm/m/it/12 U[]\OT1/cmr/m/n/12 )$ \T1/cmr/m/n/12 and the two mor-phisms $[][] \OMS/cmsy/m/n/12 F\OT1/cmr/m/n/12 (\OML/cmm/m/it/12 U[]\OT1/cmr/m/n/12 ) \U/msa/m/n/12 ^^S [][] \OMS/cmsy/m/n/12 F\OT1/cmr/m/n/12 (\OML/cmm/m/it/12 U[] \OMS/cmsy/m/n/12 \
 []

) (../_definitions/definition_morphism_of_presheaves_on_a_topological_space.tex

[143])
Overfull \hbox (9.05396pt too wide) in paragraph at lines 1148--1150
[]\T1/cmr/bx/n/12 Example 7.1.8. []\T1/cmr/m/n/12 The fol-low-ing are ex-am-ples of []sheaves on topo-log-i-cal spaces[] (Def-i-ni-tion []7.1.6[]): 
 []



[144] (../_definitions/definition_constant_sheaf_on_a_topological_space_valued_in_category_admitting_sheafification.tex) (../_concepts/lemma_categories_of_sheaves_presheaves_on_a_singleton_set_are_equivalent_to_value_category.tex) (../_definitions/definition_skyscraper_sheaf_of_a_topological_space_valued_in_a_category_with_a_terminal_object.tex

[145]) (../_definitions/definition_additive_group_sheaf_on_a_ringed_space.tex) (../_definitions/definition_multiplicative_group_sheaf_on_a_ringed_space.tex) (../_definitions/definition_sheaf_of_roots_of_unity_on_a_ringed_space.tex
Overfull \hbox (41.47247pt too wide) in paragraph at lines 4--5
[]\T1/cmr/m/n/12 Given an in-te-ger $\OML/cmm/m/it/12 n \OMS/cmsy/m/n/12 ^^U \OT1/cmr/m/n/12 1$\T1/cmr/m/n/12 , the []\T1/cmr/m/it/12 sheaf[] [][][]of[] [][][][]th[] [][][]roots[] [][][]of[] [][][]unity \T1/cmr/m/n/12 is the sheaf [][]
 []

) (../_concepts/lemma_category_of_presheaves_of_sheaves_on_topological_space_valued_in_a_locally_small_category_is_locally_small.tex)

[146] (../_definitions/definition_categories_of_presheaves_and_sheaves_on_a_topological_space_valued_in_a_category.tex
Overfull \hbox (4.33629pt too wide) in paragraph at lines 13--14
[]\T1/cmr/m/n/12 Equivalently, the cat-e-gories of presheaves and sheaves are the cat-e-gories $[]\OT1/cmr/m/n/12 ([](\OML/cmm/m/it/12 X\OT1/cmr/m/n/12 )\OML/cmm/m/it/12 ; \OMS/cmsy/m/n/12 D\OT1/cmr/m/n/12 )$
 []



[147]) (../_definitions/definition_sheafification_of_a_presheaf_on_a_topological_space.tex) (../_definitions/definition_colimit_in_a_presheaf_category.tex

[148]) (../_definitions/definition_limit_in_a_sheaf_category.tex) (../_definitions/definition_colimit_in_a_sheaf_category.tex) (../_concepts/proposition_sections_functors_on_presheaves_vlaued_in_an_abelian_category_are_left_exact.tex

[149]

LaTeX Warning: Reference `proposition:examples_of_abelian_categories' on page 1 undefined on input line 15.

) (../_concepts/proposition_sections_functors_on_presheaves_on_a_topological_space_valued_in_an_abelian_category_are_left_exact.tex) (../_definitions/definition_stalk_of_a_presheaf_on_a_topological_space_at_a_point.tex

LaTeX Warning: Reference `definition_topos_morphism_induced_by_a_morphism_of_small_sites.tex' on page 1 undefined on input line 10.

) (../_concepts/proposition_circumstances_under_which_categories_of_sheaves_and_presheaves_on_a_topological_space_valued_in_an_abelian_category_are_abelian.tex

[150]) (../_concepts/proposition_stalk_functor_for_presheaves_and_sheaves_on_a_topological_space_valued_in_an_AB5_category_is_exact.tex

[151]) (../_concepts/proposition_morphism_of_sheaves_on_topological_space_valued_in_nice_enough_category_with_enough_direct_limits_is_isomorphism_iff_all_stalk_morphisms_are.tex) (../_concepts/proposition_morphism_of_sheaves_on_topological_space_valued_in_sets_is_isomorphism.tex)

[152] (../_definitions/definition_ringed_space.tex) (../_definitions/definition_module_over_a_sheaf_of_rings_on_a_site.tex

[153]
Overfull \hbox (3.30063pt too wide) in paragraph at lines 56--57
\T1/cmr/m/n/12 forms the []\T1/cmr/m/it/12 cat[]-[]e[]-[]gory[] [][][]of[] [][][][][]-[]mod[]-[]ules\T1/cmr/m/n/12 , de-noted [][]. The Hom func-tors $[][]$
 []

) (../_definitions/definition_module_over_a_sheaf_of_rings_on_a_ringed_space.tex) (../_concepts/theorem_category_of_modules_over_a_sheaf_of_rings_on_a_site_on_an_essentially_small_category_has_enough_injectives.tex)

[154] (../_definitions/definition_sheaf_hom_for_sheaves_of_modules_over_sheaves_of_rings_on_a_site_with_a_small_topologically_generating_family.tex
Overfull \hbox (33.34918pt too wide) in paragraph at lines 4--5
[]\T1/cmr/m/n/12 The []\T1/cmr/m/it/12 sheafi[]-[]fied[] [][][]Hom\T1/cmr/m/n/12 , de-noted by no-ta-tions such as [][], [][], or [][],
 []


LaTeX Warning: Reference `definition:category_of_objects_over_under_a_fixed_object_in_a_category' on page 1 undefined on input line 6.


LaTeX Warning: Reference `definition:site_induced_by_a_site_on_an_over_category' on page 1 undefined on input line 6.


LaTeX Warning: Reference `definition:restriction_of_a_sheaf_on_a_site_to_an_object_of_the_underlying_category_of_the_site' on page 1 undefined on input line 6.

) (../_definitions/definition_sheafified_tensor_product_of_sheaves_of_modules_of_sheaves_of_rings_on_a_site_with_a_small_topologically_generating_family.tex) (../_concepts/theorem_tensor_hom_adjucntion_for_sheaves_of_modules_over_sheaves_of_rings_on_a_site_with_a_small_topologically_generating_family.tex

LaTeX Warning: Reference `theorem:adjunction_between_sheafy_functors_from_adjoint_bifunctors' on page 1 undefined on input line 28.



[155]

LaTeX Warning: Reference `theorem:adjunction_between_sheafy_functors_from_adjoint_bifunctors' on page 1 undefined on input line 28.

) (../_definitions/definition_inverse_image_of_a_sheaf_on_a_topological_space.tex

[156]) (../_definitions/definition_direct_image_of_a_sheaf_on_a_topological_space.tex) (../_definitions/definition_restriction_of_a_presheaf_sheaf_on_a_topological_space.tex) (../_concepts/lemma_restriction_of_presheaf_on_a_topological_space_to_a_point_is_the_presheaf_whose_global_sections_is_the_stalk.tex) (../_concepts/theorem_adjunction_between_inverse_image_and_direct_image_functors_for_sheaves_on_topological_spaces_under_a_continuous_map.tex

[157]) (../_concepts/lemma_injective_projective_objects_in_a_category_are_closed_under_products_coproducts.tex) (../_concepts/lemma_skyscraper_sheaf_at_a_point_of_a_ringed_space_of_injective_module_is_an_injective_object.tex
Overfull \hbox (37.11832pt too wide) in paragraph at lines 7--8
[]\T1/cmr/m/n/12 By Propo-si-tion []4.2.4[], it is tan-ta-mount to show that the Hom-functor $[][]\OT1/cmr/m/n/12 (\OMS/cmsy/m/n/12 ^^@\OML/cmm/m/it/12 ; \OT1/cmr/m/n/12 (\OML/cmm/m/it/12 i[]\OT1/cmr/m/n/12 )[]\OML/cmm/m/it/12 I[]\OT1/cmr/m/n/12 ) :
 []



[158]) (../_concepts/theorem_category_of_modules_over_a_sheaf_of_rings_on_a_topological_space_has_enough_injectives.tex) (../_definitions/definition_godement_sheaf_of_a_sheaf_on_a_ringed_spcae.tex) (../_definitions/definition_flasque_flabby_sheaf_of_sets_on_a_topological_space.tex

[159]) (../_concepts/lemma_godement_sheaf_of_a_sheaf_of_modules_on_a_ringed_space_is_flasque.tex) (../_concepts/theorem_the_category_of_sheaves_of_modules_on_a_ringed_space_has_enough_flasque_sheaves.tex) (../_concepts/theorem_godement_resolution_of_a_sheaf_of_modules_on_a_ringed_space.tex

LaTeX Warning: Reference `lemma:godement_sheaf_is_flasque' on page 1 undefined on input line 14.


LaTeX Warning: Reference `proposition:flasque_sheaves_have_no_higher_cohomology' on page 1 undefined on input line 14.

) (../_concepts/proposition_flasque_sheaves_on_a_ringed_space_are_acyclic_for_the_global_sections_functor_and_for_any_direct_image_functor.tex
Overfull \hbox (21.65727pt too wide) in paragraph at lines 6--7
\T1/cmr/m/n/12 are []acyclic for[] (Def-i-ni-tion []4.4.1[]) the []di-rect im-age func-tor[] (Def-i-ni-tion []7.7.2[]) $\OML/cmm/m/it/12 f[] \OT1/cmr/m/n/12 : [](\OMS/cmsy/m/n/12 O[]\OT1/cmr/m/n/12 ) \OMS/cmsy/m/n/12 !
 []

) (../_concepts/proposition_injective_module_over_a_ringed_space_is_flasque.tex

[160]) (../_definitions/definition_locally_constant_sheaf_on_a_topological_space.tex
Overfull \hbox (1.20975pt too wide) in paragraph at lines 2--3
[]\T1/cmr/bx/n/12 Definition 7.7.16 \T1/cmr/m/n/12 (Lo-cally Con-stant Sheaf)\T1/cmr/bx/n/12 . []\T1/cmr/m/n/12 Let $\OML/cmm/m/it/12 X$ \T1/cmr/m/n/12 be a []topo-log-i-cal space[] (Def-i-ni-tion []C.0.5[]).
 []

)

[161] (../_definitions/definition_affine_scheme.tex) (../_definitions/definition_locally_ringed_space_on_a_topological_space.tex) (../_definitions/definition_morphism_of_ringed_spaces.tex

[162]) (../_definitions/definition_morphism_of_locally_ringed_spaces.tex) (../_definitions/definition_scheme.tex) (../_definitions/definition_sheaf_cohomology_group_of_a_sheaf_of_modules_over_a_sheaf_of_rings_on_a_site.tex
Overfull \hbox (3.52489pt too wide) in paragraph at lines 7--8
[]\T1/cmr/m/n/12 Assume that []global sec-tions ob-jects $\OT1/cmr/m/n/12 ^^@(\OMS/cmsy/m/n/12 G\OT1/cmr/m/n/12 )$[] \T1/cmr/m/n/12 (Def-i-ni-tion []7.1.5[]) ex-ist for all ob-jects $\OMS/cmsy/m/n/12 G$ \T1/cmr/m/n/12 of $[]\OT1/cmr/m/n/12 (\OMS/cmsy/m/n/12 C\OML/cmm/m/it/12 ; []\OT1/cmr/m/n/12 )$[][][]
 []



[163]) (../_definitions/definition_sheaf_cohomology_objects_of_a_sheaf_on_a_top_space_in_an_ab_catwith_enough_injs_and_sheafification.tex

[164]) (../_definitions/definition_torsor_principal_homogeneous_space_of_a_sheaf_of_groups_on_a_site_over_an_object.tex) (../_definitions/definition_zeroth_and_first_nonabelian_sheaf_cohomology_of_a_sheaf_of_groups_on_a_site.tex) (../_concepts/proposition_zeroth_and_first_nonabelian_and_abelian_sheaf_cohomologies_of_a_sheaf_of_abelian_groups_on_.tex

[165]) (../_definitions/definition_cech_cohomology_of_a_sheaf_of_abelian_groups_on_a_topological_space.tex
Overfull \hbox (51.84163pt too wide) in paragraph at lines 28--29
[][][][][][][]
 []


Underfull \hbox (badness 10000) in paragraph at lines 28--29

 []



[166]
Overfull \hbox (8.7517pt too wide) in paragraph at lines 36--38
\T1/cmr/m/n/12 where $\OML/cmm/m/it/12 [] \OT1/cmr/m/n/12 = \OML/cmm/m/it/12 ^^Y[] \OMS/cmsy/m/n/12 ^^N \OML/cmm/m/it/12 $ \T1/cmr/m/n/12 is the com-po-nent of $\OML/cmm/m/it/12 $ \T1/cmr/m/n/12 in the fac-tor $\OMS/cmsy/m/n/12 F\OT1/cmr/m/n/12 (\OML/cmm/m/it/12 U[]\OT1/cmr/m/n/12 )$\T1/cmr/m/n/12 . 
 []

)

[167] (../_concepts/lemma_short_exact_sequence_of_sheaves_of_abelian_groups_on_a_topological_space_yields_short_exact_sequence_of_colimits_of_cech_complexes.tex) (../_concepts/proposition_cech_cohomology_for_sheaves_of_abelian_groups_on_a_topological_space_induce_long_exact_sequences.tex

[168]) (../_definitions/definition_acyclic_for_a_sheaf_of_abelian_groups_for_an_open_cover_of_a_topological_space.tex) (../_definitions/definition_good_open_cover_of_a_topological_space.tex)

[169] (../_concepts/proposition_nice_circumstances_for_an_open_cover_to_be_acyclic_for_a_sheaf_of_abelian_groups.tex) (../_concepts/proposition_every_smooth_manifold_has_a_good_open_cover.tex) (../_concepts/theorem_lerays_theorem_that_cech_cohom_of_a_sheaf_of_ab_gps_on_top_space_wrt_an_open_cover_agrees_with_sheaf_cohom_if_cover_is_acyclic_for_the_sheaf.tex) (../_concepts/theorem_cech_cohomology_for_a_sheaf_of_ab_gps_agrees_with_sheaf_cohom_on_a_paracompact_hausdorff_space_qcqs_scheme_or_loc_contr_semi_loc_simp_conn_space.tex)

[170]

[171]

[172]
Overfull \hbox (43.94182pt too wide) in paragraph at lines 1613--1614
 [] 
 []


Underfull \vbox (badness 1609) has occurred while \output is active []



[173] (../_excerpts/../_excerpts/excerpts_derived_categories.tex (../_excerpts/../_definitions/definition_homotopy_category_of_chain_complexes_of_an_additive_category.tex

[174]) (../_excerpts/../_definitions/definition_triangulated_category.tex

[175]) (../_excerpts/../_definitions/definition_exact_functor_between_triangulated_categories.tex) (../_excerpts/../_definitions/definition_compatible_with_triangulation_for_a_multiplicative_system_of_a_triangulated_category.tex) (../_excerpts/../_definitions/definition_exact_mixed_variance_multifunctor_from_triangulated_categories_to_a_triangulated_category.tex

[176]) (../_excerpts/../_concepts/proposition_homotopy_category_of_an_additive_category_is_a_triangulated_category.tex) (../_excerpts/../_concepts/theorem_additive_functor_between_abelian_categories_induces_an_exact_functor_between_homotopy_categories_as_triangulated_categories.tex

[177]) (../_excerpts/../_definitions/definition_multiplicative_system_of_morphisms_in_a_category.tex) (../_excerpts/../_definitions/definition_localization_of_a_category_by_a_multiplicative_system.tex) (../_excerpts/../_definitions/definition_saturated_multiplicative_system_in_a_category.tex
Overfull \hbox (2.37277pt too wide) in paragraph at lines 2--3
[]\T1/cmr/bx/n/12 Definition 8.2.3. []\T1/cmr/m/n/12 A []mul-ti-plica-tive sys-tem[] (Def-i-ni-tion []8.2.1[]) $\OML/cmm/m/it/12 S$ \T1/cmr/m/n/12 in a []cat-e-gory[] (Def-i-ni-tion []1.1.1[])
 []

) (../_excerpts/../_concepts/proposition_multiplicative_systems_may_as_well_be_saturated.tex) (../_excerpts/../_definitions/definition_derived_category_of_an_abelian_category.tex

[178]) (../_excerpts/../_conventions/convention_objects_of_an_abelian_category_can_be_regarded_as_objects_of_the_derived_category.tex) (../_excerpts/../_definitions/definition_category_of_bounded_complexes_of_injectives_projectives.tex
Overfull \hbox (5.27486pt too wide) in paragraph at lines 2--3
[]\T1/cmr/bx/n/12 Definition 8.3.3. []\T1/cmr/m/n/12 Let $\OMS/cmsy/m/n/12 A$ \T1/cmr/m/n/12 be an []ad-di-tive cat-e-gory[] (Def-i-ni-tion []2.3.4[]). For $\OT1/cmr/m/n/12 ? \OMS/cmsy/m/n/12 2 f\OT1/cmr/m/n/12 +\OML/cmm/m/it/12 ; \OMS/cmsy/m/n/12 ^^@\OML/cmm/m/it/12 ; b; []\OMS/cmsy/m/n/12 g$\T1/cmr/m/n/12 ,
 []

) (../_excerpts/../_concepts/theorem_derived_categories_can_be_identified_with_homotopy_categories_of_injectives_or_projectives.tex
Overfull \hbox (1.9891pt too wide) in paragraph at lines 4--5
[]\T1/cmr/m/n/12 If $\OMS/cmsy/m/n/12 A$ []\T1/cmr/m/n/12 has enough in-jec-tives[] (Def-i-ni-tion []4.2.5[]), then the cat-e-gory $\OML/cmm/m/it/12 D[]\OT1/cmr/m/n/12 (\OMS/cmsy/m/n/12 A\OT1/cmr/m/n/12 )$ \T1/cmr/m/n/12 (Def-i-ni-tion []8.3.1[])
 []



[179]) (../_excerpts/../_definitions/definition_total_derived_functor_of_an_exact_functor_between_homotopy_categories_of_abelian_categories.tex
Overfull \hbox (12.85172pt too wide) in paragraph at lines 9--10
[]\T1/cmr/m/n/12 Dually, a []\T1/cmr/m/it/12 (to[]-[]tal)[] [][][]left[] [][][]de[]-[]rived[] [][][]func[]-[]tor[] [][][]on[] [][][][][] [][][]on[] [][][][] \T1/cmr/m/n/12 is an ex-act func-tor [][]
 []

) (../_excerpts/../_concepts/proposition_exact_functor_between_abelian_categories_induces_functor_on_derived_categories.tex

[180]) (../_excerpts/../_concepts/theorem_existence_theorem_of_total_derived_functors_of_exact_functors_between_homotopy_categories.tex) (../_excerpts/../_concepts/corollary_add_func_bewteen_ab_cats_has_a_right_or_left_total_derived_func_if_the_source_ab_cat_has_enough_injs_or_projs.tex

[181]) (../_excerpts/../_concepts/corollary_cohomology_of_a_total_derived_functor_of_an_additive_functor_between_abelian_categories_can_be_calculated_by_hyper_derived_functors.tex) (../_excerpts/../_definitions/definition_ind_pro_category_of_a_locally_small_category.tex

[182]

[183]) (../_excerpts/../_definitions/definition_essentially_constant_object_in_a_pro_ind_category_of_a_locally_small_category.tex) (../_excerpts/../_concepts/proposition_condition_for_ind_pro_object_of_filtered_index_category_to_be_essentially_constant.tex) (../_definitions/definition_right_left_derived_functor_of_a_exact_mixed_variant_multifunctor_between_triangulated_categories_relative_to_saturated_multiplicative_systems.tex

[184]) (../_excerpts/../_definitions/definition_defined_at_objects_derivable_and_adapted_objects_for_the_derived_functors_of_an_exact_multifunctor_between_triangulated_categories.tex

[185]
Overfull \hbox (9.24803pt too wide) in paragraph at lines 26--27
\T1/cmr/m/n/12 French) []\T1/cmr/m/it/12 un[]-[]folded[] [][][]for[] [][][][]\T1/cmr/m/n/12 , cf. [[]]) if the nat-u-ral mor-phism $\OML/cmm/m/it/12 LF\OT1/cmr/m/n/12 (\OML/cmm/m/it/12 Q[]A[]; Q[]B[]\OT1/cmr/m/n/12 ) \OMS/cmsy/m/n/12 !
 []

) (../_excerpts/../_concepts/proposition_object_is_deployed_for_an_exact_func_of_tri_categories_iff_fun_preserves_the_terminal_nature_of_the_object_relative_to_resolutions.tex

[186]
Overfull \hbox (5.86024pt too wide) in paragraph at lines 14--16
[]\T1/cmr/m/n/12 A fam-ily $\OT1/cmr/m/n/12 (\OML/cmm/m/it/12 A[]; B[]\OT1/cmr/m/n/12 )$ \T1/cmr/m/n/12 is []adapted (or de-ployed/unfolded)[] (Def-i-ni-tion []8.5.5[]) for []$\OML/cmm/m/it/12 RF$[] \T1/cmr/m/n/12 (Def-i-ni-tion []8.5.4[])
 []


LaTeX Font Warning: Font shape `U/stmry/b/n' undefined
(Font)              using `U/stmry/m/n' instead on input line 28.

) (../_concepts/proposition_complex_in_an_abelian_category_is_deployed_in_homotopy_category_for_an_additive_functor_iff_fun_preserves_terminal_nature_of_quasi_isomorphisms.tex

[187]

LaTeX Warning: Hyper reference `definition:left_and_right_total_derived_functors_of_biadditive_functors_of_abelian_categories' on page 188 undefined on input line 6.

) (../_excerpts/../_definitions/definition_right_left_derived_multifunctor_of_an_additive_multifunctor_between_abelian_categories.tex) (../_excerpts/../_definitions/definition_right_left_acyclic_for_an_additive_multifunctor_of_abelian_categories.tex

[188]) (../_excerpts/../_concepts/proposition_derived_multifunc_of_an_add_multifunc_of_ab_cats_on_cohom_bdd_cats_commutes_with_inclusion_to_unbdd_cats.tex) (../_excerpts/../_concepts/theorem_derived_functor_of_additive_functor_between_abelian_categories_is_defined_on_bounded_above_below_complexes_if_enough_acyclics_exist.tex)

[189] (../_excerpts/../_definitions/definition_left_right_resolution_of_a_chain_complex_in_an_abelian_category.tex

Package hyperref Warning: Token not allowed in a PDF string (Unicode):
(hyperref)                removing `math shift' on input line 1.


Package hyperref Warning: Token not allowed in a PDF string (Unicode):
(hyperref)                removing `math shift' on input line 1.

) (../_excerpts/../_definitions/definition_K_flat_complex_in_an_abelian_category_with_respect_to_a_biadditive_functor.tex

[190]) (../_excerpts/../_definitions/definition_internal_hom_complex_of_chain_complexes_in_an_additive_category.tex) (../_excerpts/../_definitions/definition_K_injective_projective_complex_in_an_abelian_category.tex

[191]) (../_excerpts/../_concepts/proposition_object_in_an_abelian_category_is_K_projective_injective_iff_projective_injective.tex) (../_excerpts/../_concepts/proposition_complex_in_abelian_category_is_K_projective_K_injective_if_part_of_distinguished_triangle_of_two_K_projectives_injectives.tex) (../_excerpts/../_concepts/proposition_complex_in_abelian_category_is_K_projective_K_injective_iff_shifts_are.tex) (../_excerpts/../_concepts/proposition_equivalent_conditions_for_a_complex_in_an_abelian_category_to_be_K_projective_K_injective.tex

[192]) (../_excerpts/../_concepts/proposition_bounded_above_below_complex_of_projective_injective_objects_is_K_projective_injective.tex
Overfull \hbox (8.79337pt too wide) in paragraph at lines 12--14
[]\T1/cmr/m/n/12 ($\OMS/cmsy/m/n/12 ^^?$ \T1/cmr/m/n/12 TODO: ver-ify the fol-low-ing)[] We prove (1). By the char-ac-ter-i-za-tion of $\OML/cmm/m/it/12 K$\T1/cmr/m/n/12 -projectivity,
 []

) (../_excerpts/../_concepts/theorem_AB5_AB5_star_categories_with_left_right_resolutions_for_bounded_complexes_by_a_class_has_resolutions_for_all_complexes_by_the_class.tex

[193]) (../_excerpts/../_concepts/corollary_AB5_AB5_star_categories_with_enough_projectives_injectives_have_K_projective_injective_resolutions.tex) (../_excerpts/../_concepts/theorem_grothendieck_categories_have_enough_K_injective_complexe.tex) (../_excerpts/../_concepts/lemma_bi_additive_functor_on_additive_categories_that_preserves_colimits_or_limits_preserve_colimits_or_limtis_as_functor_on_chain_categories.tex

[194]

LaTeX Warning: Reference `proposition:limit_and_colimit_or_diagram_of_chain_complexes_is_computed_pointwise' on page 1 undefined on input line 19.


LaTeX Warning: Hyper reference `theorem:category_of_double_complexes_of_objects_of_an_additive_category_is_naturally_isomorphic_to_the_category_of_chain_complexes_of_chain_complexes' on page 195 undefined on input line 23.

) (../_excerpts/../_concepts/lemma_bounded_above_complex_of_flat_objects_are_K_flat_with_respect_to_bi_daditive_functor_on_abelian_categories_where_target_is_AB5.tex

LaTeX Warning: Reference `proposition:chain_complexes_in_additive_categories_are_limits_and_colimits_of_truncations' on page 1 undefined on input line 14.



[195]) (../_excerpts/../_concepts/proposition_general_conditions_for_defining_and_computing_right_left_total_derived_functors_of_exact_functors_of_triangulated_categories.tex

[196]) (../_excerpts/../_concepts/proposition_exact_functor_from_homotopy_category_of_abelian_category_with_enough_K_injective_complexes_has_defined_derived_functor.tex) (../_excerpts/../_concepts/proposition_adjoint_exact_functors_of_triangulated_categories_induce_adjunctions_for_derived_functors_when_defined.tex) (../_excerpts/../_concepts/proposition_adjoint_functors_between_abelian_categories_induce_adjunctions_of_derived_functors_when_defined.tex

LaTeX Warning: Reference `lemma:left_right_exact_functor_between_abelian_categories_is_additive' on page 1 undefined on input line 2.

) (../_excerpts/../_concepts/proposition_adjoint_functors_between_abelian_categories_induce_adjunctions_of_derived_functors_if_they_exist_fully.tex) (../_excerpts/../_concepts/theorem_category_of_modules_over_an_essentially_small_ringed_site_has_enough_K_injectives.tex

Package hyperref Warning: Token not allowed in a PDF string (Unicode):
(hyperref)                removing `math shift' on input line 1.


Package hyperref Warning: Token not allowed in a PDF string (Unicode):
(hyperref)                removing `math shift' on input line 1.



[197]) (../_excerpts/../_definitions/definition_flat_module_over_a_sheaf_of_rings_on_an_essentially_small_site.tex) (../_excerpts/../_concepts/proposition_category_of_sheaves_of_modules_over_a_ringed_site_on_an_essentially_small_site_has_enough_flats.tex) (../_excerpts/../_concepts/proposition_there_are_enough_K_flat_resolutions_for_modules_on_an_essentially_small_ringed_site.tex

LaTeX Warning: Reference `theorem:right_left_adjoints_commute_with_limits_colimits' on page 1 undefined on input line 7.

) (../_excerpts/../_notations/notation_derived_categories_of_O_modules_on_an_essentially_small_site_ringed_site.tex

[198]) (../_excerpts/../_definitions/definition_sheaf_internal_hom_functor_of_complexes_of_modules_on_an_essentially_small_ringed_site_with_a_pretopology.tex
Overfull \hbox (17.30925pt too wide) in paragraph at lines 4--4
[]\T1/cmr/m/n/12 Given [](cochain) com-plexes[] (Def-i-ni-tion []3.0.1[]) $\OML/cmm/m/it/12 K[]; L[]$ \T1/cmr/m/n/12 of [](say right) $\OMS/cmsy/m/n/12 O$\T1/cmr/m/n/12 -modules[] (Def-i-ni-tion []B.0.18[]),
 []

) (../_excerpts/../_definitions/definition_derived_sheaf_internal_hom_functor_of_complexes_of_modules_on_an_essentially_small_ringed_site_with_a_pretopology.tex
Overfull \hbox (63.23312pt too wide) in paragraph at lines 4--5
[]\T1/cmr/m/n/12 The []\T1/cmr/m/it/12 de[]-[]rived[] [][][](sheafy/sheaf)[] [][][]in[]-[]ter[]-[]nal[] [][][]hom[] [][][]func[]-[]tor \T1/cmr/m/n/12 is the func-tor [][]
 []

) (../_excerpts/../_definitions/definition_derived_tensor_product_of_complexes_of_modules_on_an_essentially_small_ringed_site_with_a_pretopology.tex

[199]) (../_excerpts/../_concepts/theorem_total_derived_tensor_hom_adjunction_for_modules_on_a_ringed_site.tex) (../_excerpts/../_definitions/definition_morphism_of_ringed_sites.tex

LaTeX Warning: Reference `definition:direct_image_of_a_sheaf_on_a_site_under_a_continuous_functor_of_sites_or_a_site_morphism' on page 1 undefined on input line 7.


LaTeX Warning: Reference `theorem:adjunction_between_inverse_images_and_direct_images_of_sheaves_under_continuous_functor_of_sites' on page 1 undefined on input line 9.


LaTeX Warning: Hyper reference `definition:inverse_image_of_a_sheaf_under_a_continuous_functor_of_sites_or_a_site_morphism' on page 200 undefined on input line 9.

) (../_excerpts/../_definitions/definition_total_right_derived_direct_image_functor_for_morphism_of_ringed_topoi.tex

[200]) (../_excerpts/../_definitions/definition_total_left_derived_inverse_image_functor_for_morphism_of_ringed_sites.tex))

[201]

[202]

[203]

[204]

[205]

[206] (../_definitions/definition_representable_functor_on_a_category_enriched_in_a_monoidal_category.tex

[207]) (../_definitions/definition_symmetric_monoidal_category.tex) (../_definitions/definition_grothendieck_universe.tex

[208]) (../_definitions/definition_tarski_grothendieck_set_theory.tex) (../_definitions/definition_hereditarily_finite_sets.tex

LaTeX Warning: Hyper reference `proposition:collection_of_hereditarily_finite_sets_is_a_set' on page 209 undefined on input line 4.

) (../_definitions/definition_hierarchy_of_grothendieck_universes_assuming_tarski_grothendieck_set_theory.tex
Overfull \hbox (5.26369pt too wide) in paragraph at lines 2--4
\T1/cmr/m/n/12 (Def-i-ni-tion []A.0.4[]) ax-ioms, the []\T1/cmr/m/it/12 hi[]-[]er[]-[]ar[]-[]chy[] [][][]of[] [][][]Grothendieck[] [][][]uni[]-[]verses \T1/cmr/m/n/12 con-sists of the []Grothendieck
 []

) (../_definitions/definition_category_of_categories_relative_to_a_grothendieck_universe.tex) (../_definitions/definition_concrete_category_over_a_category.tex) (../_definitions/definition_sieve_on_an_object_in_a_category.tex

LaTeX Warning: Citation `SGA4_I' on page 209 undefined on input line 1.



[209]) (../_definitions/definition_sieve_on_an_object_of_a_category_generated_by_a_family_of_morphisms.tex) (../_definitions/definition_pullback_sieve_of_an_object_in_a_category_via_a_morphism_to_the_object.tex) (../_definitions/definition_basis_and_grothendieck_pretopology_for_a_grothendieck_topology_on_a_category.tex) (../_definitions/definition_grothendieck_topology_on_a_category_site_covering_sieve_topologically_generating_family.tex

LaTeX Warning: Citation `SGA4_I' on page 210 undefined on input line 11.


Overfull \hbox (6.19147pt too wide) in paragraph at lines 11--13
[]\T1/cmr/m/n/12 (See [[], Ex-posé II, Déf-i-ni-tion 1.1]) Let $\OMS/cmsy/m/n/12 C$ \T1/cmr/m/n/12 be a []cat-e-gory[] (Def-i-ni-tion []1.1.1[]). A []\T1/cmr/m/it/12 Grothendieck[]
 []



[210]

LaTeX Warning: Citation `SGA4_I' on page 211 undefined on input line 31.


LaTeX Warning: Hyper reference `definition:grothendieck_topology_generated_by_a_pretopology' on page 211 undefined on input line 33.


LaTeX Warning: Citation `SGA4_I' on page 211 undefined on input line 35.


LaTeX Warning: Citation `SGA4_I' on page 211 undefined on input line 37.

) (../_definitions/definition_small_site_locally_small_site_U_site_U_small_site_U_topology.tex
Overfull \hbox (4.17035pt too wide) in paragraph at lines 9--10
[]\T1/cmr/m/n/12 Given a []Grothendieck uni-verse[] (Def-i-ni-tion []A.0.3[]) $\U/rsfs/m/n/12 U$\T1/cmr/m/n/12 , a [][][]\T1/cmr/m/it/12 -[]site \T1/cmr/m/n/12 is a []site[] (Def-i-ni-tion []B.0.5[])
 []

) (../_definitions/definition_site_of_opens_on_a_topological_space.tex

[211]) (../_definitions/definition_sheaf_on_a_site.tex

LaTeX Warning: Hyper reference `definition:grothendieck_topology_generated_by_a_pretopology' on page 212 undefined on input line 15.


Overfull \hbox (8.25337pt too wide) in paragraph at lines 15--16
[]\T1/cmr/m/n/12 In par-tic-u-lar, when we are work-ing with a []Grothendieck pre-topol-ogy[] (Def-i-ni-tion []B.0.4[])
 []

) (../_definitions/definition_topos.tex

LaTeX Warning: Citation `SGA4_I' on page 212 undefined on input line 6.


Overfull \hbox (30.67789pt too wide) in paragraph at lines 6--7
[]\T1/cmr/m/n/12 If a []Grothendieck uni-verse[] (Def-i-ni-tion []A.0.3[]) $\U/rsfs/m/n/12 U$ \T1/cmr/m/n/12 is avail-able, then a [][][]\T1/cmr/m/it/12 -[](Grothendieck/sheaf[]
 []



[212]) (../_definitions/definition_topos_morphism_induced_by_a_morphism_of_small_sites.tex

LaTeX Warning: Reference `definition:direct_image_of_a_sheaf_on_a_site_under_a_continuous_functor_of_sites_or_a_site_morphism' on page 1 undefined on input line 4.


Overfull \hbox (7.73456pt too wide) in paragraph at lines 4--5
[]\T1/cmr/m/n/12 The []\T1/cmr/m/it/12 mor[]-[]phism[] [][][]of[] [][][]topoi[] [][][]in[]-[]duced[] [][][]by[] [][][][] \T1/cmr/m/n/12 is the topos mor-phism $\OML/cmm/m/it/12 f \OT1/cmr/m/n/12 : [](\OMS/cmsy/m/n/12 D\OML/cmm/m/it/12 ; K\OT1/cmr/m/n/12 ; []) \OMS/cmsy/m/n/12 ! []\OT1/cmr/m/n/12 (\OMS/cmsy/m/n/12 C\OML/cmm/m/it/12 ; J\OT1/cmr/m/n/12 ; [])$
 []

) (../_definitions/definition_topos_morphism_induced_by_a_flat_cocontinuous_functor_of_sites.tex

[213]) (../_definitions/definition_topos_morphism_induced_by_a_continuous_cocontinuous_flat_functor_of_sites_with_lower_shriek_functor.tex) (../_definitions/definition_sheafification_functor_on_a_site.tex

[214]) (../_concepts/theorem_sheafification_of_a_presheaf_of_sets_on_a_small_enough_site.tex

LaTeX Warning: Citation `SGA4_I' on page 215 undefined on input line 1.

) (../_definitions/definition_ringed_site.tex

[215]) (../_definitions/definition_module_over_a_sheaf_of_rings_on_a_site.tex

[216]
Overfull \hbox (3.30063pt too wide) in paragraph at lines 56--57
\T1/cmr/m/n/12 forms the []\T1/cmr/m/it/12 cat[]-[]e[]-[]gory[] [][][]of[] [][][][][]-[]mod[]-[]ules\T1/cmr/m/n/12 , de-noted [][]. The Hom func-tors $[][]$
 []

) (../_definitions/definition_stalk_of_an_object_of_a_topos_at_a_point_of_the_topos.tex) (../_definitions/definition_locally_constant_sheaf_on_a_site_with_sheafification.tex

LaTeX Warning: Reference `lemma:slice_category_has_final_object' on page 1 undefined on input line 28.



[217]) (../_definitions/definition_function_of_sets.tex) (../_definitions/definition_monoid.tex) (../_definitions/definition_group.tex

[218]) (../_definitions/definition_group_homomorphism.tex
Overfull \hbox (4.43431pt too wide) in paragraph at lines 3--4
[]\T1/cmr/bx/n/12 Definition C.0.4 \T1/cmr/m/n/12 (Group ho-mo-mor-phism)\T1/cmr/bx/n/12 . []\T1/cmr/m/n/12 Let $\OT1/cmr/m/n/12 (\OML/cmm/m/it/12 G; \OMS/cmsy/m/n/12 ^^A\OT1/cmr/m/n/12 )$ \T1/cmr/m/n/12 and $\OT1/cmr/m/n/12 (\OML/cmm/m/it/12 H; \OMS/cmsy/m/n/12 ^^C\OT1/cmr/m/n/12 )$ \T1/cmr/m/n/12 be []groups[] (Def-i-ni-tion []C.0.3[]).
 []

) (../_definitions/definition_topological_space.tex) (../_definitions/definition_continuous_map_of_topological_spaces.tex

[219]) (../_definitions/definition_ring.tex) (../_definitions/definition_commutative_ring.tex) (../_definitions/definition_unit_of_a_ring.tex) (../_definitions/definition_division_ring.tex

[220]) (../_definitions/definition_field.tex) (../_definitions/definition_ring_homomorphism.tex) (../_definitions/definition_vector_space_over_a_field.tex

[221]) (../_definitions/definition_morphism_of_vector_spaces.tex) (../_definitions/definition_basis_of_a_vector_space_over_a_field.tex) (../_definitions/definition_partially_ordered_set.tex) (../_concepts/lemma_posets_correspond_to_small_filtered_thin_categories.tex) (../_definitions/definition_free_group_generated_by_a_set.tex

[222]) (../_definitions/definition_free_abelian_group_generated_by_a_set.tex) (../_definitions/definition_homotopy_groups_of_a_pointed_topological_space.tex
Overfull \hbox (64.84662pt too wide) in paragraph at lines 25--26
[]\T1/cmr/m/n/12 We fur-ther note that the set $\OML/cmm/m/it/12 ^^Y[]\OT1/cmr/m/n/12 (\OML/cmm/m/it/12 X; x[]\OT1/cmr/m/n/12 ) = [(\OML/cmm/m/it/12 S[]; s[]\OT1/cmr/m/n/12 )\OML/cmm/m/it/12 ; \OT1/cmr/m/n/12 (\OML/cmm/m/it/12 X; x[]\OT1/cmr/m/n/12 )][]$ \T1/cmr/m/n/12 is iden-ti-fi-able with $\OML/cmm/m/it/12 ^^Y[]\OT1/cmr/m/n/12 ([][]((\OML/cmm/m/it/12 S[]; s[]\OT1/cmr/m/n/12 )\OML/cmm/m/it/12 ; \OT1/cmr/m/n/12 (\OML/cmm/m/it/12 X; x[]\OT1/cmr/m/n/12 )))$\T1/cmr/m/n/12 . 
 []

) (../_definitions/definition_prime_and_maximal_ideal_of_a_ring.tex

[223]) (../_definitions/definition_affine_scheme.tex) (../_definitions/definition_cartesian_product_of_two_objects_in_a_category_over_an_object.tex

[224]) (../_definitions/definition_semigroup_object_in_a_category.tex) (../_definitions/definition_monoid_object_in_a_category_with_a_final_object.tex

[225]) (../_definitions/definition_group_object_in_a_category_with_a_final_object.tex) (../_definitions/definition_power_set_of_a_set.tex

[226]) (../_definitions/definition_algebra_of_a_ring.tex) (../_definitions/definition_homotopy_of_maps_of_topological_spaces_relative_to_a_subset.tex

[227]) (../_definitions/definition_homotopy_class_of_maps_of_topological_spaces_relative_to_a_subset.tex

[228]) (../_definitions/definition_homotopy_category_of_topological_spaces.tex) (../_concepts/proposition_homotopy_classes_of_maps_between_topological_spaces_are_preserved_by_composition.tex) (../_concepts/theorem_functor_from_category_of_topological_spaces_to_homotopy_category_of_topological_spaces.tex) (../_definitions/definition_C_k_morphism_between_C_k_manifolds.tex) (../_definitions/definition_C_k_manifold.tex

[229]) (../_definitions/definition_opposite_ring_of_a_ring.tex) (../_definitions/definition_subspace_of_a_topological_space.tex) (../_definitions/definition_separation_axioms_of_topology.tex
Overfull \hbox (2.72636pt too wide) in paragraph at lines 2--4
[]\T1/cmr/bx/n/12 Definition C.0.40 \T1/cmr/m/n/12 (Sep-a-ra-tion ax-ioms)\T1/cmr/bx/n/12 . []\T1/cmr/m/n/12 Let $\OT1/cmr/m/n/12 (\OML/cmm/m/it/12 X; \OMS/cmsy/m/n/12 T\OT1/cmr/m/n/12 )$ \T1/cmr/m/n/12 be a []topo-log-i-cal space[] (Def-i-ni-tion []C.0.5[]). 
 []

) (../_definitions/definition_principal_ideal_ring.tex

LaTeX Warning: Hyper reference `definition:ideal_generated_by_a_subset_of_a_ring' on page 230 undefined on input line 4.


LaTeX Warning: Hyper reference `definition:domain_integral_domain' on page 230 undefined on input line 5.

) (../_definitions/definition_finitely_generated_modules_over_rings.tex

[230]) (../_definitions/definition_equivalence_relation_on_a_set.tex) (../_definitions/definition_pair_of_topological_spaces.tex) (../_definitions/definition_map_of_pairs_of_topological_spaces.tex) (../_definitions/definition_category_of_pairs_of_topological_spaces.tex) (../_definitions/definition_open_refinement_of_an_open_cover_of_a_topological_space.tex) (../_definitions/definition_locally_finite_open_cover_of_a_topological_spcae.tex) (../_definitions/definition_paracompact_topological_space.tex) (../_concepts/theorem_nice_enough_topological_spaces_are_paracompact.tex

[231]) (../_definitions/definition_separation_axioms_of_topology.tex
Overfull \hbox (2.72636pt too wide) in paragraph at lines 2--4
[]\T1/cmr/bx/n/12 Definition C.0.51 \T1/cmr/m/n/12 (Sep-a-ra-tion ax-ioms)\T1/cmr/bx/n/12 . []\T1/cmr/m/n/12 Let $\OT1/cmr/m/n/12 (\OML/cmm/m/it/12 X; \OMS/cmsy/m/n/12 T\OT1/cmr/m/n/12 )$ \T1/cmr/m/n/12 be a []topo-log-i-cal space[] (Def-i-ni-tion []C.0.5[]). 
 []

) (../_definitions/definition_quasi_compact_scheme.tex) (../_definitions/definition_quasi_separated_morphism_of_schemes.tex) (../_definitions/definition_contractible_topological_space.tex) (../_definitions/definition_locally_contractible_topological_space.tex

[232]) (../_definitions/definition_semi_locally_simply_connected_space.tex)) (./uwo_math_9144b_winter_2026.bbl

[233]
Underfull \vbox (badness 10000) has occurred while \output is active []



[234]
Overfull \hbox (20.37529pt too wide) in paragraph at lines 282--285
[]\T1/cmr/m/n/10 Hyun Jong Kim. \T1/cmtt/m/n/10 trouver\T1/cmr/m/n/10 , 2023. GitHub repos-i-tory: https://github.com/hyunjongkimmath/trouver. 
 []


Underfull \vbox (badness 10000) has occurred while \output is active []



[235]
Underfull \hbox (badness 2158) in paragraph at lines 391--394
[]\T1/cmr/m/n/10 James S. Milne. Lie al-ge-bras, al-ge-braic groups, and lie groups, 2013. Avail-able at
 []


Underfull \vbox (badness 10000) has occurred while \output is active []



[236]
Underfull \hbox (badness 10000) in paragraph at lines 468--472
[]\T1/cmr/m/n/10 nLab au-thors. sta-ble ho-mo-topy cat-e-gory. []$\T1/cmtt/m/n/10 https : / / ncatlab . org / nlab / show / stable +
 []


Underfull \vbox (badness 10000) has occurred while \output is active []



[237])

Package glossaries Warning: No \printglossary or \printglossaries found. 
(Remove \makeglossaries if you don't want any glossaries.) 
This document will not have a glossary.



[238] (./uwo_math_9144b_winter_2026.aux)
 ***********
LaTeX2e <2024-11-01> patch level 1
L3 programming layer <2024-12-09>
 ***********


LaTeX Font Warning: Some font shapes were not available, defaults substituted.


LaTeX Warning: There were undefined references.


LaTeX Warning: There were multiply-defined labels.

Package rerunfilecheck Info: File `uwo_math_9144b_winter_2026.out' has not changed.
(rerunfilecheck)             Checksum: C8604114BFA8047877F182B606B94515;25710.
 ) 
Here is how much of TeX's memory you used:
 43495 strings out of 473254
 1079237 string characters out of 5722066
 1193661 words of memory out of 5000000
 62653 multiletter control sequences out of 15000+600000
 590847 words of font info for 136 fonts, out of 8000000 for 9000
 1302 hyphenation exceptions out of 8191
 121i,21n,124p,3377b,1328s stack positions out of 10000i,1000n,20000p,200000b,200000s
<c:/texlive/2024/texmf-dist/fonts/type1/public/amsfonts/cm/cmbsy10.pfb><c:/texlive/2024/texmf-dist/fonts/type1/public/amsfonts/cm/cmbx12.pfb><c:/texlive/2024/texmf-dist/fonts/type1/public/amsfonts/cm/cmbx8.pfb><c:/texlive/2024/texmf-dist/fonts/type1/public/amsfonts/cm/cmex10.pfb><c:/texlive/2024/texmf-dist/fonts/type1/public/amsfonts/cmextra/cmex8.pfb><c:/texlive/2024/texmf-dist/fonts/type1/public/amsfonts/cm/cmmi10.pfb><c:/texlive/2024/texmf-dist/fonts/type1/public/amsfonts/cm/cmmi12.pfb><c:/texlive/2024/texmf-dist/fonts/type1/public/amsfonts/cm/cmmi5.pfb><c:/texlive/2024/texmf-dist/fonts/type1/public/amsfonts/cm/cmmi6.pfb><c:/texlive/2024/texmf-dist/fonts/type1/public/amsfonts/cm/cmmi7.pfb><c:/texlive/2024/texmf-dist/fonts/type1/public/amsfonts/cm/cmmi8.pfb><c:/texlive/2024/texmf-dist/fonts/type1/public/amsfonts/cm/cmr10.pfb><c:/texlive/2024/texmf-dist/fonts/type1/public/amsfonts/cm/cmr12.pfb><c:/texlive/2024/texmf-dist/fonts/type1/public/amsfonts/cm/cmr5.pfb><c:/texlive/2024/texmf-dist/fonts/type1/public/amsfonts/cm/cmr6.pfb><c:/texlive/2024/texmf-dist/fonts/type1/public/amsfonts/cm/cmr7.pfb><c:/texlive/2024/texmf-dist/fonts/type1/public/amsfonts/cm/cmr8.pfb><c:/texlive/2024/texmf-dist/fonts/type1/public/amsfonts/cm/cmss12.pfb><c:/texlive/2024/texmf-dist/fonts/type1/public/amsfonts/cm/cmss8.pfb><c:/texlive/2024/texmf-dist/fonts/type1/public/amsfonts/cm/cmsy10.pfb><c:/texlive/2024/texmf-dist/fonts/type1/public/amsfonts/cm/cmsy6.pfb><c:/texlive/2024/texmf-dist/fonts/type1/public/amsfonts/cm/cmsy7.pfb><c:/texlive/2024/texmf-dist/fonts/type1/public/amsfonts/cm/cmsy8.pfb><c:/texlive/2024/texmf-dist/fonts/type1/public/amsfonts/euler/eufm10.pfb><c:/texlive/2024/texmf-dist/fonts/type1/public/amsfonts/symbols/msam10.pfb><c:/texlive/2024/texmf-dist/fonts/type1/public/amsfonts/symbols/msbm10.pfb><c:/texlive/2024/texmf-dist/fonts/type1/public/amsfonts/symbols/msbm7.pfb><c:/texlive/2024/texmf-dist/fonts/type1/public/rsfs/rsfs10.pfb><c:/texlive/2024/texmf-dist/fonts/type1/public/cm-super/sfbx1000.pfb><c:/texlive/2024/texmf-dist/fonts/type1/public/cm-super/sfbx1200.pfb><c:/texlive/2024/texmf-dist/fonts/type1/public/cm-super/sfcc1200.pfb><c:/texlive/2024/texmf-dist/fonts/type1/public/cm-super/sfrm0600.pfb><c:/texlive/2024/texmf-dist/fonts/type1/public/cm-super/sfrm0700.pfb><c:/texlive/2024/texmf-dist/fonts/type1/public/cm-super/sfrm0800.pfb><c:/texlive/2024/texmf-dist/fonts/type1/public/cm-super/sfrm0900.pfb><c:/texlive/2024/texmf-dist/fonts/type1/public/cm-super/sfrm1000.pfb><c:/texlive/2024/texmf-dist/fonts/type1/public/cm-super/sfrm1200.pfb><c:/texlive/2024/texmf-dist/fonts/type1/public/cm-super/sfti0800.pfb><c:/texlive/2024/texmf-dist/fonts/type1/public/cm-super/sfti1000.pfb><c:/texlive/2024/texmf-dist/fonts/type1/public/cm-super/sfti1200.pfb><c:/texlive/2024/texmf-dist/fonts/type1/public/cm-super/sftt1000.pfb><c:/texlive/2024/texmf-dist/fonts/type1/public/cm-super/sftt1200.pfb>
Output written on uwo_math_9144b_winter_2026.pdf (238 pages, 1863151 bytes).
PDF statistics:
 9589 PDF objects out of 10688 (max. 8388607)
 9173 compressed objects within 92 object streams
 1790 named destinations out of 2073 (max. 500000)
 741 words of extra memory for PDF output out of 10000 (max. 10000000)

