This is pdfTeX, Version 3.141592653-2.6-1.40.26 (TeX Live 2024) (preloaded format=pdflatex 2025.1.5)  3 APR 2026 12:11
entering extended mode
 restricted \write18 enabled.
 file:line:error style messages enabled.
 %&-line parsing enabled.
**c:/Users/hyunj/Documents/Obsidian/Chores/math/_writing/HomologicalAlgebra/HomologicalAlgebra
(c:/Users/hyunj/Documents/Obsidian/Chores/math/_writing/HomologicalAlgebra/HomologicalAlgebra.tex
LaTeX2e <2024-11-01> patch level 1
L3 programming layer <2024-12-09>
(../_macros/macros.tex (c:/texlive/2024/texmf-dist/tex/latex/amscls/amsart.cls
Document Class: amsart 2020/05/29 v2.20.6
\linespacing=\dimen141
\normalparindent=\dimen142
\normaltopskip=\skip49
(c:/texlive/2024/texmf-dist/tex/latex/amsmath/amsmath.sty
Package: amsmath 2024/11/05 v2.17t AMS math features
\@mathmargin=\skip50

For additional information on amsmath, use the `?' option.
(c:/texlive/2024/texmf-dist/tex/latex/amsmath/amstext.sty
Package: amstext 2021/08/26 v2.01 AMS text
 (c:/texlive/2024/texmf-dist/tex/latex/amsmath/amsgen.sty
File: amsgen.sty 1999/11/30 v2.0 generic functions
\@emptytoks=\toks17
\ex@=\dimen143
)) (c:/texlive/2024/texmf-dist/tex/latex/amsmath/amsbsy.sty
Package: amsbsy 1999/11/29 v1.2d Bold Symbols
\pmbraise@=\dimen144
) (c:/texlive/2024/texmf-dist/tex/latex/amsmath/amsopn.sty
Package: amsopn 2022/04/08 v2.04 operator names
)
\inf@bad=\count196
LaTeX Info: Redefining \frac on input line 233.
\uproot@=\count197
\leftroot@=\count198
LaTeX Info: Redefining \overline on input line 398.
LaTeX Info: Redefining \colon on input line 409.
\classnum@=\count199
\DOTSCASE@=\count266
LaTeX Info: Redefining \ldots on input line 495.
LaTeX Info: Redefining \dots on input line 498.
LaTeX Info: Redefining \cdots on input line 619.
\Mathstrutbox@=\box52
\strutbox@=\box53
LaTeX Info: Redefining \big on input line 721.
LaTeX Info: Redefining \Big on input line 722.
LaTeX Info: Redefining \bigg on input line 723.
LaTeX Info: Redefining \Bigg on input line 724.
\big@size=\dimen145
LaTeX Font Info:    Redeclaring font encoding OML on input line 742.
LaTeX Font Info:    Redeclaring font encoding OMS on input line 743.
\macc@depth=\count267
LaTeX Info: Redefining \bmod on input line 904.
LaTeX Info: Redefining \pmod on input line 909.
LaTeX Info: Redefining \smash on input line 939.
LaTeX Info: Redefining \relbar on input line 969.
LaTeX Info: Redefining \Relbar on input line 970.
\c@MaxMatrixCols=\count268
\dotsspace@=\muskip17
\c@parentequation=\count269
\dspbrk@lvl=\count270
\tag@help=\toks18
\row@=\count271
\column@=\count272
\maxfields@=\count273
\andhelp@=\toks19
\eqnshift@=\dimen146
\alignsep@=\dimen147
\tagshift@=\dimen148
\tagwidth@=\dimen149
\totwidth@=\dimen150
\lineht@=\dimen151
\@envbody=\toks20
\multlinegap=\skip51
\multlinetaggap=\skip52
\mathdisplay@stack=\toks21
LaTeX Info: Redefining \[ on input line 2953.
LaTeX Info: Redefining \] on input line 2954.
)
LaTeX Font Info:    Trying to load font information for U+msa on input line 397.
 (c:/texlive/2024/texmf-dist/tex/latex/amsfonts/umsa.fd
File: umsa.fd 2013/01/14 v3.01 AMS symbols A
) (c:/texlive/2024/texmf-dist/tex/latex/amsfonts/amsfonts.sty
Package: amsfonts 2013/01/14 v3.01 Basic AMSFonts support
\symAMSa=\mathgroup4
\symAMSb=\mathgroup5
LaTeX Font Info:    Redeclaring math symbol \hbar on input line 98.
LaTeX Font Info:    Overwriting math alphabet `\mathfrak' in version `bold'
(Font)                  U/euf/m/n --> U/euf/b/n on input line 106.
)
\copyins=\insert252
\abstractbox=\box54
\listisep=\skip53
\c@part=\count274
\c@section=\count275
\c@subsection=\count276
\c@subsubsection=\count277
\c@paragraph=\count278
\c@subparagraph=\count279
\c@figure=\count280
\c@table=\count281
\abovecaptionskip=\skip54
\belowcaptionskip=\skip55
\captionindent=\dimen152
\thm@style=\toks22
\thm@bodyfont=\toks23
\thm@headfont=\toks24
\thm@notefont=\toks25
\thm@headpunct=\toks26
\thm@preskip=\skip56
\thm@postskip=\skip57
\thm@headsep=\skip58
\dth@everypar=\toks27
) (c:/texlive/2024/texmf-dist/tex/latex/tools/bm.sty
Package: bm 2023/12/19 v1.2f Bold Symbol Support (DPC/FMi)
\symboldoperators=\mathgroup6
\symboldletters=\mathgroup7
\symboldsymbols=\mathgroup8
Package bm Info: No bold for \OMX/cmex/m/n, using \pmb.
Package bm Info: No bold for \U/msa/m/n, using \pmb.
Package bm Info: No bold for \U/msb/m/n, using \pmb.
LaTeX Font Info:    Redeclaring math alphabet \mathbf on input line 149.
) (c:/texlive/2024/texmf-dist/tex/latex/amsfonts/amssymb.sty
Package: amssymb 2013/01/14 v3.01 AMS font symbols
) (c:/texlive/2024/texmf-dist/tex/latex/amsmath/amscd.sty
Package: amscd 2017/04/14 v2.1 AMS Commutative Diagrams
\athelp@=\toks28
\minaw@=\dimen153
\bigaw@=\dimen154
\minCDarrowwidth=\dimen155
) (c:/texlive/2024/texmf-dist/tex/latex/oberdiek/aliascnt.sty
Package: aliascnt 2018/09/07 v1.5 Alias counters (HO)
) (c:/texlive/2024/texmf-dist/tex/latex/hyperref/hyperref.sty
Package: hyperref 2024-11-05 v7.01l Hypertext links for LaTeX
 (c:/texlive/2024/texmf-dist/tex/generic/iftex/iftex.sty
Package: iftex 2024/12/12 v1.0g TeX engine tests
) (c:/texlive/2024/texmf-dist/tex/latex/graphics/keyval.sty
Package: keyval 2022/05/29 v1.15 key=value parser (DPC)
\KV@toks@=\toks29
) (c:/texlive/2024/texmf-dist/tex/latex/kvsetkeys/kvsetkeys.sty
Package: kvsetkeys 2022-10-05 v1.19 Key value parser (HO)
) (c:/texlive/2024/texmf-dist/tex/generic/kvdefinekeys/kvdefinekeys.sty
Package: kvdefinekeys 2019-12-19 v1.6 Define keys (HO)
) (c:/texlive/2024/texmf-dist/tex/generic/pdfescape/pdfescape.sty
Package: pdfescape 2019/12/09 v1.15 Implements pdfTeX's escape features (HO)
 (c:/texlive/2024/texmf-dist/tex/generic/ltxcmds/ltxcmds.sty
Package: ltxcmds 2023-12-04 v1.26 LaTeX kernel commands for general use (HO)
) (c:/texlive/2024/texmf-dist/tex/generic/pdftexcmds/pdftexcmds.sty
Package: pdftexcmds 2020-06-27 v0.33 Utility functions of pdfTeX for LuaTeX (HO)
 (c:/texlive/2024/texmf-dist/tex/generic/infwarerr/infwarerr.sty
Package: infwarerr 2019/12/03 v1.5 Providing info/warning/error messages (HO)
)
Package pdftexcmds Info: \pdf@primitive is available.
Package pdftexcmds Info: \pdf@ifprimitive is available.
Package pdftexcmds Info: \pdfdraftmode found.
)) (c:/texlive/2024/texmf-dist/tex/latex/hycolor/hycolor.sty
Package: hycolor 2020-01-27 v1.10 Color options for hyperref/bookmark (HO)
) (c:/texlive/2024/texmf-dist/tex/latex/hyperref/nameref.sty
Package: nameref 2023-11-26 v2.56 Cross-referencing by name of section
 (c:/texlive/2024/texmf-dist/tex/latex/refcount/refcount.sty
Package: refcount 2019/12/15 v3.6 Data extraction from label references (HO)
) (c:/texlive/2024/texmf-dist/tex/generic/gettitlestring/gettitlestring.sty
Package: gettitlestring 2019/12/15 v1.6 Cleanup title references (HO)
 (c:/texlive/2024/texmf-dist/tex/latex/kvoptions/kvoptions.sty
Package: kvoptions 2022-06-15 v3.15 Key value format for package options (HO)
))
\c@section@level=\count282
) (c:/texlive/2024/texmf-dist/tex/latex/etoolbox/etoolbox.sty
Package: etoolbox 2020/10/05 v2.5k e-TeX tools for LaTeX (JAW)
\etb@tempcnta=\count283
) (c:/texlive/2024/texmf-dist/tex/generic/stringenc/stringenc.sty
Package: stringenc 2019/11/29 v1.12 Convert strings between diff. encodings (HO)
)
\@linkdim=\dimen156
\Hy@linkcounter=\count284
\Hy@pagecounter=\count285
 (c:/texlive/2024/texmf-dist/tex/latex/hyperref/pd1enc.def
File: pd1enc.def 2024-11-05 v7.01l Hyperref: PDFDocEncoding definition (HO)
Now handling font encoding PD1 ...
... no UTF-8 mapping file for font encoding PD1
) (c:/texlive/2024/texmf-dist/tex/generic/intcalc/intcalc.sty
Package: intcalc 2019/12/15 v1.3 Expandable calculations with integers (HO)
)
\Hy@SavedSpaceFactor=\count286
 (c:/texlive/2024/texmf-dist/tex/latex/hyperref/puenc.def
File: puenc.def 2024-11-05 v7.01l Hyperref: PDF Unicode definition (HO)
Now handling font encoding PU ...
... no UTF-8 mapping file for font encoding PU
)
Package hyperref Info: Hyper figures OFF on input line 4157.
Package hyperref Info: Link nesting OFF on input line 4162.
Package hyperref Info: Hyper index ON on input line 4165.
Package hyperref Info: Plain pages OFF on input line 4172.
Package hyperref Info: Backreferencing OFF on input line 4177.
Package hyperref Info: Implicit mode ON; LaTeX internals redefined.
Package hyperref Info: Bookmarks ON on input line 4424.
\c@Hy@tempcnt=\count287
 (c:/texlive/2024/texmf-dist/tex/latex/url/url.sty
\Urlmuskip=\muskip18
Package: url 2013/09/16  ver 3.4  Verb mode for urls, etc.
)
LaTeX Info: Redefining \url on input line 4763.
\XeTeXLinkMargin=\dimen157
 (c:/texlive/2024/texmf-dist/tex/generic/bitset/bitset.sty
Package: bitset 2019/12/09 v1.3 Handle bit-vector datatype (HO)
 (c:/texlive/2024/texmf-dist/tex/generic/bigintcalc/bigintcalc.sty
Package: bigintcalc 2019/12/15 v1.5 Expandable calculations on big integers (HO)
))
\Fld@menulength=\count288
\Field@Width=\dimen158
\Fld@charsize=\dimen159
Package hyperref Info: Hyper figures OFF on input line 6042.
Package hyperref Info: Link nesting OFF on input line 6047.
Package hyperref Info: Hyper index ON on input line 6050.
Package hyperref Info: backreferencing OFF on input line 6057.
Package hyperref Info: Link coloring OFF on input line 6062.
Package hyperref Info: Link coloring with OCG OFF on input line 6067.
Package hyperref Info: PDF/A mode OFF on input line 6072.
 (c:/texlive/2024/texmf-dist/tex/latex/base/atbegshi-ltx.sty
Package: atbegshi-ltx 2021/01/10 v1.0c Emulation of the original atbegshi
package with kernel methods
)
\Hy@abspage=\count289
\c@Item=\count290
\c@Hfootnote=\count291
)
Package hyperref Info: Driver (autodetected): hpdftex.
 (c:/texlive/2024/texmf-dist/tex/latex/hyperref/hpdftex.def
File: hpdftex.def 2024-11-05 v7.01l Hyperref driver for pdfTeX
 (c:/texlive/2024/texmf-dist/tex/latex/base/atveryend-ltx.sty
Package: atveryend-ltx 2020/08/19 v1.0a Emulation of the original atveryend package
with kernel methods
)
\Fld@listcount=\count292
\c@bookmark@seq@number=\count293
 (c:/texlive/2024/texmf-dist/tex/latex/rerunfilecheck/rerunfilecheck.sty
Package: rerunfilecheck 2022-07-10 v1.10 Rerun checks for auxiliary files (HO)
 (c:/texlive/2024/texmf-dist/tex/generic/uniquecounter/uniquecounter.sty
Package: uniquecounter 2019/12/15 v1.4 Provide unlimited unique counter (HO)
)
Package uniquecounter Info: New unique counter `rerunfilecheck' on input line 285.
)
\Hy@SectionHShift=\skip59
) (c:/texlive/2024/texmf-dist/tex/latex/cleveref/cleveref.sty
Package: cleveref 2018/03/27 v0.21.4 Intelligent cross-referencing
Package cleveref Info: `hyperref' support loaded on input line 2370.
LaTeX Info: Redefining \cref on input line 2370.
LaTeX Info: Redefining \Cref on input line 2370.
LaTeX Info: Redefining \crefrange on input line 2370.
LaTeX Info: Redefining \Crefrange on input line 2370.
LaTeX Info: Redefining \cpageref on input line 2370.
LaTeX Info: Redefining \Cpageref on input line 2370.
LaTeX Info: Redefining \cpagerefrange on input line 2370.
LaTeX Info: Redefining \Cpagerefrange on input line 2370.
LaTeX Info: Redefining \labelcref on input line 2370.
LaTeX Info: Redefining \labelcpageref on input line 2370.
Package cleveref Info: `amsthm' support loaded on input line 3026.
Package cleveref Info: `aliascnt' support loaded on input line 3193.
) (c:/texlive/2024/texmf-dist/tex/latex/preprint/fullpage.sty
Package: fullpage 1999/02/23 1.1 (PWD)
\FP@margin=\skip60
) (c:/texlive/2024/texmf-dist/tex/latex/enumitem/enumitem.sty
Package: enumitem 2019/06/20 v3.9 Customized lists
\labelindent=\skip61
\enit@outerparindent=\dimen160
\enit@toks=\toks30
\enit@inbox=\box55
\enit@count@id=\count294
\enitdp@description=\count295
) (c:/texlive/2024/texmf-dist/tex/latex/units/units.sty
Package: units 1998/08/04 v0.9b Typesetting units
 (c:/texlive/2024/texmf-dist/tex/latex/base/ifthen.sty
Package: ifthen 2024/03/16 v1.1e Standard LaTeX ifthen package (DPC)
) (c:/texlive/2024/texmf-dist/tex/latex/units/nicefrac.sty
Package: nicefrac 1998/08/04 v0.9b Nice fractions
\L@UnitsRaiseDisplaystyle=\skip62
\L@UnitsRaiseTextstyle=\skip63
\L@UnitsRaiseScriptstyle=\skip64
)) (c:/texlive/2024/texmf-dist/tex/generic/xypic/xy.sty (c:/texlive/2024/texmf-dist/tex/generic/xypic/xy.tex Bootstrap'ing: catcodes, docmode, (c:/texlive/2024/texmf-dist/tex/generic/xypic/xyrecat.tex) (c:/texlive/2024/texmf-dist/tex/generic/xypic/xyidioms.tex)

 Xy-pic version 3.8.9 <2013/10/06>
 Copyright (c) 1991-2013 by Kristoffer H. Rose <krisrose@tug.org> and others
 Xy-pic is free software: see the User's Guide for details.

Loading kernel: messages; fonts; allocations: state,
\X@c=\dimen161
\Y@c=\dimen162
\U@c=\dimen163
\D@c=\dimen164
\L@c=\dimen165
\R@c=\dimen166
\Edge@c=\toks31
\X@p=\dimen167
\Y@p=\dimen168
\U@p=\dimen169
\D@p=\dimen170
\L@p=\dimen171
\R@p=\dimen172
\Edge@p=\toks32
\X@origin=\dimen173
\Y@origin=\dimen174
\X@xbase=\dimen175
\Y@xbase=\dimen176
\X@ybase=\dimen177
\Y@ybase=\dimen178
\X@min=\dimen179
\Y@min=\dimen180
\X@max=\dimen181
\Y@max=\dimen182
\lastobjectbox@=\box56
\zerodotbox@=\box57
\almostz@=\dimen183
 direction,
\d@X=\dimen184
\d@Y=\dimen185
\K@=\count296
\KK@=\count297
\Direction=\count298
\K@dXdY=\dimen186
\K@dYdX=\dimen187
\xyread@=\read2
\xywrite@=\write3
\csp@=\count299
\quotPTK@=\dimen188
 utility macros; pictures: \xy, positions,
\swaptoks@@=\toks33
\connectobjectbox@@=\box58
 objects,
\styletoks@=\toks34
 decorations; kernel objects: directionals, circles, text; options; algorithms: directions, edges, connections;  Xy-pic loaded) (c:/texlive/2024/texmf-dist/tex/generic/iftex/ifpdf.sty
Package: ifpdf 2019/10/25 v3.4 ifpdf legacy package. Use iftex instead.
)
Package: xy 2013/10/06 Xy-pic version 3.8.9
 (c:/texlive/2024/texmf-dist/tex/generic/xypic/xyall.tex  Xy-pic option: All features v.3.8 (c:/texlive/2024/texmf-dist/tex/generic/xypic/xycurve.tex  Xy-pic option: Curve and Spline extension v.3.12 curve,
\crv@cnt@=\count300
\crvpts@=\toks35
\splinebox@=\box59
\splineval@=\dimen189
\splinedepth@=\dimen190
\splinetol@=\dimen191
\splinelength@=\dimen192
 circles,
\L@=\dimen193
 loaded) (c:/texlive/2024/texmf-dist/tex/generic/xypic/xyframe.tex  Xy-pic option: Frame and Bracket extension v.3.14 loaded) (c:/texlive/2024/texmf-dist/tex/generic/xypic/xycmtip.tex  Xy-pic option: Computer Modern tip extension v.3.7 (c:/texlive/2024/texmf-dist/tex/generic/xypic/xytips.tex  Xy-pic option: More Tips extension v.3.11 loaded) loaded) (c:/texlive/2024/texmf-dist/tex/generic/xypic/xyline.tex  Xy-pic option: Line styles extension v.3.10
\xylinethick@=\dimen194
 loaded) (c:/texlive/2024/texmf-dist/tex/generic/xypic/xyrotate.tex  Xy-pic option: Rotate and Scale extension v.3.8 loaded) (c:/texlive/2024/texmf-dist/tex/generic/xypic/xycolor.tex  Xy-pic option: Colour extension v.3.11 loaded) (c:/texlive/2024/texmf-dist/tex/generic/xypic/xymatrix.tex  Xy-pic option: Matrix feature v.3.14
\Row=\count301
\Col=\count302
\queue@=\toks36
\queue@@=\toks37
\qcount@=\count303
\qcount@@=\count304
\matrixsize@=\count305
 loaded) (c:/texlive/2024/texmf-dist/tex/generic/xypic/xyarrow.tex  Xy-pic option: Arrow and Path feature v.3.9 path, \ar, loaded) (c:/texlive/2024/texmf-dist/tex/generic/xypic/xygraph.tex  Xy-pic option: Graph feature v.3.11 loaded) loaded) (c:/texlive/2024/texmf-dist/tex/generic/xypic/xypdf.tex  Xy-pic option: PDF driver v.1.7 Xy-pic pdf driver: `color' extension support (c:/texlive/2024/texmf-dist/tex/generic/xypic/xypdf-co.tex loaded) Xy-pic pdf driver: `curve' extension support (c:/texlive/2024/texmf-dist/tex/generic/xypic/xypdf-cu.tex loaded) Xy-pic pdf driver: `frame' extension support (c:/texlive/2024/texmf-dist/tex/generic/xypic/xypdf-fr.tex loaded) Xy-pic pdf driver: `line' extension support (c:/texlive/2024/texmf-dist/tex/generic/xypic/xypdf-li.tex loaded) Xy-pic pdf driver: `rotate' extension support (c:/texlive/2024/texmf-dist/tex/generic/xypic/xypdf-ro.tex loaded) loaded)) (c:/texlive/2024/texmf-dist/tex/latex/xcolor/xcolor.sty
Package: xcolor 2024/09/29 v3.02 LaTeX color extensions (UK)
 (c:/texlive/2024/texmf-dist/tex/latex/graphics-cfg/color.cfg
File: color.cfg 2016/01/02 v1.6 sample color configuration
)
Package xcolor Info: Driver file: pdftex.def on input line 274.
 (c:/texlive/2024/texmf-dist/tex/latex/graphics-def/pdftex.def
File: pdftex.def 2024/04/13 v1.2c Graphics/color driver for pdftex
) (c:/texlive/2024/texmf-dist/tex/latex/graphics/mathcolor.ltx)
Package xcolor Info: Model `cmy' substituted by `cmy0' on input line 1349.
Package xcolor Info: Model `hsb' substituted by `rgb' on input line 1353.
Package xcolor Info: Model `RGB' extended on input line 1365.
Package xcolor Info: Model `HTML' substituted by `rgb' on input line 1367.
Package xcolor Info: Model `Hsb' substituted by `hsb' on input line 1368.
Package xcolor Info: Model `tHsb' substituted by `hsb' on input line 1369.
Package xcolor Info: Model `HSB' substituted by `hsb' on input line 1370.
Package xcolor Info: Model `Gray' substituted by `gray' on input line 1371.
Package xcolor Info: Model `wave' substituted by `hsb' on input line 1372.
) (c:/texlive/2024/texmf-dist/tex/latex/jknapltx/mathrsfs.sty
Package: mathrsfs 1996/01/01 Math RSFS package v1.0 (jk)
\symrsfs=\mathgroup9
) (c:/texlive/2024/texmf-dist/tex/latex/tikz-cd/tikz-cd.sty
Package: tikz-cd 2021/05/04 v1.0 Commutative diagrams with TikZ
 (c:/texlive/2024/texmf-dist/tex/latex/pgf/frontendlayer/tikz.sty (c:/texlive/2024/texmf-dist/tex/latex/pgf/basiclayer/pgf.sty (c:/texlive/2024/texmf-dist/tex/latex/pgf/utilities/pgfrcs.sty (c:/texlive/2024/texmf-dist/tex/generic/pgf/utilities/pgfutil-common.tex
\pgfutil@everybye=\toks38
\pgfutil@tempdima=\dimen195
\pgfutil@tempdimb=\dimen196
) (c:/texlive/2024/texmf-dist/tex/generic/pgf/utilities/pgfutil-latex.def
\pgfutil@abb=\box60
) (c:/texlive/2024/texmf-dist/tex/generic/pgf/utilities/pgfrcs.code.tex (c:/texlive/2024/texmf-dist/tex/generic/pgf/pgf.revision.tex)
Package: pgfrcs 2023-01-15 v3.1.10 (3.1.10)
))
Package: pgf 2023-01-15 v3.1.10 (3.1.10)
 (c:/texlive/2024/texmf-dist/tex/latex/pgf/basiclayer/pgfcore.sty (c:/texlive/2024/texmf-dist/tex/latex/graphics/graphicx.sty
Package: graphicx 2021/09/16 v1.2d Enhanced LaTeX Graphics (DPC,SPQR)
 (c:/texlive/2024/texmf-dist/tex/latex/graphics/graphics.sty
Package: graphics 2024/08/06 v1.4g Standard LaTeX Graphics (DPC,SPQR)
 (c:/texlive/2024/texmf-dist/tex/latex/graphics/trig.sty
Package: trig 2023/12/02 v1.11 sin cos tan (DPC)
) (c:/texlive/2024/texmf-dist/tex/latex/graphics-cfg/graphics.cfg
File: graphics.cfg 2016/06/04 v1.11 sample graphics configuration
)
Package graphics Info: Driver file: pdftex.def on input line 106.
)
\Gin@req@height=\dimen197
\Gin@req@width=\dimen198
) (c:/texlive/2024/texmf-dist/tex/latex/pgf/systemlayer/pgfsys.sty (c:/texlive/2024/texmf-dist/tex/generic/pgf/systemlayer/pgfsys.code.tex
Package: pgfsys 2023-01-15 v3.1.10 (3.1.10)
 (c:/texlive/2024/texmf-dist/tex/generic/pgf/utilities/pgfkeys.code.tex
\pgfkeys@pathtoks=\toks39
\pgfkeys@temptoks=\toks40
 (c:/texlive/2024/texmf-dist/tex/generic/pgf/utilities/pgfkeyslibraryfiltered.code.tex
\pgfkeys@tmptoks=\toks41
))
\pgf@x=\dimen199
\pgf@y=\dimen256
\pgf@xa=\dimen257
\pgf@ya=\dimen258
\pgf@xb=\dimen259
\pgf@yb=\dimen260
\pgf@xc=\dimen261
\pgf@yc=\dimen262
\pgf@xd=\dimen263
\pgf@yd=\dimen264
\w@pgf@writea=\write4
\r@pgf@reada=\read3
\c@pgf@counta=\count306
\c@pgf@countb=\count307
\c@pgf@countc=\count308
\c@pgf@countd=\count309
\t@pgf@toka=\toks42
\t@pgf@tokb=\toks43
\t@pgf@tokc=\toks44
\pgf@sys@id@count=\count310
 (c:/texlive/2024/texmf-dist/tex/generic/pgf/systemlayer/pgf.cfg
File: pgf.cfg 2023-01-15 v3.1.10 (3.1.10)
)
Driver file for pgf: pgfsys-pdftex.def
 (c:/texlive/2024/texmf-dist/tex/generic/pgf/systemlayer/pgfsys-pdftex.def
File: pgfsys-pdftex.def 2023-01-15 v3.1.10 (3.1.10)
 (c:/texlive/2024/texmf-dist/tex/generic/pgf/systemlayer/pgfsys-common-pdf.def
File: pgfsys-common-pdf.def 2023-01-15 v3.1.10 (3.1.10)
))) (c:/texlive/2024/texmf-dist/tex/generic/pgf/systemlayer/pgfsyssoftpath.code.tex
File: pgfsyssoftpath.code.tex 2023-01-15 v3.1.10 (3.1.10)
\pgfsyssoftpath@smallbuffer@items=\count311
\pgfsyssoftpath@bigbuffer@items=\count312
) (c:/texlive/2024/texmf-dist/tex/generic/pgf/systemlayer/pgfsysprotocol.code.tex
File: pgfsysprotocol.code.tex 2023-01-15 v3.1.10 (3.1.10)
)) (c:/texlive/2024/texmf-dist/tex/generic/pgf/basiclayer/pgfcore.code.tex
Package: pgfcore 2023-01-15 v3.1.10 (3.1.10)
 (c:/texlive/2024/texmf-dist/tex/generic/pgf/math/pgfmath.code.tex (c:/texlive/2024/texmf-dist/tex/generic/pgf/math/pgfmathutil.code.tex) (c:/texlive/2024/texmf-dist/tex/generic/pgf/math/pgfmathparser.code.tex
\pgfmath@dimen=\dimen265
\pgfmath@count=\count313
\pgfmath@box=\box61
\pgfmath@toks=\toks45
\pgfmath@stack@operand=\toks46
\pgfmath@stack@operation=\toks47
) (c:/texlive/2024/texmf-dist/tex/generic/pgf/math/pgfmathfunctions.code.tex) (c:/texlive/2024/texmf-dist/tex/generic/pgf/math/pgfmathfunctions.basic.code.tex) (c:/texlive/2024/texmf-dist/tex/generic/pgf/math/pgfmathfunctions.trigonometric.code.tex) (c:/texlive/2024/texmf-dist/tex/generic/pgf/math/pgfmathfunctions.random.code.tex) (c:/texlive/2024/texmf-dist/tex/generic/pgf/math/pgfmathfunctions.comparison.code.tex) (c:/texlive/2024/texmf-dist/tex/generic/pgf/math/pgfmathfunctions.base.code.tex) (c:/texlive/2024/texmf-dist/tex/generic/pgf/math/pgfmathfunctions.round.code.tex) (c:/texlive/2024/texmf-dist/tex/generic/pgf/math/pgfmathfunctions.misc.code.tex) (c:/texlive/2024/texmf-dist/tex/generic/pgf/math/pgfmathfunctions.integerarithmetics.code.tex) (c:/texlive/2024/texmf-dist/tex/generic/pgf/math/pgfmathcalc.code.tex) (c:/texlive/2024/texmf-dist/tex/generic/pgf/math/pgfmathfloat.code.tex
\c@pgfmathroundto@lastzeros=\count314
)) (c:/texlive/2024/texmf-dist/tex/generic/pgf/math/pgfint.code.tex) (c:/texlive/2024/texmf-dist/tex/generic/pgf/basiclayer/pgfcorepoints.code.tex
File: pgfcorepoints.code.tex 2023-01-15 v3.1.10 (3.1.10)
\pgf@picminx=\dimen266
\pgf@picmaxx=\dimen267
\pgf@picminy=\dimen268
\pgf@picmaxy=\dimen269
\pgf@pathminx=\dimen270
\pgf@pathmaxx=\dimen271
\pgf@pathminy=\dimen272
\pgf@pathmaxy=\dimen273
\pgf@xx=\dimen274
\pgf@xy=\dimen275
\pgf@yx=\dimen276
\pgf@yy=\dimen277
\pgf@zx=\dimen278
\pgf@zy=\dimen279
) (c:/texlive/2024/texmf-dist/tex/generic/pgf/basiclayer/pgfcorepathconstruct.code.tex
File: pgfcorepathconstruct.code.tex 2023-01-15 v3.1.10 (3.1.10)
\pgf@path@lastx=\dimen280
\pgf@path@lasty=\dimen281
) (c:/texlive/2024/texmf-dist/tex/generic/pgf/basiclayer/pgfcorepathusage.code.tex
File: pgfcorepathusage.code.tex 2023-01-15 v3.1.10 (3.1.10)
\pgf@shorten@end@additional=\dimen282
\pgf@shorten@start@additional=\dimen283
) (c:/texlive/2024/texmf-dist/tex/generic/pgf/basiclayer/pgfcorescopes.code.tex
File: pgfcorescopes.code.tex 2023-01-15 v3.1.10 (3.1.10)
\pgfpic=\box62
\pgf@hbox=\box63
\pgf@layerbox@main=\box64
\pgf@picture@serial@count=\count315
) (c:/texlive/2024/texmf-dist/tex/generic/pgf/basiclayer/pgfcoregraphicstate.code.tex
File: pgfcoregraphicstate.code.tex 2023-01-15 v3.1.10 (3.1.10)
\pgflinewidth=\dimen284
) (c:/texlive/2024/texmf-dist/tex/generic/pgf/basiclayer/pgfcoretransformations.code.tex
File: pgfcoretransformations.code.tex 2023-01-15 v3.1.10 (3.1.10)
\pgf@pt@x=\dimen285
\pgf@pt@y=\dimen286
\pgf@pt@temp=\dimen287
) (c:/texlive/2024/texmf-dist/tex/generic/pgf/basiclayer/pgfcorequick.code.tex
File: pgfcorequick.code.tex 2023-01-15 v3.1.10 (3.1.10)
) (c:/texlive/2024/texmf-dist/tex/generic/pgf/basiclayer/pgfcoreobjects.code.tex
File: pgfcoreobjects.code.tex 2023-01-15 v3.1.10 (3.1.10)
) (c:/texlive/2024/texmf-dist/tex/generic/pgf/basiclayer/pgfcorepathprocessing.code.tex
File: pgfcorepathprocessing.code.tex 2023-01-15 v3.1.10 (3.1.10)
) (c:/texlive/2024/texmf-dist/tex/generic/pgf/basiclayer/pgfcorearrows.code.tex
File: pgfcorearrows.code.tex 2023-01-15 v3.1.10 (3.1.10)
\pgfarrowsep=\dimen288
) (c:/texlive/2024/texmf-dist/tex/generic/pgf/basiclayer/pgfcoreshade.code.tex
File: pgfcoreshade.code.tex 2023-01-15 v3.1.10 (3.1.10)
\pgf@max=\dimen289
\pgf@sys@shading@range@num=\count316
\pgf@shadingcount=\count317
) (c:/texlive/2024/texmf-dist/tex/generic/pgf/basiclayer/pgfcoreimage.code.tex
File: pgfcoreimage.code.tex 2023-01-15 v3.1.10 (3.1.10)
) (c:/texlive/2024/texmf-dist/tex/generic/pgf/basiclayer/pgfcoreexternal.code.tex
File: pgfcoreexternal.code.tex 2023-01-15 v3.1.10 (3.1.10)
\pgfexternal@startupbox=\box65
) (c:/texlive/2024/texmf-dist/tex/generic/pgf/basiclayer/pgfcorelayers.code.tex
File: pgfcorelayers.code.tex 2023-01-15 v3.1.10 (3.1.10)
) (c:/texlive/2024/texmf-dist/tex/generic/pgf/basiclayer/pgfcoretransparency.code.tex
File: pgfcoretransparency.code.tex 2023-01-15 v3.1.10 (3.1.10)
) (c:/texlive/2024/texmf-dist/tex/generic/pgf/basiclayer/pgfcorepatterns.code.tex
File: pgfcorepatterns.code.tex 2023-01-15 v3.1.10 (3.1.10)
) (c:/texlive/2024/texmf-dist/tex/generic/pgf/basiclayer/pgfcorerdf.code.tex
File: pgfcorerdf.code.tex 2023-01-15 v3.1.10 (3.1.10)
))) (c:/texlive/2024/texmf-dist/tex/generic/pgf/modules/pgfmoduleshapes.code.tex
File: pgfmoduleshapes.code.tex 2023-01-15 v3.1.10 (3.1.10)
\pgfnodeparttextbox=\box66
) (c:/texlive/2024/texmf-dist/tex/generic/pgf/modules/pgfmoduleplot.code.tex
File: pgfmoduleplot.code.tex 2023-01-15 v3.1.10 (3.1.10)
) (c:/texlive/2024/texmf-dist/tex/latex/pgf/compatibility/pgfcomp-version-0-65.sty
Package: pgfcomp-version-0-65 2023-01-15 v3.1.10 (3.1.10)
\pgf@nodesepstart=\dimen290
\pgf@nodesepend=\dimen291
) (c:/texlive/2024/texmf-dist/tex/latex/pgf/compatibility/pgfcomp-version-1-18.sty
Package: pgfcomp-version-1-18 2023-01-15 v3.1.10 (3.1.10)
)) (c:/texlive/2024/texmf-dist/tex/latex/pgf/utilities/pgffor.sty (c:/texlive/2024/texmf-dist/tex/latex/pgf/utilities/pgfkeys.sty (c:/texlive/2024/texmf-dist/tex/generic/pgf/utilities/pgfkeys.code.tex)) (c:/texlive/2024/texmf-dist/tex/latex/pgf/math/pgfmath.sty (c:/texlive/2024/texmf-dist/tex/generic/pgf/math/pgfmath.code.tex)) (c:/texlive/2024/texmf-dist/tex/generic/pgf/utilities/pgffor.code.tex
Package: pgffor 2023-01-15 v3.1.10 (3.1.10)
\pgffor@iter=\dimen292
\pgffor@skip=\dimen293
\pgffor@stack=\toks48
\pgffor@toks=\toks49
)) (c:/texlive/2024/texmf-dist/tex/generic/pgf/frontendlayer/tikz/tikz.code.tex
Package: tikz 2023-01-15 v3.1.10 (3.1.10)
 (c:/texlive/2024/texmf-dist/tex/generic/pgf/libraries/pgflibraryplothandlers.code.tex
File: pgflibraryplothandlers.code.tex 2023-01-15 v3.1.10 (3.1.10)
\pgf@plot@mark@count=\count318
\pgfplotmarksize=\dimen294
)
\tikz@lastx=\dimen295
\tikz@lasty=\dimen296
\tikz@lastxsaved=\dimen297
\tikz@lastysaved=\dimen298
\tikz@lastmovetox=\dimen299
\tikz@lastmovetoy=\dimen300
\tikzleveldistance=\dimen301
\tikzsiblingdistance=\dimen302
\tikz@figbox=\box67
\tikz@figbox@bg=\box68
\tikz@tempbox=\box69
\tikz@tempbox@bg=\box70
\tikztreelevel=\count319
\tikznumberofchildren=\count320
\tikznumberofcurrentchild=\count321
\tikz@fig@count=\count322
 (c:/texlive/2024/texmf-dist/tex/generic/pgf/modules/pgfmodulematrix.code.tex
File: pgfmodulematrix.code.tex 2023-01-15 v3.1.10 (3.1.10)
\pgfmatrixcurrentrow=\count323
\pgfmatrixcurrentcolumn=\count324
\pgf@matrix@numberofcolumns=\count325
)
\tikz@expandcount=\count326
 (c:/texlive/2024/texmf-dist/tex/generic/pgf/frontendlayer/tikz/libraries/tikzlibrarytopaths.code.tex
File: tikzlibrarytopaths.code.tex 2023-01-15 v3.1.10 (3.1.10)
))) (c:/texlive/2024/texmf-dist/tex/generic/tikz-cd/tikzlibrarycd.code.tex (c:/texlive/2024/texmf-dist/tex/generic/pgf/frontendlayer/tikz/libraries/tikzlibrarymatrix.code.tex
File: tikzlibrarymatrix.code.tex 2023-01-15 v3.1.10 (3.1.10)
) (c:/texlive/2024/texmf-dist/tex/generic/pgf/frontendlayer/tikz/libraries/tikzlibraryquotes.code.tex
File: tikzlibraryquotes.code.tex 2023-01-15 v3.1.10 (3.1.10)
) (c:/texlive/2024/texmf-dist/tex/generic/pgf/libraries/pgflibraryarrows.meta.code.tex
File: pgflibraryarrows.meta.code.tex 2023-01-15 v3.1.10 (3.1.10)
\pgfarrowinset=\dimen303
\pgfarrowlength=\dimen304
\pgfarrowwidth=\dimen305
\pgfarrowlinewidth=\dimen306
))) (c:/texlive/2024/texmf-dist/tex/latex/mathtools/mathtools.sty
Package: mathtools 2024/10/04 v1.31 mathematical typesetting tools
 (c:/texlive/2024/texmf-dist/tex/latex/tools/calc.sty
Package: calc 2023/07/08 v4.3 Infix arithmetic (KKT,FJ)
\calc@Acount=\count327
\calc@Bcount=\count328
\calc@Adimen=\dimen307
\calc@Bdimen=\dimen308
\calc@Askip=\skip65
\calc@Bskip=\skip66
LaTeX Info: Redefining \setlength on input line 80.
LaTeX Info: Redefining \addtolength on input line 81.
\calc@Ccount=\count329
\calc@Cskip=\skip67
) (c:/texlive/2024/texmf-dist/tex/latex/mathtools/mhsetup.sty
Package: mhsetup 2021/03/18 v1.4 programming setup (MH)
)
\g_MT_multlinerow_int=\count330
\l_MT_multwidth_dim=\dimen309
\origjot=\skip68
\l_MT_shortvdotswithinadjustabove_dim=\dimen310
\l_MT_shortvdotswithinadjustbelow_dim=\dimen311
\l_MT_above_intertext_sep=\dimen312
\l_MT_below_intertext_sep=\dimen313
\l_MT_above_shortintertext_sep=\dimen314
\l_MT_below_shortintertext_sep=\dimen315
\xmathstrut@box=\box71
\xmathstrut@dim=\dimen316
) (c:/texlive/2024/texmf-dist/tex/latex/stmaryrd/stmaryrd.sty
Package: stmaryrd 1994/03/03 St Mary's Road symbol package
\symstmry=\mathgroup10
LaTeX Font Info:    Overwriting symbol font `stmry' in version `bold'
(Font)                  U/stmry/m/n --> U/stmry/b/n on input line 89.
) (c:/texlive/2024/texmf-dist/tex/latex/base/fontenc.sty
Package: fontenc 2021/04/29 v2.0v Standard LaTeX package
 (c:/texlive/2024/texmf-dist/tex/latex/cyrillic/ot2enc.def
File: ot2enc.def 2022/06/11 v3.3b Cyrillic encoding definition file
Now handling font encoding OT2 ...
... processing UTF-8 mapping file for font encoding OT2
 (c:/texlive/2024/texmf-dist/tex/latex/base/ot2enc.dfu
File: ot2enc.dfu 2022/06/07 v1.3c UTF-8 support
   defining Unicode char U+00AB (decimal 171)
   defining Unicode char U+00BB (decimal 187)
   defining Unicode char U+0131 (decimal 305)
   defining Unicode char U+0237 (decimal 567)
   defining Unicode char U+0400 (decimal 1024)
   defining Unicode char U+0401 (decimal 1025)
   defining Unicode char U+0402 (decimal 1026)
   defining Unicode char U+0403 (decimal 1027)
   defining Unicode char U+0404 (decimal 1028)
   defining Unicode char U+0405 (decimal 1029)
   defining Unicode char U+0406 (decimal 1030)
   defining Unicode char U+0408 (decimal 1032)
   defining Unicode char U+0409 (decimal 1033)
   defining Unicode char U+040A (decimal 1034)
   defining Unicode char U+040B (decimal 1035)
   defining Unicode char U+040C (decimal 1036)
   defining Unicode char U+040D (decimal 1037)
   defining Unicode char U+040F (decimal 1039)
   defining Unicode char U+0410 (decimal 1040)
   defining Unicode char U+0411 (decimal 1041)
   defining Unicode char U+0412 (decimal 1042)
   defining Unicode char U+0413 (decimal 1043)
   defining Unicode char U+0414 (decimal 1044)
   defining Unicode char U+0415 (decimal 1045)
   defining Unicode char U+0416 (decimal 1046)
   defining Unicode char U+0417 (decimal 1047)
   defining Unicode char U+0418 (decimal 1048)
   defining Unicode char U+0419 (decimal 1049)
   defining Unicode char U+041A (decimal 1050)
   defining Unicode char U+041B (decimal 1051)
   defining Unicode char U+041C (decimal 1052)
   defining Unicode char U+041D (decimal 1053)
   defining Unicode char U+041E (decimal 1054)
   defining Unicode char U+041F (decimal 1055)
   defining Unicode char U+0420 (decimal 1056)
   defining Unicode char U+0421 (decimal 1057)
   defining Unicode char U+0422 (decimal 1058)
   defining Unicode char U+0423 (decimal 1059)
   defining Unicode char U+0424 (decimal 1060)
   defining Unicode char U+0425 (decimal 1061)
   defining Unicode char U+0426 (decimal 1062)
   defining Unicode char U+0427 (decimal 1063)
   defining Unicode char U+0428 (decimal 1064)
   defining Unicode char U+0429 (decimal 1065)
   defining Unicode char U+042A (decimal 1066)
   defining Unicode char U+042B (decimal 1067)
   defining Unicode char U+042C (decimal 1068)
   defining Unicode char U+042D (decimal 1069)
   defining Unicode char U+042E (decimal 1070)
   defining Unicode char U+042F (decimal 1071)
   defining Unicode char U+0430 (decimal 1072)
   defining Unicode char U+0431 (decimal 1073)
   defining Unicode char U+0432 (decimal 1074)
   defining Unicode char U+0433 (decimal 1075)
   defining Unicode char U+0434 (decimal 1076)
   defining Unicode char U+0435 (decimal 1077)
   defining Unicode char U+0436 (decimal 1078)
   defining Unicode char U+0437 (decimal 1079)
   defining Unicode char U+0438 (decimal 1080)
   defining Unicode char U+0439 (decimal 1081)
   defining Unicode char U+043A (decimal 1082)
   defining Unicode char U+043B (decimal 1083)
   defining Unicode char U+043C (decimal 1084)
   defining Unicode char U+043D (decimal 1085)
   defining Unicode char U+043E (decimal 1086)
   defining Unicode char U+043F (decimal 1087)
   defining Unicode char U+0440 (decimal 1088)
   defining Unicode char U+0441 (decimal 1089)
   defining Unicode char U+0442 (decimal 1090)
   defining Unicode char U+0443 (decimal 1091)
   defining Unicode char U+0444 (decimal 1092)
   defining Unicode char U+0445 (decimal 1093)
   defining Unicode char U+0446 (decimal 1094)
   defining Unicode char U+0447 (decimal 1095)
   defining Unicode char U+0448 (decimal 1096)
   defining Unicode char U+0449 (decimal 1097)
   defining Unicode char U+044A (decimal 1098)
   defining Unicode char U+044B (decimal 1099)
   defining Unicode char U+044C (decimal 1100)
   defining Unicode char U+044D (decimal 1101)
   defining Unicode char U+044E (decimal 1102)
   defining Unicode char U+044F (decimal 1103)
   defining Unicode char U+0450 (decimal 1104)
   defining Unicode char U+0451 (decimal 1105)
   defining Unicode char U+0452 (decimal 1106)
   defining Unicode char U+0453 (decimal 1107)
   defining Unicode char U+0454 (decimal 1108)
   defining Unicode char U+0455 (decimal 1109)
   defining Unicode char U+0456 (decimal 1110)
   defining Unicode char U+0458 (decimal 1112)
   defining Unicode char U+0459 (decimal 1113)
   defining Unicode char U+045A (decimal 1114)
   defining Unicode char U+045B (decimal 1115)
   defining Unicode char U+045C (decimal 1116)
   defining Unicode char U+045D (decimal 1117)
   defining Unicode char U+045F (decimal 1119)
   defining Unicode char U+0462 (decimal 1122)
   defining Unicode char U+0463 (decimal 1123)
   defining Unicode char U+0472 (decimal 1138)
   defining Unicode char U+0473 (decimal 1139)
   defining Unicode char U+0474 (decimal 1140)
   defining Unicode char U+0475 (decimal 1141)
   defining Unicode char U+04C1 (decimal 1217)
   defining Unicode char U+04C2 (decimal 1218)
   defining Unicode char U+04D0 (decimal 1232)
   defining Unicode char U+04D1 (decimal 1233)
   defining Unicode char U+04D2 (decimal 1234)
   defining Unicode char U+04D3 (decimal 1235)
   defining Unicode char U+04D6 (decimal 1238)
   defining Unicode char U+04D7 (decimal 1239)
   defining Unicode char U+04DC (decimal 1244)
   defining Unicode char U+04DD (decimal 1245)
   defining Unicode char U+04DE (decimal 1246)
   defining Unicode char U+04DF (decimal 1247)
   defining Unicode char U+04E2 (decimal 1250)
   defining Unicode char U+04E3 (decimal 1251)
   defining Unicode char U+04E4 (decimal 1252)
   defining Unicode char U+04E5 (decimal 1253)
   defining Unicode char U+04E6 (decimal 1254)
   defining Unicode char U+04E7 (decimal 1255)
   defining Unicode char U+04EC (decimal 1260)
   defining Unicode char U+04ED (decimal 1261)
   defining Unicode char U+04EE (decimal 1262)
   defining Unicode char U+04EF (decimal 1263)
   defining Unicode char U+04F0 (decimal 1264)
   defining Unicode char U+04F1 (decimal 1265)
   defining Unicode char U+04F2 (decimal 1266)
   defining Unicode char U+04F3 (decimal 1267)
   defining Unicode char U+04F4 (decimal 1268)
   defining Unicode char U+04F5 (decimal 1269)
   defining Unicode char U+04F8 (decimal 1272)
   defining Unicode char U+04F9 (decimal 1273)
   defining Unicode char U+2013 (decimal 8211)
   defining Unicode char U+2014 (decimal 8212)
   defining Unicode char U+2018 (decimal 8216)
   defining Unicode char U+2019 (decimal 8217)
   defining Unicode char U+201C (decimal 8220)
   defining Unicode char U+201D (decimal 8221)
   defining Unicode char U+2116 (decimal 8470)
)))
\symcyrletters=\mathgroup11
 (c:/texlive/2024/texmf-dist/tex/latex/import/import.sty
Package: import 2020/04/01  v 6.2
) (c:/texlive/2024/texmf-dist/tex/latex/doublestroke/dsfont.sty
Package: dsfont 1995/08/01 v0.1 Double stroke roman fonts
)
\c@theorem=\count331
 (c:/texlive/2024/texmf-dist/tex/generic/soul/soul.sty
Package: soul 2023-06-14 v3.1 Permit use of UTF-8 characters in soul (HO)
 (c:/texlive/2024/texmf-dist/tex/generic/soul/soul-ori.sty
Package: soul-ori 2023-06-14 v3.1 letterspacing/underlining (mf)
\SOUL@word=\toks50
\SOUL@lasttoken=\toks51
\SOUL@syllable=\toks52
\SOUL@cmds=\toks53
\SOUL@buffer=\toks54
\SOUL@token=\toks55
\SOUL@syllgoal=\dimen317
\SOUL@syllwidth=\dimen318
\SOUL@charkern=\dimen319
\SOUL@hyphkern=\dimen320
\SOUL@dimen=\dimen321
\SOUL@dimeni=\dimen322
\SOUL@minus=\count332
\SOUL@comma=\count333
\SOUL@apo=\count334
\SOUL@grave=\count335
\SOUL@spaceskip=\skip69
\SOUL@ttwidth=\dimen323
\SOUL@uldp=\dimen324
\SOUL@ulht=\dimen325
) (c:/texlive/2024/texmf-dist/tex/generic/etexcmds/etexcmds.sty
Package: etexcmds 2019/12/15 v1.7 Avoid name clashes with e-TeX commands (HO)
))) (c:/texlive/2024/texmf-dist/tex/latex/glossaries/base/glossaries.sty
Package: glossaries 2024/11/01 v4.55 (NLCT)
 (c:/texlive/2024/texmf-dist/tex/latex/xkeyval/xkeyval.sty
Package: xkeyval 2022/06/16 v2.9 package option processing (HA)
 (c:/texlive/2024/texmf-dist/tex/generic/xkeyval/xkeyval.tex (c:/texlive/2024/texmf-dist/tex/generic/xkeyval/xkvutils.tex
\XKV@toks=\toks56
\XKV@tempa@toks=\toks57
)
\XKV@depth=\count336
File: xkeyval.tex 2014/12/03 v2.7a key=value parser (HA)
)) (c:/texlive/2024/texmf-dist/tex/latex/mfirstuc/mfirstuc.sty
Package: mfirstuc 2022/10/14 v2.08 (NLCT)
\@glsmfirst=\toks58
\@glsmrest=\toks59
) (c:/texlive/2024/texmf-dist/tex/latex/xfor/xfor.sty
Package: xfor 2009/02/05 v1.05 (NLCT)
) (c:/texlive/2024/texmf-dist/tex/latex/datatool/datatool-base.sty
Package: datatool-base 2019/09/27 v2.32 (NLCT)
 (c:/texlive/2024/texmf-dist/tex/latex/substr/substr.sty
Package: substr 2009/10/20 v1.2 Handle substrings
\c@su@anzahl=\count337
) (c:/texlive/2024/texmf-dist/tex/latex/datatool/datatool-fp.sty
Package: datatool-fp 2019/09/27 v2.32 (NLCT)
 (c:/texlive/2024/texmf-dist/tex/latex/fp/fp.sty
Package: fp 1995/04/02
 `Fixed Point Package', Version 0.8, April 2, 1995 (C) Michael Mehlich (c:/texlive/2024/texmf-dist/tex/latex/fp/defpattern.sty
Package: defpattern 1994/10/12
\actioncount=\count338
) (c:/texlive/2024/texmf-dist/tex/latex/fp/fp-basic.sty
Package: fp-basic 1996/05/13
\FP@xs=\count339
\FP@xia=\count340
\FP@xib=\count341
\FP@xfa=\count342
\FP@xfb=\count343
\FP@rega=\count344
\FP@regb=\count345
\FP@regs=\count346
\FP@times=\count347
) (c:/texlive/2024/texmf-dist/tex/latex/fp/fp-addons.sty
Package: fp-addons 1995/03/15
) (c:/texlive/2024/texmf-dist/tex/latex/fp/fp-snap.sty
Package: fp-snap 1995/04/05
) (c:/texlive/2024/texmf-dist/tex/latex/fp/fp-exp.sty
Package: fp-exp 1995/04/03
) (c:/texlive/2024/texmf-dist/tex/latex/fp/fp-trigo.sty
Package: fp-trigo 1995/04/14
) (c:/texlive/2024/texmf-dist/tex/latex/fp/fp-pas.sty
Package: fp-pas 1994/08/29
) (c:/texlive/2024/texmf-dist/tex/latex/fp/fp-random.sty
Package: fp-random 1995/02/23
\FPseed=\count348
) (c:/texlive/2024/texmf-dist/tex/latex/fp/fp-eqn.sty
Package: fp-eqn 1995/04/03
) (c:/texlive/2024/texmf-dist/tex/latex/fp/fp-upn.sty
Package: fp-upn 1996/10/21
)
(c:/texlive/2024/texmf-dist/tex/latex/fp/fp-eval.sty
Package: fp-eval 1995/04/03
)))
\@dtl@toks=\toks60
\@dtl@tmpcount=\count349
\dtl@tmplength=\skip70
\dtl@sortresult=\count350
\@dtl@numgrpsepcount=\count351
\@dtl@datatype=\count352
\dtl@codeA=\count353
\dtl@codeB=\count354
\@dtl@foreach@level=\count355
)
\gls@level=\count356
\@gls@tmpb=\toks61
\gls@tmplen=\skip71
\glskeylisttok=\toks62
\glslabeltok=\toks63
\glsshorttok=\toks64
\glslongtok=\toks65
 (c:/texlive/2024/texmf-dist/tex/latex/glossaries/styles/glossary-hypernav.sty
Package: glossary-hypernav 2024/11/01 v4.55 (NLCT)
) (c:/texlive/2024/texmf-dist/tex/latex/glossaries/styles/glossary-list.sty
Package: glossary-list 2024/11/01 v4.55 (NLCT)
\glslistdottedwidth=\skip72
) (c:/texlive/2024/texmf-dist/tex/latex/glossaries/styles/glossary-long.sty
Package: glossary-long 2024/11/01 v4.55 (NLCT)
 (c:/texlive/2024/texmf-dist/tex/latex/tools/longtable.sty
Package: longtable 2024-10-27 v4.22 Multi-page Table package (DPC)
\LTleft=\skip73
\LTright=\skip74
\LTpre=\skip75
\LTpost=\skip76
\LTchunksize=\count357
\LTcapwidth=\dimen326
\LT@head=\box72
\LT@firsthead=\box73
\LT@foot=\box74
\LT@lastfoot=\box75
\LT@gbox=\box76
\LT@cols=\count358
\LT@rows=\count359
\c@LT@tables=\count360
\c@LT@chunks=\count361
\LT@p@ftn=\toks66
)
\glsdescwidth=\skip77
\glspagelistwidth=\skip78
) (c:/texlive/2024/texmf-dist/tex/latex/glossaries/styles/glossary-super.sty
Package: glossary-super 2024/11/01 v4.55 (NLCT)
 (c:/texlive/2024/texmf-dist/tex/latex/supertabular/supertabular.sty
Package: supertabular 2024/07/20 v4.2c the supertabular environment
\c@tracingst=\count362
\ST@wd=\dimen327
\ST@rightskip=\skip79
\ST@leftskip=\skip80
\ST@parfillskip=\skip81
\ST@pageleft=\dimen328
\ST@headht=\dimen329
\ST@tailht=\dimen330
\ST@pagesofar=\dimen331
\ST@pboxht=\dimen332
\ST@rowht=\dimen333
\ST@prevht=\dimen334
\ST@toadd=\dimen335
\ST@dimen=\dimen336
\ST@pbox=\box77
)) (c:/texlive/2024/texmf-dist/tex/latex/glossaries/styles/glossary-tree.sty
Package: glossary-tree 2024/11/01 v4.55 (NLCT)
\glstreeindent=\skip82
))
\glswrite=\write5
\glo@main@file=\write6
\openout6 = `HomologicalAlgebra.glo'.

Package glossaries Info: Writing glossary file HomologicalAlgebra.glo on input line 7.
 (c:/texlive/2024/texmf-dist/tex/latex/l3backend/l3backend-pdftex.def
File: l3backend-pdftex.def 2024-05-08 L3 backend support: PDF output (pdfTeX)
\l__color_backend_stack_int=\count363
\l__pdf_internal_box=\box78
)
No file HomologicalAlgebra.aux.
\openout1 = `HomologicalAlgebra.aux'.

LaTeX Font Info:    Checking defaults for OML/cmm/m/it on input line 10.
LaTeX Font Info:    ... okay on input line 10.
LaTeX Font Info:    Checking defaults for OMS/cmsy/m/n on input line 10.
LaTeX Font Info:    ... okay on input line 10.
LaTeX Font Info:    Checking defaults for OT1/cmr/m/n on input line 10.
LaTeX Font Info:    ... okay on input line 10.
LaTeX Font Info:    Checking defaults for T1/cmr/m/n on input line 10.
LaTeX Font Info:    ... okay on input line 10.
LaTeX Font Info:    Checking defaults for TS1/cmr/m/n on input line 10.
LaTeX Font Info:    ... okay on input line 10.
LaTeX Font Info:    Checking defaults for OMX/cmex/m/n on input line 10.
LaTeX Font Info:    ... okay on input line 10.
LaTeX Font Info:    Checking defaults for U/cmr/m/n on input line 10.
LaTeX Font Info:    ... okay on input line 10.
LaTeX Font Info:    Checking defaults for PD1/pdf/m/n on input line 10.
LaTeX Font Info:    ... okay on input line 10.
LaTeX Font Info:    Checking defaults for PU/pdf/m/n on input line 10.
LaTeX Font Info:    ... okay on input line 10.
LaTeX Font Info:    Checking defaults for OT2/cmr/m/n on input line 10.
LaTeX Font Info:    Trying to load font information for OT2+cmr on input line 10.
(c:/texlive/2024/texmf-dist/tex/latex/cyrillic/ot2cmr.fd
File: ot2cmr.fd 2001/08/11 v3.2c Computer Modern Cyrillic font definitions
)
LaTeX Font Info:    ... okay on input line 10.
LaTeX Font Info:    Trying to load font information for U+msa on input line 10.
 (c:/texlive/2024/texmf-dist/tex/latex/amsfonts/umsa.fd
File: umsa.fd 2013/01/14 v3.01 AMS symbols A
)
LaTeX Font Info:    Trying to load font information for U+msb on input line 10.
 (c:/texlive/2024/texmf-dist/tex/latex/amsfonts/umsb.fd
File: umsb.fd 2013/01/14 v3.01 AMS symbols B
)
LaTeX Font Info:    Trying to load font information for U+rsfs on input line 10.
 (c:/texlive/2024/texmf-dist/tex/latex/jknapltx/ursfs.fd
File: ursfs.fd 1998/03/24 rsfs font definition file (jk)
)
LaTeX Font Info:    Trying to load font information for U+stmry on input line 10.
 (c:/texlive/2024/texmf-dist/tex/latex/stmaryrd/Ustmry.fd)
LaTeX Font Info:    Trying to load font information for OT2+wncyr on input line 10.
 (c:/texlive/2024/texmf-dist/tex/latex/cyrillic/ot2wncyr.fd
File: ot2wncyr.fd 1999/12/17 v3.2a Computer Modern Cyrillic font definitions
)
Package hyperref Info: Link coloring OFF on input line 10.
\@outlinefile=\write7
\openout7 = `HomologicalAlgebra.out'.

Package xypdf Info: Line width: 0.47998pt on input line 10.
 (c:/texlive/2024/texmf-dist/tex/context/base/mkii/supp-pdf.mkii
[Loading MPS to PDF converter (version 2006.09.02).]
\scratchcounter=\count364
\scratchdimen=\dimen337
\scratchbox=\box79
\nofMPsegments=\count365
\nofMParguments=\count366
\everyMPshowfont=\toks67
\MPscratchCnt=\count367
\MPscratchDim=\dimen338
\MPnumerator=\count368
\makeMPintoPDFobject=\count369
\everyMPtoPDFconversion=\toks68
) (c:/texlive/2024/texmf-dist/tex/latex/epstopdf-pkg/epstopdf-base.sty
Package: epstopdf-base 2020-01-24 v2.11 Base part for package epstopdf
Package epstopdf-base Info: Redefining graphics rule for `.eps' on input line 485.
 (c:/texlive/2024/texmf-dist/tex/latex/latexconfig/epstopdf-sys.cfg
File: epstopdf-sys.cfg 2010/07/13 v1.3 Configuration of (r)epstopdf for TeX Live
)) (./HomologicalAlgebra.glsdefs)
No file HomologicalAlgebra.toc.
\tf@toc=\write8
\openout8 = `HomologicalAlgebra.toc'.

(./content.tex (../_definitions/definition_category.tex
\@gls@deffile=\write9
\openout9 = `HomologicalAlgebra.glsdefs'.



[1
\openout5 = `HomologicalAlgebra.ist'.

{c:/texlive/2024/texmf-var/fonts/map/pdftex/updmap/pdftex.map}{c:/texlive/2024/texmf-dist/fonts/enc/dvips/cm-super/cm-super-t1.enc}]) (../_definitions/definition_opposite_category_of_a_category.tex) (../_definitions/definition_functor_between_categories.tex) (../_definitions/definition_natural_transformation_between_functors_between_categories.tex

[2]
Overfull \hbox (7.19531pt too wide) in paragraph at lines 19--20
[]\T1/cmr/m/n/12 We write such a nat-u-ral trans-for-ma-tion by [][]. We might also write [][]
 []

) (../_definitions/definition_locally_small_category.tex) (../_concepts/lemma_category_of_presheaves_on_a_small_category_of_locally_small_value_is_locally_small.tex) (../_definitions/definition_full_subcategory_of_a_category.tex

[3]) (../_definitions/definition_full_and_faithful_functor_between_locally_small_categories.tex
Overfull \hbox (8.90968pt too wide) in paragraph at lines 6--7
[]$\OML/cmm/m/it/12 F$ \T1/cmr/m/n/12 is called []\T1/cmr/m/it/12 full \T1/cmr/m/n/12 if for ev-ery pair of ob-jects $\OML/cmm/m/it/12 x; y \OMS/cmsy/m/n/12 2 []\OT1/cmr/m/n/12 (\OMS/cmsy/m/n/12 C\OT1/cmr/m/n/12 )$\T1/cmr/m/n/12 , the in-duced rule/assignment/class
 []

) (../_definitions/definition_equivalence_of_categories.tex) (../_definitions/definition_essentially_small_category.tex) (../_definitions/definition_product_category_of_a_family_of_categories.tex

[4]) (../_definitions/definition_n_ary_functor.tex) (../_concepts/lemma_Hom_functor_on_an_enriched_category_is_contravariant_in_the_first_argument_and_covariant_in_the_second.tex

[5]) (../_definitions/definition_ringed_space.tex) (../_definitions/definition_module_over_a_sheaf_of_rings_on_a_site.tex

[6]
Overfull \hbox (3.30063pt too wide) in paragraph at lines 56--57
\T1/cmr/m/n/12 forms the []\T1/cmr/m/it/12 cat[]-[]e[]-[]gory[] [][][]of[] [][][][][]-[]mod[]-[]ules\T1/cmr/m/n/12 , de-noted [][]. The Hom func-tors $[][]$
 []

) (../_definitions/definition_sheafification_of_a_presheaf_on_a_topological_space.tex

[7]) (../_definitions/definition_sheafification_functor_on_a_site.tex) (../_concepts/theorem_sheafification_of_a_presheaf_of_sets_on_a_small_enough_site.tex

LaTeX Warning: Citation `SGA4_I' on page 8 undefined on input line 1.


LaTeX Warning: Citation `nlab:sheafification' on page 8 undefined on input line 12.


LaTeX Warning: Citation `kashiwara_schapira_cs' on page 8 undefined on input line 12.



[8]) (../_concepts/lemma_final_object_is_projective_limit_of_empty_diagram.tex) (../_definitions/definition_topos.tex

LaTeX Warning: Citation `SGA4_I' on page 9 undefined on input line 6.

) (../_definitions/definition_morphism_of_topoi.tex

LaTeX Warning: Citation `SGA4_I' on page 9 undefined on input line 1.


LaTeX Warning: Citation `nlab:geometric_morphism' on page 9 undefined on input line 1.

) (../_definitions/definition_ringed_topos.tex) (../_definitions/definition_morphism_of_ringed_topoi.tex

[9]) (../_concepts/lemma_topos_has_a_final_object.tex) (../_definitions/definition_monomorphism_and_epimorphism_in_categories.tex) (../_definitions/definition_kernel_and_cokernel_of_a_morphism_in_a_pointed_category.tex) (../_definitions/definition_subobject_of_an_object_of_a_category.tex) (../_definitions/definition_intersection_of_subobjects_of_an_object_in_a_category.tex) (../_definitions/definition_quotient_object_of_an_object_of_an_abelian_category_by_a_subobject.tex) (../_definitions/definition_image_coimage_of_a_morphism_in_a_category.tex

[10]) (../_definitions/definition_category_with_images_coimages.tex) (../_excerpts/../_excerpts/excerpts_diagrams_systems_and_limits_in_categories.tex (../_definitions/../_definitions/definition_diagram_in_a_category_indexed_by_a_small_category.tex

[11]

LaTeX Warning: Reference `lemma:category_of_presheaves_on_a_small_category_of_locally_small_value_is_locally_small' on page 12 undefined on input line 16.

) (../_definitions/../_definitions/definition_limit_and_colimit_of_a_diagram_in_a_category.tex
Underfull \vbox (badness 1292) has occurred while \output is active []



[12]

[13]) (../_concepts/../_concepts/theorem_limits_and_colimits_as_functors_from_functor_category_to_value_category.tex) (../_concepts/../_concepts/theorem_limits_colimits_essentially_small.tex) (../_definitions/../_definitions/definition_small_and_finite_limits_and_colimits_in_a_category.tex) (../_concepts/../_concepts/theorem_limits_colimits_are_equalizers_coequaulizers_of_products_coproducts.tex

[14]) (../_definitions/../_definitions/definition_partially_ordered_set.tex

[15]) (../_definitions/../_definitions/definition_filtered_cofiltered_category.tex

LaTeX Warning: `h' float specifier changed to `ht'.

) (../_definitions/../_definitions/definition_thin_category.tex

[16]) (../_concepts/../_concepts/lemma_posets_correspond_to_small_filtered_thin_categories.tex) (../_definitions/../_definitions/definition_system_in_a_category_indexed_by_a_directed_poset.tex) (../_definitions/../_definitions/definition_projective_and_inductive_limits_in_categories.tex

[17])) (../_concepts/lemma_bifunctors_induce_functors_to_a_functor_category_and_natural_transformations.tex)

LaTeX Warning: Reference `theorem:right_left_adjoints_commute_with_limits_colimits' on page 1 undefined on input line 55.

(../_definitions/definition_comparison_morphism_of_limits_and_colimits_under_functors.tex) (../_definitions/definition_functor_preserving_limit_colimit_of_a_diagram.tex

[18]) (../_definitions/definition_continuous_cocontinuous_functor_between_categories.tex) (../_concepts/theorem_right_left_adjoints_commute_with_limits_colimits.tex)

LaTeX Warning: Reference `theorem:colimits_commute_with_colimits_and_limits_commute_with_limits' on page 1 undefined on input line 65.

(../_concepts/theorem_colimits_commute_with_colimits_and_limits_commute_with_limits.tex

[19]) (../_concepts/proposition_limits_and_colimits_in_functor_categories_may_be_computed_pointwise.tex

[20]) (../_definitions/definition_diagonal_functor_from_a_category_to_a_diagram_category_of_the_category.tex) (../_concepts/theorem_limit_and_colimit_are_left_right_adjoint_to_diagonal_functor_for_locally_small_base_and_small_index.tex) (../_definitions/definition_initial_final_zero_objects_of_a_category.tex

[21]) (../_concepts/lemma_initial_or_final_object_in_a_category_that_is_also_in_a_full_subcategory_is_initial_or_final_in_the_subcategory.tex) (../_definitions/definition_product_and_coproduct_of_objects_in_a_category.tex

[22]) (../_definitions/definition_product_of_finitely_many_objects_in_a_category.tex) (../_definitions/definition_complete_and_cocomplete_category.tex) (../_definitions/definition_additive_category_preadditive_category.tex) (../_concepts/lemma_finite_products_and_finite_coproducts_coincide_in_preadditive_categories.tex

[23]) (../_definitions/definition_additive_functor_between_additive_categories.tex) (../_definitions/definition_pre_abelian_category.tex) (../_concepts/lemma_canonical_morphism_from_cokernel_of_kernel_to_kernel_of_cokernel_in_a_preabelian_category.tex) (../_definitions/definition_abelian_category.tex

[24]) (../_concepts/lemma_image_coimage_of_a_morphism_in_an_abelian_category_coincides_with_kernel_of_cokernel_cokernel_of_kernel.tex

LaTeX Warning: Reference `definition:kernel_and_cokernel_of_a_morphism_in_a_pointed_category' on page 1 undefined on input line 6.

) (../_concepts/proposition_diagram_category_of_a_preadditive_additive_abelian_category_indexed_by_a_small_category_is_preadditive_additive_abelian.tex) (../_definitions/definition_equalizer_and_coequalizer_of_morphisms_in_a_category.tex

[25]) (../_concepts/lemma_equalizer_coequalizer_in_an_additive_category_are_given_by_kernel_and_cokernel.tex) (../_concepts/lemma_abelian_categories_are_finitely_complete_and_finitely_cocomplete.tex

LaTeX Warning: Reference `theorem:limits_colimits_are_equalizers_coequaulizers_of_products_coproducts' on page 26 undefined on input line 5.

) (../_concepts/proposition_examples_of_abelian_categories.tex

LaTeX Warning: Reference `theorem:the_category_of_R_S_bimodules_is_a_grothendieck_abelian_category_and_AB4_star' on page 1 undefined on input line 5.

) (../_concepts/proposition_monomorphisms_are_the_same_as_kernels_and_epimorphisms_are_the_same_as_cokernels_in_abelian_categories.tex

[26]) (../_definitions/definition_exact_functor_between_abelian_categories.tex

LaTeX Warning: Hyper reference `definition:kernel_and_cokernel_of_a_morphism_in_a_pointed_category' on page 27 undefined on input line 5.


LaTeX Warning: Hyper reference `definition:product_and_coproduct_of_objects_in_a_category' on page 27 undefined on input line 13.


LaTeX Warning: Hyper reference `definition:additive_category_preadditive_category' on page 27 undefined on input line 13.


LaTeX Warning: Hyper reference `definition:kernel_and_cokernel_of_a_morphism_in_a_pointed_category' on page 27 undefined on input line 13.


LaTeX Warning: Hyper reference `definition:pointed_category' on page 27 undefined on input line 13.


LaTeX Warning: Hyper reference `definition:equalizer_and_coequalizer_of_morphisms_in_a_category' on page 27 undefined on input line 13.


LaTeX Warning: Reference `theorem:limits_colimits_are_equalizers_coequaulizers_of_products_coproducts' on page 1 undefined on input line 13.


LaTeX Warning: Hyper reference `definition:kernel_and_cokernel_of_a_morphism_in_a_pointed_category' on page 27 undefined on input line 25.

) (../_concepts/proposition_left_right_adjoint_of_add_cats_is_add_and_right_left_exact_if_between_ab_cats.tex

LaTeX Warning: Hyper reference `definition:additive_functor_between_additive_categories' on page 27 undefined on input line 6.



[27]

LaTeX Warning: Hyper reference `definition:adjoint_functors_between_categories_unit_counit_of_adjoint_functors' on page 28 undefined on input line 38.


LaTeX Warning: Reference `eq:asdfasdf' on page 28 undefined on input line 49.


LaTeX Warning: Reference `eq:left_adjoint_is_additive_adjunction_and_' on page 28 undefined on input line 49.


LaTeX Warning: Reference `eq:left_adjoint_is_additive_adjunction_and_' on page 28 undefined on input line 55.


LaTeX Warning: Hyper reference `definition:kernel_and_cokernel_of_a_morphism_in_a_pointed_category' on page 28 undefined on input line 60.



[28]

LaTeX Warning: Reference `eq:asdfasdf' on page 29 undefined on input line 76.

) (../_concepts/lemma_left_right_exact_functor_between_abelian_categories_is_additive.tex

LaTeX Warning: Hyper reference `definition:left_right_exact_functor_between_categories' on page 29 undefined on input line 3.

) (../_definitions/definition_short_exact_sequence_in_an_additive_category.tex) (../_concepts/proposition_Hom_functors_on_abelian_categories_are_left_exact.tex

[29]

LaTeX Warning: Reference `lemma:kernels_cokernels_in_pointed_categories_are_monomorphisms_epimorphisms' on page 1 undefined on input line 28.



[30]) (../_concepts/theorem_functor_category_of_an_abelian_category_indexed_by_a_small_category_is_abelian.tex) (../_concepts/proposition_limits_colimits_in_abelian_category_are_left_right_exact.tex) (../_concepts/proposition_full_and_faithful_additive_functor_between_abelian_categories_reflects_exactness.tex

[31]) (../_concepts/theorem_freyd_mitchell_embedding_theorem_for_small_abelian_categories.tex) (../_definitions/definition_representable_functor_on_a_category_enriched_in_a_monoidal_category.tex) (../_concepts/theorem_yoneda_lemma_on_a_locally_small_category.tex

[32]) (../_concepts/corollary_yoneda_embedding_on_a_locally_small_category.tex) (../_concepts/theorem_contravariant_yoneda_lemma_on_a_locally_small_category.tex) (../_concepts/corollary_contravariant_yoneda_embedding_on_a_locally_small_category.tex) (../_definitions/definition_generator_of_a_category.tex

[33]) (../_definitions/definition_grothendiecks_axioms_for_abelian_categories.tex

[34]) (../_concepts/lemma_Ab5_category_with_a_family_of_generators_is_grothendieck.tex) (../_concepts/theorem_examples_of_grothendieck_categories.tex

LaTeX Warning: Reference `theorem:the_category_of_R_S_bimodules_is_a_grothendieck_abelian_category_and_AB4_star' on page 1 undefined on input line 5.



[35]

LaTeX Warning: Citation `SGA4_I' on page 36 undefined on input line 12.

) (../_concepts/theorem_the_category_of_R_S_bimodules_is_a_grothendieck_abelian_category_and_AB4_star.tex

LaTeX Warning: Reference `definition:coproduct_of_modules_of_rings' on page 1 undefined on input line 13.


LaTeX Warning: Reference `proposition:exact_sequence_in_a_diagram_category_of_an_abelian_category_indexed_by_a_small_category_is_given_by_componentwise_exact_sequences' on page 1 undefined on input line 13.


LaTeX Warning: Reference `construction_of_direct_limit_in_a_category_of_sets_with_finitary_operations' on page 1 undefined on input line 19.


LaTeX Warning: Reference `eq:right_exact_sequence_of_direct_system_of_exact_ring_modules' on page 36 undefined on input line 21.



[36]) (../_definitions/definition_topological_group.tex) (../_definitions/definition_compact_topological_space.tex) (../_definitions/definition_separation_axioms_of_topology.tex) (../_definitions/definition_locally_compact_group.tex) (../_definitions/definition_field.tex) (../_definitions/definition_vector_space_over_a_field.tex

[37]) (../_concepts/theorem_category_of_compact_hausdorff_abelian_groups_is_AB5_star.tex) (../_concepts/theorem_category_of_k_vector_spaces_is_AB_5_star.tex) (../_concepts/theorem_category_of_R_modules_is_AB_4_star.tex)

[38] (../_concepts/proposition_stability_and_constructions_of_grothendieck_categories.tex) (../_definitions/definition_strict_abelian_subcategory_of_an_abelian_category.tex) (../_definitions/definition_chain_complex_of_objects_in_a_preadditive_category.tex

[39]) (../_remarks/remark_cohomological_vs_homological_conventions.tex) (../_definitions/definition_quiver.tex

[40]) (../_definitions/definition_path_category_generated_by_a_quiver.tex) (../_definitions/definition_preadditive_category_generated_by_a_quiver.tex) (../_definitions/definition_walking_chain_complex_category.tex) (../_definitions/definition_additive_functor_category_between_preadditive_categories.tex) (../_concepts/proposition_cat_of_chain_complexes_in_a_preadd_cat_is_eq_to_the_cat_of_add_functors_from_the_walking_chain_complex_category.tex

LaTeX Warning: Reference `definition:walking_chain_complex_category' on page 1 undefined on input line 3.



[41]) (../_concepts/lemma_additive_functor_category_from_small_preadditive_categories_preserves.tex) (../_concepts/proposition_category_of_chain_complexes_in_an_additive_category_is_additive.tex

LaTeX Warning: Reference `proposition:cat_of_chain_complexes_in_a_preadd_cat_is_eq_to_the_cat_of_add_functors_from_the_walking_chain_complex_category' on page 1 undefined on input line 13.


LaTeX Warning: Reference `lemma:additive_functor_category_from_small_preadditive_categories_preserves' on page 1 undefined on input line 13.

) (../_concepts/proposition_limit_and_colimit_or_diagram_of_chain_complexes_is_computed_pointwise.tex

LaTeX Warning: Reference `proposition:limits_and_colimits_in_functor_categories_may_be_computed_pointwise' on page 1 undefined on input line 19.

) (../_definitions/definition_boundary_cycle_coboundary_cocyble_of_a_chain_cochain_complex.tex

[42]) (../_definitions/definition_homology_and_cohomology_objects_for_a_chain_complex_in_an_abelian_category.tex

LaTeX Warning: Hyper reference `definition:functor_between_categories' on page 43 undefined on input line 7.


LaTeX Warning: Hyper reference `definition:functor_between_categories' on page 43 undefined on input line 11.

) (../_definitions/definition_acyclic_complex_of_objects_in_an_abelian_category.tex

LaTeX Warning: Reference `definition:exact_sequence_of_morphisms_in_an_abelian_category' on page 1 undefined on input line 8.

) (../_concepts/proposition_exact_sequence_in_a_diagram_category_of_an_abelian_category_indexed_by_a_small_category_is_given_by_componentwise_exact_sequences.tex

[43]) (../_definitions/definition_bounded_complex_in_an_additive_category.tex) (../_definitions/definition_quasi_isomorphism_of_chain_complexes_of_objects_in_an_abelian_category.tex

[44]) (../_concepts/lemma_additive_functor_between_abelian_categories_is_exact_if_and_only_if_it_preserves_kernels_and_cokernels.tex) (../_concepts/theorem_long_exact_sequence_in_homology_cohomology_of_a_short_exact_sequence_of_chain_complexes_in_an_abelian_category.tex

LaTeX Warning: Reference `proposition:category_of_chain_complexes_in_an_additive_category_is_additive' on page 1 undefined on input line 5.


Overfull \hbox (26.91728pt too wide) in paragraph at lines 5--7
[]\T1/cmr/m/n/12 Let $\OT1/cmr/m/n/12 (\OML/cmm/m/it/12 C[]; d[]\OT1/cmr/m/n/12 )$\T1/cmr/m/n/12 , $\OT1/cmr/m/n/12 (\OML/cmm/m/it/12 D[]; d[]\OT1/cmr/m/n/12 )$\T1/cmr/m/n/12 , and $\OT1/cmr/m/n/12 (\OML/cmm/m/it/12 E[]; d[]\OT1/cmr/m/n/12 )$
 []


LaTeX Warning: Reference `proposition:category_of_chain_complexes_in_an_additive_category_is_additive' on page 1 undefined on input line 29.



[45]

LaTeX Warning: Hyper reference `theorem:freyd_mitchell_embedding_theorem_for_small_abelian_categories' on page 46 undefined on input line 75.


LaTeX Warning: Reference `eq:snake_setup' on page 46 undefined on input line 82.

) (../_definitions/definition_chain_homotopy_between_chain_maps_between_complexes.tex

[46]) (../_concepts/lemma_chain_homotopy_between_chain_maps_between_complexes_is_equivalence_relation.tex) (../_definitions/definition_stupid_truncation_of_a_chain_complex_in_an_additive_category.tex
Overfull \hbox (51.84163pt too wide) in paragraph at lines 23--24
[][][][][][][]
 []


Underfull \hbox (badness 10000) in paragraph at lines 23--24

 []


Overfull \hbox (51.84163pt too wide) in paragraph at lines 56--57
[][][][][][][]
 []


Underfull \hbox (badness 10000) in paragraph at lines 56--57

 []


Overfull \hbox (33.85393pt too wide) detected at line 64
\OT1/cmr/m/n/12 0 [][]\OMS/cmsy/m/n/12 ! \OML/cmm/m/it/12 ^^[[]A[] [][]\OMS/cmsy/m/n/12 ! \OML/cmm/m/it/12 ^^[[]A[] [][]\OMS/cmsy/m/n/12 ! \OML/cmm/m/it/12 A[]\OT1/cmr/m/n/12 [\OMS/cmsy/m/n/12 ^^@\OML/cmm/m/it/12 n\OT1/cmr/m/n/12 ] [][]\OMS/cmsy/m/n/12 ! \OT1/cmr/m/n/12 0 [] 0 [][]\OMS/cmsy/m/n/12 ! \OML/cmm/m/it/12 A[]\OT1/cmr/m/n/12 [\OMS/cmsy/m/n/12 ^^@\OML/cmm/m/it/12 n\OT1/cmr/m/n/12 ] [][]\OMS/cmsy/m/n/12 ! \OML/cmm/m/it/12 ^^[[]A[] [][]\OMS/cmsy/m/n/12 ! \OML/cmm/m/it/12 ^^[[]A[] [][]\OMS/cmsy/m/n/12 ! \OT1/cmr/m/n/12 0\OML/cmm/m/it/12 :
 []

) (../_definitions/definition_canonical_truncation_of_chain_complexes_of_objects_in_an_abelian_category.tex
Overfull \hbox (1.093pt too wide) detected at line 29
[]
 []


Overfull \hbox (52.93463pt too wide) in paragraph at lines 29--30
[][][][][][][]
 []


Underfull \hbox (badness 10000) in paragraph at lines 29--30

 []



[47]
Overfull \hbox (51.84163pt too wide) in paragraph at lines 52--53
[][][][][][][]
 []


Underfull \hbox (badness 10000) in paragraph at lines 52--53

 []


Overfull \hbox (1.093pt too wide) detected at line 86
[]
 []


Overfull \hbox (52.93463pt too wide) in paragraph at lines 86--87
[][][][][][][]
 []


Underfull \hbox (badness 10000) in paragraph at lines 86--87

 []


Overfull \hbox (51.84163pt too wide) in paragraph at lines 110--111
[][][][][][][]
 []


Underfull \hbox (badness 10000) in paragraph at lines 110--111

 []

) (../_concepts/proposition_chain_complexes_in_additive_categories_are_limits_and_colimits_of_truncations.tex

[48]) (../_definitions/definition_mapping_cone_of_a_map_of_chain_cochain_complexes_in_an_additive_category.tex

[49]) (../_definitions/definition_injective_and_projective_objects_in_a_category.tex) (../_concepts/lemma_injective_objects_in_a_category_are_projective_in_the_opposite_category.tex

LaTeX Warning: Citation `weibel' on page 50 undefined on input line 1.

) (../_concepts/lemma_examples_of_projective_and_injective_objects.tex

[50]) (../_definitions/definition_free_bimodule_over_rings.tex

LaTeX Warning: Reference `eq:general_elements_of_free_R_S_bimodule' on page 51 undefined on input line 19.

) (../_definitions/definition_projective_bimodule_over_rings.tex

[51]

LaTeX Warning: Reference `theorem:category_of_R_S_bimodules_is_equivalent_to_the_category_of_left_R_otimes_Z_S_op_modules' on page 1 undefined on input line 19.

) (../_concepts/proposition_module_over_ring_is_projective_if_and_only_if_direct_summand_of_a_free_module.tex) (../_concepts/theorem_baers_criterion_for_injectivity_of_module_over_a_ring.tex) (../_concepts/lemma_injective_projective_objects_on_a_locally_small_category_induce_hom_functors_that_take_monomorphisms_epimoprhisms_to_surjections.tex

[52]) (../_concepts/proposition_equivalent_conditions_projective_injective_objects_in_abelian_categories.tex

[53]

LaTeX Warning: Reference `lemma:abelian_categories_admits_finite_limits_colimits' on page 1 undefined on input line 42.


LaTeX Warning: Reference `lemma:monomorphisms_epimorphisin_abelian_categories_are_preserved_by_pullbacks' on page 1 undefined on input line 42.

)

LaTeX Warning: Hyper reference `definition:left_right_resolution_of_an_object_by_a_class_of_objects_in_an_abelian_category' on page 54 undefined on input line 288.


LaTeX Warning: Hyper reference `definition:injective_and_projective_objects_in_a_category' on page 54 undefined on input line 288.


LaTeX Warning: Hyper reference `definition:left_right_derived_functors_of_a_right_left_exact_functor_between_abelian_categories_where_source_has_enough_projectives_injectives' on page 54 undefined on input line 288.

(../_definitions/definition_has_enough_objects_of_a_class_on_the_left_right_for_an_abelian_category.tex) (../_definitions/definition_has_enough_injectives_or_projectives_for_an_abelian_category.tex) (../_concepts/theorem_examples_of_abelian_categories_with_enough_injectives_or_projectives.tex) (../_definitions/definition_left_right_resolution_of_an_object_by_a_class_of_objects_in_an_abelian_category.tex

[54]) (../_concepts/lemma_projective_injective_objects_in_an_abelian_category_always_have_a_projective_injctive_resolution.tex) (../_concepts/lemma_an_object_of_abelian_category_with_enough_objects_of_a_class_on_the_right_left_has_right_left_resolution_by_the_class.tex

LaTeX Warning: Citation `weibel' on page 55 undefined on input line 1.


LaTeX Warning: Reference `proposition:abelian_category_with_enough_objets_of_a_class_on_the_right_left_has_resolutions_of_complexes' on page 1 undefined on input line 11.



[55]) (../_concepts/proposition_abelian_category_with_enough_objets_of_a_class_on_the_right_left_has_resolutions_of_complexes.tex

[56]

LaTeX Warning: Reference `lemma:abelian_categories_are_finitely_complete_and_finitely_cocomplete' on page 1 undefined on input line 22.



[57]) (../_concepts/lemma_projective_injective_complex_with_map_to_from_object_with_left_right_resolution_lifts_uniquely_up_to_chain_homotopy.tex

LaTeX Warning: Citation `weibel' on page 58 undefined on input line 1.



[58]
LaTeX Font Info:    Trying to load font information for U+euf on input line 24.
 (c:/texlive/2024/texmf-dist/tex/latex/amsfonts/ueuf.fd
File: ueuf.fd 2013/01/14 v3.01 Euler Fraktur
)

[59]) (../_concepts/lemma_zeroth_left_right_derived_object_of_a_right_left_exact_functor_is_naturally_isomorphic_to_functor_object.tex

LaTeX Warning: Reference `definition:left_right_derived_functors_of_a_right_left_exact_functor_between_abelian_categories_where_source_has_enough_projectives_injectives' on page 1 undefined on input line 9.


LaTeX Warning: Reference `definition:left_right_derived_functors_of_a_right_left_exact_functor_between_abelian_categories_where_source_has_enough_projectives_injectives' on page 1 undefined on input line 17.


LaTeX Warning: Reference `lemma:projective_injective_complex_with_map_to_from_object_with_left_right_resolution_lifts_uniquely_up_to_chain_homotopy' on page 1 undefined on input line 21.

) (../_definitions/definition_left_right_derived_functors_of_a_right_left_exact_functor_between_abelian_categories_where_source_has_enough_projectives_injectives.tex

[60]

LaTeX Warning: Reference `proposition:left_right_derived_objects_for_a_right_left_exact_functor_between_abelian_categories_are_well_defined' on page 1 undefined on input line 16.


LaTeX Warning: Reference `proposition:left_right_derived_objects_for_a_right_left_exact_functor_between_abelian_categories_are_well_defined' on page 1 undefined on input line 33.

) (../_concepts/lemma_horseshoe_lemma_of_projective_injective_resolutions_in_abelian_categories.tex

LaTeX Warning: Citation `weibel' on page 61 undefined on input line 1.



[61]

[62]) (../_concepts/proposition_left_right_derived_objects_for_a_right_left_exact_functor_between_abelian_categories_are_well_defined.tex

LaTeX Warning: Citation `weibel' on page 63 undefined on input line 1.


LaTeX Warning: Reference `lemma:projective_injective_complex_with_map_to_from_object_with_left_right_resolution_lifts_uniquely_up_to_chain_homotopy' on page 1 undefined on input line 24.


LaTeX Warning: Reference `proposition:homology_and_cohomology_of_complexes_in_an_abelian_category_are_functorial' on page 1 undefined on input line 24.


LaTeX Warning: Reference `lemma:projective_injective_complex_with_map_to_from_object_with_left_right_resolution_lifts_uniquely_up_to_chain_homotopy' on page 1 undefined on input line 24.


LaTeX Warning: Reference `lemma:chain_homotopic_morphism_of_chain_complexes_in_an_abelian_category_yield_same_homology_maps' on page 1 undefined on input line 24.

)

LaTeX Warning: Hyper reference `definition:left_right_derived_functors_of_a_right_left_exact_functor_between_abelian_categories_where_source_has_enough_projectives_injectives' on page 63 undefined on input line 345.


Package hyperref Warning: Token not allowed in a PDF string (Unicode):
(hyperref)                removing `math shift' on input line 345.


Package hyperref Warning: Token not allowed in a PDF string (Unicode):
(hyperref)                removing `\delta' on input line 345.


Package hyperref Warning: Token not allowed in a PDF string (Unicode):
(hyperref)                removing `math shift' on input line 345.

(../_definitions/definition_homological_cohomological_delta_functor_between_abelian_categories.tex

[63]) (../_concepts/theorem_long_exact_sequence_of_left_right_derived_functors_and_homological_delta_functors.tex

LaTeX Warning: Citation `weibel' on page 64 undefined on input line 1.



[64]

LaTeX Warning: Reference `proposition:equivalent_conditions_projective_injective_objects_in_abelian_categories' on page 1 undefined on input line 34.


Overfull \hbox (17.93404pt too wide) detected at line 50
\OML/cmm/m/it/12 L[]F\OT1/cmr/m/n/12 (\OML/cmm/m/it/12 f[]\OT1/cmr/m/n/12 ) : \OML/cmm/m/it/12 L[]F\OT1/cmr/m/n/12 (\OML/cmm/m/it/12 A[]\OT1/cmr/m/n/12 ) \OMS/cmsy/m/n/12 ! \OML/cmm/m/it/12 L[]F\OT1/cmr/m/n/12 (\OML/cmm/m/it/12 B[]\OT1/cmr/m/n/12 )\OML/cmm/m/it/12 ;  L[]F\OT1/cmr/m/n/12 (\OML/cmm/m/it/12 f\OT1/cmr/m/n/12 ) : \OML/cmm/m/it/12 L[]F\OT1/cmr/m/n/12 (\OML/cmm/m/it/12 A\OT1/cmr/m/n/12 ) \OMS/cmsy/m/n/12 ! \OML/cmm/m/it/12 L[]F\OT1/cmr/m/n/12 (\OML/cmm/m/it/12 B\OT1/cmr/m/n/12 )\OML/cmm/m/it/12 ;  L[]F\OT1/cmr/m/n/12 (\OML/cmm/m/it/12 f[]\OT1/cmr/m/n/12 ) : \OML/cmm/m/it/12 L[]F\OT1/cmr/m/n/12 (\OML/cmm/m/it/12 A[]\OT1/cmr/m/n/12 ) \OMS/cmsy/m/n/12 ! \OML/cmm/m/it/12 L[]F\OT1/cmr/m/n/12 (\OML/cmm/m/it/12 B[]\OT1/cmr/m/n/12 )
 []


LaTeX Warning: Reference `lemma:horseshoe_lemma_of_projective_injective_resolutions_in_abelian_categories' on page 1 undefined on input line 62.


LaTeX Warning: Reference `lemma:projective_injective_complex_with_map_to_from_object_with_left_right_resolution_lifts_uniquely_up_to_chain_homotopy' on page 1 undefined on input line 62.



[65]

LaTeX Warning: Reference `eq:gamma_condition' on page 66 undefined on input line 115.



[66]

LaTeX Warning: Citation `weibel' on page 67 undefined on input line 121.

) (../_definitions/definition_homological_cohomological_dimension_of_objects_in_abelian_categories_with_enough_projectives_injectives.tex) (../_definitions/definition_cohomological_homological_dimension_of_a_left_right_exact_functor_on_an_abelian_category_with_enough_projectives_injectives.tex

[67])

Package hyperref Warning: Token not allowed in a PDF string (Unicode):
(hyperref)                removing `math shift' on input line 373.


Package hyperref Warning: Token not allowed in a PDF string (Unicode):
(hyperref)                removing `math shift' on input line 373.


LaTeX Warning: Hyper reference `definition:left_right_derived_functors_of_a_right_left_exact_functor_between_abelian_categories_where_source_has_enough_projectives_injectives' on page 68 undefined on input line 373.


LaTeX Warning: Reference `proposition:left_right_derived_objects_for_a_right_left_exact_functor_between_abelian_categories_may_be_computed_with_acyclic_resolutions' on page 1 undefined on input line 373.


LaTeX Warning: Hyper reference `definition:F_acyclic_object_for_a_left_or_right_functor_between_abelian_categories' on page 68 undefined on input line 373.

(../_definitions/definition_F_acyclic_object_for_a_left_or_right_functor_between_abelian_categories.tex) (../_definitions/definition_F_acyclic_resolution_for_a_right_left_exact_functor_between_abelian_categories.tex) (../_concepts/lemma_any_projective_injective_object_of_an_abelian_category_is_acyclic_for_a_right_left_exact_functor.tex

LaTeX Warning: Reference `lemma:projective_injective_objects_in_an_abelian_category_always_have_a_projective_injctive_resolution' on page 1 undefined on input line 11.

) (../_concepts/lemma_dimension_shifting_lemma_for_acyclic_syzygies.tex

LaTeX Warning: Citation `weibel' on page 68 undefined on input line 1.



[68]

[69]
Overfull \hbox (10.16444pt too wide) in paragraph at lines 59--61
\T1/cmr/m/n/12 so $\OML/cmm/m/it/12 L[]F\OT1/cmr/m/n/12 (\OML/cmm/m/it/12 M[]\OT1/cmr/m/n/12 ) [] [](\OML/cmm/m/it/12 F\OT1/cmr/m/n/12 (\OML/cmm/m/it/12 M[]\OT1/cmr/m/n/12 ) \OMS/cmsy/m/n/12 ! \OML/cmm/m/it/12 F\OT1/cmr/m/n/12 (\OML/cmm/m/it/12 C[]\OT1/cmr/m/n/12 ))$\T1/cmr/m/n/12 . We found that $\OML/cmm/m/it/12 L[]F\OT1/cmr/m/n/12 (\OML/cmm/m/it/12 M[]\OT1/cmr/m/n/12 ) [] \OML/cmm/m/it/12 L[]F\OT1/cmr/m/n/12 (\OML/cmm/m/it/12 A\OT1/cmr/m/n/12 )$\T1/cmr/m/n/12 ,
 []

) (../_concepts/proposition_left_right_derived_objects_for_a_right_left_exact_functor_between_abelian_categories_may_be_computed_with_acyclic_resolutions.tex

LaTeX Warning: Citation `weibel' on page 70 undefined on input line 1.


LaTeX Warning: Reference `lemma:any_projective_injective_object_of_an_abelian_category_is_acyclic_for_a_right_left_exact_functor' on page 1 undefined on input line 12.


LaTeX Warning: Reference `lemma:any_projective_injective_object_of_an_abelian_category_is_acyclic_for_a_right_left_exact_functor' on page 1 undefined on input line 23.

)

LaTeX Warning: Hyper reference `definition:left_right_derived_functors_of_a_right_left_exact_functor_between_abelian_categories_where_source_has_enough_projectives_injectives' on page 70 undefined on input line 384.


LaTeX Warning: Hyper reference `definition:exact_functor_between_abelian_categories' on page 70 undefined on input line 384.


LaTeX Warning: Hyper reference `definition:additive_functor_between_additive_categories' on page 70 undefined on input line 384.


LaTeX Warning: Hyper reference `definition:left_right_resolution_of_an_object_by_a_class_of_objects_in_an_abelian_category' on page 70 undefined on input line 384.


LaTeX Warning: Hyper reference `definition:generalized_derived_functors_for_biadditive_functors_of_abelian_categories_via_resolutions_by_flat_objects' on page 70 undefined on input line 384.


LaTeX Warning: Hyper reference `definition:n_ary_additive_functor_between_additive_categories' on page 70 undefined on input line 384.


LaTeX Warning: Hyper reference `definition:flat_resolution_of_an_object_in_an_abelian_category_with_respect_to_a_right_exact_monoidal_product_functor' on page 70 undefined on input line 384.


LaTeX Warning: Reference `theorem:balancing_generalized_derived_functors_of_a_biadditive_functor_of_abelian_categories_computed_via_flat_resolutions' on page 1 undefined on input line 384.


LaTeX Warning: Reference `lemma:applying_biadd_func_to_res_is_defined_up_to_quasi_iso_and_agrees_with_the_tot_complex_of_the_double_complex_of_the_biadd_func_on_the_two_res' on page 1 undefined on input line 384.


LaTeX Warning: Reference `definition:double_complex_associated_to_biadditive_functor_and_chain_complexes' on page 1 undefined on input line 384.


LaTeX Warning: Hyper reference `definition:double_complex_of_objects_in_an_additive_category' on page 70 undefined on input line 384.

(../_definitions/definition_double_complex_of_objects_in_an_additive_category.tex

[70]
Overfull \hbox (26.63377pt too wide) in paragraph at lines 44--45
[]\T1/cmr/m/n/12 An al-ter-na-tive (equiv-a-lent) con-ven-tion de-fines a ho-mo-log-i-cal dou-ble com-plex $\OT1/cmr/m/n/12 (\OML/cmm/m/it/12 A[]; d[]; d[]\OT1/cmr/m/n/12 )$
 []



[71]) (../_definitions/definition_morphism_of_double_complex_of_objects_in_an_additive_category.tex
Overfull \hbox (51.84163pt too wide) in paragraph at lines 17--18
[][][][][][][]
 []


Underfull \hbox (badness 10000) in paragraph at lines 17--18

 []


Overfull \hbox (51.84163pt too wide) in paragraph at lines 32--33
[][][][][][][]
 []


Underfull \hbox (badness 10000) in paragraph at lines 32--33

 []



[72]) (../_concepts/theorem_category_of_double_complexes_of_objects_of_an_additive_category_is_naturally_isomorphic_to_the_category_of_chain_complexes_of_chain_complexes.tex) (../_concepts/lemma_small_product_of_additive_categories_is_additive.tex) (../_definitions/definition_n_ary_additive_functor_between_additive_categories.tex

[73]) (../_definitions/definition_double_complex_associated_to_biadditive_functor_and_chain_complexes.tex

LaTeX Warning: Reference `definition:morphism_of_double_complex_of_objects_in_an_additive_category' on page 1 undefined on input line 16.


LaTeX Warning: Reference `proposition:category_of_chain_complexes_in_an_additive_category_is_additive' on page 1 undefined on input line 17.

) (../_definitions/definition_bounded_double_complex_of_objects_in_an_additive_category.tex

[74]) (../_definitions/definition_total_complexes_of_a_double_complex_of_objects_in_an_additive_category.tex
Overfull \hbox (7.83142pt too wide) in paragraph at lines 9--10
[][][][][][][]
 []


Underfull \hbox (badness 10000) in paragraph at lines 9--10

 []

) (../_concepts/lemma_total_complexes_of_double_complex_with_bounded_diagonals_are_canonically_isomorphic.tex

[75]

LaTeX Warning: Reference `lemma:finite_products_and_finite_coproducts_coincide_in_preadditive_categories' on page 1 undefined on input line 13.

) (../_concepts/lemma_acyclic_assembly_lemma_for_bounded_double_complexes_with_exact_rows_or_columns.tex

LaTeX Warning: Citation `weibel' on page 76 undefined on input line 1.


LaTeX Warning: Reference `lemma:total_complexes_of_double_complex_with_bounded_diagonals_are_canonically_isomorphic' on page 76 undefined on input line 52.



[76]) (../_definitions/definition_flat_object_in_an_abelian_category_with_respect_to_a_right_exact_monoidal_product_functor.tex) (../_definitions/definition_has_enough_flat_objects_for_an_abelian_category_with_respect_to_a_right_exact_bifunctor.tex

[77]) (../_definitions/definition_flat_resolution_of_an_object_in_an_abelian_category_with_respect_to_a_right_exact_monoidal_product_functor.tex) (../_definitions/definition_generalized_derived_functors_for_biadditive_functors_of_abelian_categories_via_resolutions_by_flat_objects.tex

LaTeX Warning: Reference `definition:homology_and_cohomology_objects_for_a_chain_complex_in_an_abelian_category' on page 1 undefined on input line 10.


LaTeX Warning: Reference `definition:homology_and_cohomology_objects_for_a_chain_complex_in_an_abelian_category' on page 1 undefined on input line 16.


LaTeX Warning: Reference `definition:homology_and_cohomology_objects_for_a_chain_complex_in_an_abelian_category' on page 1 undefined on input line 25.



[78]

LaTeX Warning: Reference `definition:homology_and_cohomology_objects_for_a_chain_complex_in_an_abelian_category' on page 1 undefined on input line 31.


LaTeX Warning: Reference `theorem:balancing_generalized_derived_functors_of_a_biadditive_functor_of_abelian_categories_computed_via_flat_resolutions' on page 1 undefined on input line 34.

) (../_concepts/lemma_applying_biadd_func_to_res_is_defined_up_to_quasi_iso_and_agrees_with_the_tot_complex_of_the_double_complex_of_the_biadd_func_on_the_two_res.tex
Overfull \hbox (60.83707pt too wide) in paragraph at lines 12--13
[]\T1/cmr/m/n/12 The com-plexes $\OML/cmm/m/it/12 F\OT1/cmr/m/n/12 (\OML/cmm/m/it/12 I[]; B\OT1/cmr/m/n/12 )$ \T1/cmr/m/n/12 and $\OML/cmm/m/it/12 F\OT1/cmr/m/n/12 (\OML/cmm/m/it/12 A; I[]\OT1/cmr/m/n/12 )$ \T1/cmr/m/n/12 are quasi-isomorphic to the com-plex $[]\OT1/cmr/m/n/12 (\OML/cmm/m/it/12 F\OT1/cmr/m/n/12 (\OML/cmm/m/it/12 I[]; I[]\OT1/cmr/m/n/12 ))$\T1/cmr/m/n/12 . 
 []


Overfull \hbox (19.82pt too wide) in paragraph at lines 22--23
[]\T1/cmr/m/n/12 Let $\OML/cmm/m/it/12 C$ \T1/cmr/m/n/12 be the dou-ble com-plex of ob-jects in $\OMS/cmsy/m/n/12 C$ \T1/cmr/m/n/12 ob-tained from $\OML/cmm/m/it/12 F\OT1/cmr/m/n/12 (\OML/cmm/m/it/12 P[]; P[]\OT1/cmr/m/n/12 )$ \T1/cmr/m/n/12 by adding $\OML/cmm/m/it/12 F\OT1/cmr/m/n/12 (\OML/cmm/m/it/12 A; P[]\OT1/cmr/m/n/12 [\OMS/cmsy/m/n/12 ^^@\OT1/cmr/m/n/12 1])$
 []



[79]

LaTeX Warning: Reference `lemma:acyclic_assembly_lemma_for_bounded_double_complexes_with_exact_rows_or_columns' on page 1 undefined on input line 24.

) (../_concepts/theorem_balancing_generalized_derived_functors_of_a_biadditive_functor_of_abelian_categories_computed_via_flat_resolutions.tex

LaTeX Warning: Reference `lemma:applying_biadd_func_to_res_is_defined_up_to_quasi_iso_and_agrees_with_the_tot_complex_of_the_double_complex_of_the_biadd_func_on_the_two_res' on page 1 undefined on input line 24.


Overfull \hbox (16.9217pt too wide) in paragraph at lines 25--27
\T1/cmr/m/n/12 is a nat-u-ral iso-mor-phism. By sym-me-try, there is a nat-u-ral iso-mor-phism $\OML/cmm/m/it/12 H[]\OT1/cmr/m/n/12 ([](\OML/cmm/m/it/12 F\OT1/cmr/m/n/12 (\OML/cmm/m/it/12 P[]P[]\OT1/cmr/m/n/12 ))) []
 []

)

[80] (../_definitions/definition_flat_dimension_of_objects_of_abelian_categories_with_.tex

LaTeX Warning: Reference `definition:tor_functors_of_a_right_exact_monoidal_functor_on_an_abelian_category' on page 1 undefined on input line 9.


LaTeX Warning: Reference `lemma:flat_resolution_lemma_of_tor_objects_of_abelian_categories_with_a_right_exact_bifunctor_assuming_that_category_has_enough_projectives_or_flats' on page 1 undefined on input line 10.


LaTeX Warning: Reference `definition:tor_functors_of_a_right_exact_monoidal_functor_on_an_abelian_category' on page 1 undefined on input line 20.


LaTeX Warning: Reference `lemma:flat_resolution_lemma_of_tor_objects_of_abelian_categories_with_a_right_exact_bifunctor_assuming_that_category_has_enough_projectives_or_flats' on page 1 undefined on input line 21.

)

LaTeX Warning: Hyper reference `definition:generalized_derived_functors_for_biadditive_functors_of_abelian_categories_via_resolutions_by_flat_objects' on page 81 undefined on input line 464.


LaTeX Warning: Hyper reference `definition:n_ary_additive_functor_between_additive_categories' on page 81 undefined on input line 464.


LaTeX Warning: Hyper reference `definition:flat_resolution_of_an_object_in_an_abelian_category_with_respect_to_a_right_exact_monoidal_product_functor' on page 81 undefined on input line 464.


LaTeX Warning: Hyper reference `definition:left_right_derived_functors_of_a_right_left_exact_functor_between_abelian_categories_where_source_has_enough_projectives_injectives' on page 81 undefined on input line 464.


LaTeX Warning: Hyper reference `definition:sheaf_on_a_site' on page 81 undefined on input line 464.


LaTeX Warning: Hyper reference `definition:module_over_a_sheaf_of_rings_on_a_site' on page 81 undefined on input line 464.


LaTeX Warning: Reference `corollary:right_exact_bifunctor_on_abelian_categories_with_enough_projectives_and_flats_yield_unambiguous_tors' on page 1 undefined on input line 464.



[81] (../_definitions/definition_tor_functors_of_a_right_exact_monoidal_functor_on_an_abelian_category.tex

LaTeX Warning: Reference `theorem:balancing_of_tor_on_abelian_categories_with_right_exact_bifunctor' on page 1 undefined on input line 22.


LaTeX Warning: Reference `lemma:flat_resolution_lemma_of_tor_objects_of_abelian_categories_with_a_right_exact_bifunctor_assuming_that_category_has_enough_projectives_or_flats' on page 1 undefined on input line 22.


LaTeX Warning: Reference `corollary:right_exact_bifunctor_on_abelian_categories_with_enough_projectives_and_flats_yield_unambiguous_tors' on page 1 undefined on input line 22.



[82]) (../_definitions/definition_ext_functor_on_a_general_abelian_category.tex

LaTeX Warning: Reference `definition:tor_functors_of_a_right_exact_monoidal_functor_on_an_abelian_category' on page 1 undefined on input line 17.


LaTeX Warning: Reference `definition:tor_functors_of_a_right_exact_monoidal_functor_on_an_abelian_category' on page 1 undefined on input line 17.


LaTeX Warning: Reference `proposition:equivalent_conditions_projective_injective_objects_in_abelian_categories' on page 1 undefined on input line 17.


LaTeX Warning: Hyper reference `definition:flat_object_in_an_abelian_category_with_respect_to_a_right_exact_monoidal_product_functor' on page 83 undefined on input line 17.

) (../_definitions/definition_tor_functors_of_bimodules_of_rings.tex

LaTeX Warning: Reference `theorem:tensor_hom_adjunction_for_bimodules_of_rings' on page 1 undefined on input line 5.


LaTeX Warning: Reference `proposition:left_right_adjoint_of_add_cats_is_add_and_right_left_exact_if_between_ab_cats' on page 1 undefined on input line 5.


LaTeX Warning: Reference `theorem:tensor_hom_adjunction_for_bimodules_of_rings' on page 1 undefined on input line 7.


LaTeX Warning: Reference `proposition:left_right_adjoint_of_add_cats_is_add_and_right_left_exact_if_between_ab_cats' on page 1 undefined on input line 7.



[83]

LaTeX Warning: Reference `corollary:tor_objects_of_modules_over_rings_are_well_defined' on page 1 undefined on input line 9.

) (../_definitions/definition_ext_functors_of_bimodules_of_rings.tex

LaTeX Warning: Reference `theorem:tensor_hom_adjunction_for_bimodules_of_rings' on page 1 undefined on input line 5.


LaTeX Warning: Reference `proposition:left_right_adjoint_of_add_cats_is_add_and_right_left_exact_if_between_ab_cats' on page 1 undefined on input line 5.


Overfull \hbox (26.66753pt too wide) in paragraph at lines 5--6
[]\T1/cmr/m/n/12 as the $\OML/cmm/m/it/12 n$\T1/cmr/m/n/12 th right de-rived func-tor $\OML/cmm/m/it/12 R[] [][]\OT1/cmr/m/n/12 (\OML/cmm/m/it/12 M; \OMS/cmsy/m/n/12 ^^@\OT1/cmr/m/n/12 )(\OML/cmm/m/it/12 N\OT1/cmr/m/n/12 )$ \T1/cmr/m/n/12 of the left ex-act func-tor $[][]\OT1/cmr/m/n/12 (\OML/cmm/m/it/12 M; \OMS/cmsy/m/n/12 ^^@\OT1/cmr/m/n/12 ) =
 []


LaTeX Warning: Reference `theorem:tensor_hom_adjunction_for_bimodules_of_rings' on page 1 undefined on input line 7.


LaTeX Warning: Reference `proposition:left_right_adjoint_of_add_cats_is_add_and_right_left_exact_if_between_ab_cats' on page 1 undefined on input line 7.


Overfull \hbox (26.01476pt too wide) in paragraph at lines 7--8
[]\T1/cmr/m/n/12 as the $\OML/cmm/m/it/12 n$\T1/cmr/m/n/12 th right de-rived func-tor $\OML/cmm/m/it/12 R[] [][]\OT1/cmr/m/n/12 (\OMS/cmsy/m/n/12 ^^@\OML/cmm/m/it/12 ; N\OT1/cmr/m/n/12 )(\OML/cmm/m/it/12 M\OT1/cmr/m/n/12 )$ \T1/cmr/m/n/12 of the left ex-act func-tor $[][]\OT1/cmr/m/n/12 (\OMS/cmsy/m/n/12 ^^@\OML/cmm/m/it/12 ; N\OT1/cmr/m/n/12 ) =
 []


LaTeX Warning: Reference `corollary:ext_objects_of_modules_over_rings_are_well_defined' on page 1 undefined on input line 9.

) (../_concepts/theorem_balancing_of_tor_on_abelian_categories_with_right_exact_bifunctor.tex

LaTeX Warning: Citation `weibel' on page 84 undefined on input line 1.


LaTeX Warning: Reference `theorem:balancing_generalized_derived_functors_of_a_biadditive_functor_of_abelian_categories_computed_via_flat_resolutions' on page 1 undefined on input line 15.

) (../_concepts/theorem_ext_objects_for_general_abelian_categories_are_well_defined_even_if_some_combination_of_projectives_or_injectives_exist.tex

[84]

LaTeX Warning: Reference `proposition:left_right_derived_objects_for_a_right_left_exact_functor_between_abelian_categories_are_well_defined' on page 1 undefined on input line 19.


LaTeX Warning: Reference `proposition:left_right_derived_objects_for_a_right_left_exact_functor_between_abelian_categories_are_well_defined' on page 1 undefined on input line 20.


LaTeX Warning: Reference `theorem:balancing_of_tor_on_abelian_categories_with_right_exact_bifunctor' on page 1 undefined on input line 21.


LaTeX Warning: Reference `proposition:equivalent_conditions_projective_injective_objects_in_abelian_categories' on page 1 undefined on input line 21.

) (../_concepts/corollary_ext_objects_of_modules_over_rings_are_well_defined.tex

LaTeX Warning: Reference `theorem:examples_of_abelian_categories_with_enough_injectives_or_projectives' on page 1 undefined on input line 13.


LaTeX Warning: Reference `proposition:abelian_category_with_enough_objets_of_a_class_on_the_right_left_has_resolutions_of_complexes' on page 1 undefined on input line 13.


LaTeX Warning: Reference `theorem:ext_objects_for_general_abelian_categories_are_well_defined_even_if_some_combination_of_projectives_or_injectives_exist' on page 1 undefined on input line 13.

)

LaTeX Warning: Reference `theorem:balancing_of_tor_on_abelian_categories_with_right_exact_bifunctor' on page 1 undefined on input line 476.

(../_concepts/lemma_flat_objects_are_acyclic_for_tensoring_by_any_object_if_enough_projectives_or_flats_exist.tex

[85]) (../_concepts/lemma_flat_resolution_lemma_of_tor_objects_of_abelian_categories_with_a_right_exact_bifunctor_assuming_that_category_has_enough_projectives_or_flats.tex

LaTeX Warning: Citation `weibel' on page 86 undefined on input line 1.


LaTeX Warning: Reference `lemma:an_object_of_abelian_category_with_enough_objects_of_a_class_on_the_right_left_has_right_left_resolution_by_the_class' on page 1 undefined on input line 39.


LaTeX Warning: Reference `lemma:flat_objects_are_acyclic_for_tensoring_by_any_object_if_enough_projectives_or_flats_exist' on page 1 undefined on input line 41.


LaTeX Warning: Reference `lemma:dimension_shifting_lemma_for_acyclic_syzygies' on page 1 undefined on input line 43.



[86]) (../_concepts/corollary_right_exact_bifunctor_on_abelian_categories_with_enough_projectives_and_flats_yield_unambiguous_tors.tex

LaTeX Warning: Reference `definition:tor_functors_of_a_right_exact_monoidal_functor_on_an_abelian_category' on page 1 undefined on input line 6.


LaTeX Warning: Reference `theorem:balancing_of_tor_on_abelian_categories_with_right_exact_bifunctor' on page 1 undefined on input line 10.


LaTeX Warning: Reference `lemma:flat_resolution_lemma_of_tor_objects_of_abelian_categories_with_a_right_exact_bifunctor_assuming_that_category_has_enough_projectives_or_flats' on page 1 undefined on input line 10.

) (../_concepts/corollary_tor_objects_of_modules_over_rings_are_well_defined.tex

LaTeX Warning: Reference `proposition:module_over_ring_is_projective_if_and_only_if_direct_summand_of_a_free_module' on page 1 undefined on input line 11.


LaTeX Warning: Reference `proposition:projective_modules_are_flat' on page 1 undefined on input line 11.


LaTeX Warning: Reference `theorem:the_category_of_R_S_bimodules_is_a_grothendieck_abelian_category_and_AB4_star' on page 1 undefined on input line 11.


LaTeX Warning: Reference `corollary:right_exact_bifunctor_on_abelian_categories_with_enough_projectives_and_flats_yield_unambiguous_tors' on page 1 undefined on input line 11.

) (../_excerpts/../_excerpts/excerpts_derived_categories.tex (../_excerpts/../_definitions/definition_homotopy_category_of_chain_complexes_of_an_additive_category.tex

[87]

LaTeX Warning: Citation `SGA4_5' on page 88 undefined on input line 33.


LaTeX Warning: Citation `SGA4_5' on page 88 undefined on input line 35.

) (../_excerpts/../_definitions/definition_triangulated_category.tex

[88]) (../_excerpts/../_definitions/definition_exact_functor_between_triangulated_categories.tex) (../_excerpts/../_definitions/definition_compatible_with_triangulation_for_a_multiplicative_system_of_a_triangulated_category.tex

[89]) (../_excerpts/../_definitions/definition_exact_mixed_variance_multifunctor_from_triangulated_categories_to_a_triangulated_category.tex) (../_excerpts/../_concepts/proposition_homotopy_category_of_an_additive_category_is_a_triangulated_category.tex

[90]) (../_excerpts/../_concepts/theorem_additive_functor_between_abelian_categories_induces_an_exact_functor_between_homotopy_categories_as_triangulated_categories.tex

LaTeX Warning: Citation `SGA4_III' on page 91 undefined on input line 1.


LaTeX Warning: Reference `definition:homotopy_category_of_chain_complexes_of_an_additive_category' on page 1 undefined on input line 12.

) (../_excerpts/../_definitions/definition_multiplicative_system_of_morphisms_in_a_category.tex) (../_excerpts/../_definitions/definition_localization_of_a_category_by_a_multiplicative_system.tex) (../_excerpts/../_definitions/definition_saturated_multiplicative_system_in_a_category.tex) (../_excerpts/../_concepts/proposition_multiplicative_systems_may_as_well_be_saturated.tex) (../_excerpts/../_definitions/definition_derived_category_of_an_abelian_category.tex

[91]

LaTeX Warning: Citation `stacks-project' on page 92 undefined on input line 15.

) (../_excerpts/../_conventions/convention_objects_of_an_abelian_category_can_be_regarded_as_objects_of_the_derived_category.tex) (../_excerpts/../_definitions/definition_category_of_bounded_complexes_of_injectives_projectives.tex) (../_excerpts/../_concepts/theorem_derived_categories_can_be_identified_with_homotopy_categories_of_injectives_or_projectives.tex

LaTeX Warning: Citation `weibel' on page 92 undefined on input line 1.

)

LaTeX Warning: Citation `weibel' on page 92 undefined on input line 52.

(../_excerpts/../_definitions/definition_total_derived_functor_of_an_exact_functor_between_homotopy_categories_of_abelian_categories.tex

[92]

LaTeX Warning: Citation `weibel' on page 93 undefined on input line 2.


Overfull \hbox (12.85172pt too wide) in paragraph at lines 9--10
[]\T1/cmr/m/n/12 Dually, a []\T1/cmr/m/it/12 (to[]-[]tal)[] [][][]left[] [][][]de[]-[]rived[] [][][]func[]-[]tor[] [][][]on[] [][][][][] [][][]on[] [][][][] \T1/cmr/m/n/12 is an ex-act func-tor [][]
 []

) (../_excerpts/../_concepts/proposition_exact_functor_between_abelian_categories_induces_functor_on_derived_categories.tex

LaTeX Warning: Citation `weibel' on page 93 undefined on input line 1.

) (../_excerpts/../_concepts/theorem_existence_theorem_of_total_derived_functors_of_exact_functors_between_homotopy_categories.tex

LaTeX Warning: Citation `weibel' on page 93 undefined on input line 1.



[93]) (../_excerpts/../_concepts/corollary_add_func_bewteen_ab_cats_has_a_right_or_left_total_derived_func_if_the_source_ab_cat_has_enough_injs_or_projs.tex

LaTeX Warning: Reference `definition:homotopy_category_of_chain_complexes_of_an_additive_category' on page 1 undefined on input line 2.


LaTeX Warning: Reference `definition:derived_category_of_an_abelian_category' on page 1 undefined on input line 2.


Overfull \hbox (48.53676pt too wide) in paragraph at lines 4--5
[]\T1/cmr/m/n/12 Assuming that $\OMS/cmsy/m/n/12 A$ \T1/cmr/m/n/12 has enough in-jec-tives, there ex-ists a right de-rived func-tor [][]
 []


LaTeX Warning: Reference `definition:left_right_derived_functors_of_a_right_left_exact_functor_between_abelian_categories_where_source_has_enough_projectives_injectives' on page 1 undefined on input line 10.


LaTeX Warning: Reference `convention:objects_of_an_abelian_category_can_be_regarded_as_objects_of_the_derived_category' on page 1 undefined on input line 10.


Overfull \hbox (47.48886pt too wide) in paragraph at lines 12--13
[]\T1/cmr/m/n/12 Assuming that $\OMS/cmsy/m/n/12 A$ \T1/cmr/m/n/12 has enough pro-jec-tives, there ex-ists a left de-rived func-tor [][]
 []


LaTeX Warning: Reference `definition:left_right_derived_functors_of_a_right_left_exact_functor_between_abelian_categories_where_source_has_enough_projectives_injectives' on page 1 undefined on input line 18.


LaTeX Warning: Reference `convention:objects_of_an_abelian_category_can_be_regarded_as_objects_of_the_derived_category' on page 1 undefined on input line 18.


LaTeX Warning: Reference `theorem:existence_theorem_of_total_derived_functors_of_exact_functors_between_homotopy_categories' on page 1 undefined on input line 23.



[94]) (../_excerpts/../_concepts/corollary_cohomology_of_a_total_derived_functor_of_an_additive_functor_between_abelian_categories_can_be_calculated_by_hyper_derived_functors.tex

LaTeX Warning: Citation `weibel' on page 95 undefined on input line 1.

)

LaTeX Warning: Citation `SGA4_III' on page 95 undefined on input line 71.

(../_excerpts/../_definitions/definition_ind_pro_category_of_a_locally_small_category.tex

[95]) (../_excerpts/../_definitions/definition_essentially_constant_object_in_a_pro_ind_category_of_a_locally_small_category.tex) (../_excerpts/../_concepts/proposition_condition_for_ind_pro_object_of_filtered_index_category_to_be_essentially_constant.tex

[96]) (../_excerpts/../_definitions/definition_right_left_derived_functor_of_a_exact_mixed_variant_multifunctor_between_triangulated_categories_relative_to_saturated_multiplicative_systems.tex

LaTeX Warning: Citation `SGA4_III' on page 97 undefined on input line 1.


LaTeX Warning: Hyper reference `definition:ind_pro_category_of_a_locally_small_category' on page 97 undefined on input line 26.



[97]

LaTeX Warning: Hyper reference `definition:ind_pro_category_of_a_locally_small_category' on page 98 undefined on input line 41.

) (../_excerpts/../_definitions/definition_defined_at_objects_derivable_and_adapted_objects_for_the_derived_functors_of_an_exact_multifunctor_between_triangulated_categories.tex

LaTeX Warning: Hyper reference `definition:ind_pro_category_of_a_locally_small_category' on page 98 undefined on input line 10.


LaTeX Warning: Citation `spaltenstein_ruc' on page 98 undefined on input line 17.


LaTeX Warning: Citation `spaltenstein_ruc' on page 98 undefined on input line 26.



[98]) (../_excerpts/../_concepts/proposition_object_is_deployed_for_an_exact_func_of_tri_categories_iff_fun_preserves_the_terminal_nature_of_the_object_relative_to_resolutions.tex

LaTeX Warning: Citation `spaltenstein_ruc' on page 99 undefined on input line 1.


LaTeX Warning: Hyper reference `definition:defined_at_objects_derivable_and_adapted_objects_for_the_derived_functors_of_an_exact_multifunctor_between_triangulated_categories' on page 99 undefined on input line 14.


LaTeX Warning: Hyper reference `definition:right_left_derived_functor_of_a_exact_mixed_variant_multifunctor_between_triangulated_categories_relative_to_saturated_multiplicative_systems' on page 99 undefined on input line 14.


LaTeX Warning: Reference `proposition:general_conditions_for_defining_and_computing_right_left_total_derived_functors_of_exact_functors_of_triangulated_categories' on page 1 undefined on input line 19.


LaTeX Font Warning: Font shape `U/stmry/b/n' undefined
(Font)              using `U/stmry/m/n' instead on input line 28.



[99]) (../_excerpts/../_concepts/proposition_complex_in_an_abelian_category_is_deployed_in_homotopy_category_for_an_additive_functor_iff_fun_preserves_terminal_nature_of_quasi_isomorphisms.tex

LaTeX Warning: Citation `spaltenstein_ruc' on page 100 undefined on input line 1.


LaTeX Warning: Hyper reference `definition:defined_at_objects_derivable_and_adapted_objects_for_the_derived_functors_of_an_exact_multifunctor_between_triangulated_categories' on page 100 undefined on input line 6.


LaTeX Warning: Hyper reference `definition:left_and_right_total_derived_functors_of_biadditive_functors_of_abelian_categories' on page 100 undefined on input line 6.


LaTeX Warning: Hyper reference `definition:quasi_isomorphism_of_chain_complexes_of_objects_in_an_abelian_category' on page 100 undefined on input line 7.


LaTeX Warning: Reference `proposition:object_is_deployed_for_an_exact_func_of_tri_categories_iff_fun_preserves_the_terminal_nature_of_the_object_relative_to_resolutions' on page 1 undefined on input line 12.

) (../_excerpts/../_definitions/definition_right_left_derived_multifunctor_of_an_additive_multifunctor_between_abelian_categories.tex

LaTeX Warning: Reference `proposition:homotopy_category_of_an_additive_category_is_a_triangulated_category' on page 1 undefined on input line 10.


LaTeX Warning: Reference `definition:derived_category_of_an_abelian_category' on page 1 undefined on input line 22.


LaTeX Warning: Reference `definition:ind_pro_category_of_a_locally_small_category' on page 1 undefined on input line 22.



[100]) (../_excerpts/../_definitions/definition_right_left_acyclic_for_an_additive_multifunctor_of_abelian_categories.tex

LaTeX Warning: Citation `SGA4_III' on page 101 undefined on input line 1.


LaTeX Warning: Hyper reference `definition:F_acyclic_object_for_a_left_or_right_functor_between_abelian_categories' on page 101 undefined on input line 8.

) (../_excerpts/../_concepts/proposition_derived_multifunc_of_an_add_multifunc_of_ab_cats_on_cohom_bdd_cats_commutes_with_inclusion_to_unbdd_cats.tex

LaTeX Warning: Citation `SGA4_III' on page 101 undefined on input line 1.


LaTeX Warning: Reference `definition:derived_category_of_an_abelian_category' on page 1 undefined on input line 12.


LaTeX Warning: Reference `definition:flat_object_in_an_abelian_category_with_respect_to_a_right_exact_monoidal_product_functor' on page 1 undefined on input line 12.


LaTeX Warning: Reference `definition:right_left_derived_multifunctor_of_an_additive_multifunctor_between_abelian_categories' on page 1 undefined on input line 12.


LaTeX Warning: Citation `SGA4_III' on page 101 undefined on input line 13.

) (../_excerpts/../_concepts/theorem_derived_functor_of_additive_functor_between_abelian_categories_is_defined_on_bounded_above_below_complexes_if_enough_acyclics_exist.tex

LaTeX Warning: Citation `SGA4_III' on page 101 undefined on input line 1.

)

[101] (../_excerpts/../_definitions/definition_left_right_resolution_of_a_chain_complex_in_an_abelian_category.tex

Package hyperref Warning: Token not allowed in a PDF string (Unicode):
(hyperref)                removing `math shift' on input line 1.


Package hyperref Warning: Token not allowed in a PDF string (Unicode):
(hyperref)                removing `math shift' on input line 1.


LaTeX Warning: Citation `spaltenstein_ruc' on page 102 undefined on input line 5.

) (../_excerpts/../_definitions/definition_K_flat_complex_in_an_abelian_category_with_respect_to_a_biadditive_functor.tex

[102]) (../_excerpts/../_definitions/definition_internal_hom_complex_of_chain_complexes_in_an_additive_category.tex

LaTeX Warning: Reference `definition:double_complex_associated_to_biadditive_functor_and_chain_complexes' on page 1 undefined on input line 4.


LaTeX Warning: Hyper reference `definition:chain_homotopy_between_chain_maps_between_complexes' on page 103 undefined on input line 15.

) (../_excerpts/../_definitions/definition_K_injective_projective_complex_in_an_abelian_category.tex

LaTeX Warning: Hyper reference `definition:internal_hom_complex_of_chain_complexes_in_an_additive_category' on page 103 undefined on input line 3.



[103]) (../_excerpts/../_concepts/proposition_object_in_an_abelian_category_is_K_projective_injective_iff_projective_injective.tex

LaTeX Warning: Citation `spaltenstein_ruc' on page 104 undefined on input line 1.

) (../_excerpts/../_concepts/proposition_complex_in_abelian_category_is_K_projective_K_injective_if_part_of_distinguished_triangle_of_two_K_projectives_injectives.tex

LaTeX Warning: Citation `spaltenstein_ruc' on page 104 undefined on input line 1.


LaTeX Warning: Hyper reference `definition:triangulated_category' on page 104 undefined on input line 3.

) (../_excerpts/../_concepts/proposition_complex_in_abelian_category_is_K_projective_K_injective_iff_shifts_are.tex

LaTeX Warning: Citation `spaltenstein_ruc' on page 104 undefined on input line 1.

) (../_excerpts/../_concepts/proposition_equivalent_conditions_for_a_complex_in_an_abelian_category_to_be_K_projective_K_injective.tex

LaTeX Warning: Citation `spaltenstein_ruc' on page 104 undefined on input line 1.



[104]) (../_excerpts/../_concepts/proposition_bounded_above_below_complex_of_projective_injective_objects_is_K_projective_injective.tex
Overfull \hbox (8.79337pt too wide) in paragraph at lines 12--14
[]\T1/cmr/m/n/12 ($\OMS/cmsy/m/n/12 ^^?$ \T1/cmr/m/n/12 TODO: ver-ify the fol-low-ing)[] We prove (1). By the char-ac-ter-i-za-tion of $\OML/cmm/m/it/12 K$\T1/cmr/m/n/12 -projectivity,
 []

) (../_excerpts/../_concepts/theorem_AB5_AB5_star_categories_with_left_right_resolutions_for_bounded_complexes_by_a_class_has_resolutions_for_all_complexes_by_the_class.tex

LaTeX Warning: Citation `spaltenstein_ruc' on page 105 undefined on input line 1.


Overfull \hbox (1.8537pt too wide) in paragraph at lines 3--4
[]\T1/cmr/m/n/12 Let $\OMS/cmsy/m/n/12 A$ \T1/cmr/m/n/12 be an AB5 abelian cat-
 []


LaTeX Warning: Hyper reference `definition:left_right_resolution_of_a_chain_complex_in_an_abelian_category' on page 105 undefined on input line 6.


LaTeX Warning: Hyper reference `definition:left_right_resolution_of_a_chain_complex_in_an_abelian_category' on page 105 undefined on input line 14.

) (../_excerpts/../_concepts/corollary_AB5_AB5_star_categories_with_enough_projectives_injectives_have_K_projective_injective_resolutions.tex

LaTeX Warning: Citation `spaltenstein_ruc' on page 105 undefined on input line 1.


LaTeX Warning: Hyper reference `definition:K_injective_projective_complex_in_an_abelian_category' on page 105 undefined on input line 3.


LaTeX Warning: Hyper reference `definition:left_right_resolution_of_a_chain_complex_in_an_abelian_category' on page 105 undefined on input line 3.



[105]

LaTeX Warning: Hyper reference `definition:K_injective_projective_complex_in_an_abelian_category' on page 106 undefined on input line 6.


LaTeX Warning: Hyper reference `definition:left_right_resolution_of_a_chain_complex_in_an_abelian_category' on page 106 undefined on input line 6.


LaTeX Warning: Reference `proposition:abelian_category_with_enough_objets_of_a_class_on_the_right_left_has_resolutions_of_complexes' on page 1 undefined on input line 12.


LaTeX Warning: Reference `proposition:bounded_above_below_complex_of_projective_injective_objects_is_K_projective_injective' on page 1 undefined on input line 12.


LaTeX Warning: Reference `theorem:AB5_AB5_star_categories_with_left_right_resolutions_for_bounded_complexes_by_a_class_has_resolutions_for_all_complexes_by_the_class' on page 1 undefined on input line 12.

) (../_excerpts/../_concepts/theorem_grothendieck_categories_have_enough_K_injective_complexe.tex

LaTeX Warning: Citation `serpe_rucgc' on page 106 undefined on input line 1.

) (../_excerpts/../_concepts/lemma_bi_additive_functor_on_additive_categories_that_preserves_colimits_or_limits_preserve_colimits_or_limtis_as_functor_on_chain_categories.tex

LaTeX Warning: Reference `definition:double_complex_associated_to_biadditive_functor_and_chain_complexes' on page 1 undefined on input line 4.


LaTeX Warning: Reference `definition:double_complex_associated_to_biadditive_functor_and_chain_complexes' on page 1 undefined on input line 8.


LaTeX Warning: Reference `definition:double_complex_associated_to_biadditive_functor_and_chain_complexes' on page 1 undefined on input line 10.


LaTeX Warning: Reference `definition:double_complex_associated_to_biadditive_functor_and_chain_complexes' on page 1 undefined on input line 14.


LaTeX Warning: Reference `proposition:limit_and_colimit_or_diagram_of_chain_complexes_is_computed_pointwise' on page 1 undefined on input line 19.


LaTeX Warning: Hyper reference `theorem:category_of_double_complexes_of_objects_of_an_additive_category_is_naturally_isomorphic_to_the_category_of_chain_complexes_of_chain_complexes' on page 106 undefined on input line 23.



[106]) (../_excerpts/../_concepts/lemma_bounded_above_complex_of_flat_objects_are_K_flat_with_respect_to_bi_daditive_functor_on_abelian_categories_where_target_is_AB5.tex

LaTeX Warning: Reference `proposition:chain_complexes_in_additive_categories_are_limits_and_colimits_of_truncations' on page 1 undefined on input line 14.


LaTeX Warning: Reference `lemma:bi_additive_functor_on_additive_categories_that_preserves_colimits_or_limits_preserve_colimits_or_limtis_as_functor_on_chain_categories' on page 1 undefined on input line 16.


LaTeX Warning: Reference `lemma:acyclic_assembly_lemma_for_bounded_double_complexes_with_exact_rows_or_columns' on page 107 undefined on input line 18.

) (../_excerpts/../_concepts/proposition_general_conditions_for_defining_and_computing_right_left_total_derived_functors_of_exact_functors_of_triangulated_categories.tex

LaTeX Warning: Citation `stacks-project' on page 107 undefined on input line 1.



[107]

LaTeX Warning: Hyper reference `definition:right_left_derived_functor_of_a_exact_mixed_variant_multifunctor_between_triangulated_categories_relative_to_saturated_multiplicative_systems' on page 108 undefined on input line 18.


LaTeX Warning: Hyper reference `definition:defined_at_objects_derivable_and_adapted_objects_for_the_derived_functors_of_an_exact_multifunctor_between_triangulated_categories' on page 108 undefined on input line 18.


LaTeX Warning: Reference `proposition:object_is_deployed_for_an_exact_func_of_tri_categories_iff_fun_preserves_the_terminal_nature_of_the_object_relative_to_resolutions' on page 1 undefined on input line 26.

) (../_excerpts/../_concepts/proposition_exact_functor_from_homotopy_category_of_abelian_category_with_enough_K_injective_complexes_has_defined_derived_functor.tex

LaTeX Warning: Citation `stacks-project' on page 108 undefined on input line 1.


LaTeX Warning: Reference `definition:homotopy_category_of_chain_complexes_of_an_additive_category' on page 1 undefined on input line 3.


LaTeX Warning: Hyper reference `definition:defined_at_objects_derivable_and_adapted_objects_for_the_derived_functors_of_an_exact_multifunctor_between_triangulated_categories' on page 108 undefined on input line 5.


LaTeX Warning: Reference `proposition:general_conditions_for_defining_and_computing_right_left_total_derived_functors_of_exact_functors_of_triangulated_categories' on page 1 undefined on input line 8.

) (../_excerpts/../_concepts/proposition_adjoint_exact_functors_of_triangulated_categories_induce_adjunctions_for_derived_functors_when_defined.tex

LaTeX Warning: Citation `stacks-project' on page 108 undefined on input line 1.


Overfull \hbox (3.06653pt too wide) in paragraph at lines 5--7
\T1/cmr/m/n/12 which is func-to-rial in both vari-ables on the tri-an-gu-lated sub-cat-e-gories of $\OMS/cmsy/m/n/12 D\OT1/cmr/m/n/12 [\OML/cmm/m/it/12 S[]\OT1/cmr/m/n/12 ]$ \T1/cmr/m/n/12 and $\OMS/cmsy/m/n/12 D[]\OT1/cmr/m/n/12 [(\OML/cmm/m/it/12 S[]\OT1/cmr/m/n/12 )[]]$
 []



[108]) (../_excerpts/../_concepts/proposition_adjoint_functors_between_abelian_categories_induce_adjunctions_of_derived_functors_when_defined.tex

LaTeX Warning: Citation `stacks-project' on page 109 undefined on input line 1.


LaTeX Warning: Reference `lemma:left_right_exact_functor_between_abelian_categories_is_additive' on page 1 undefined on input line 2.

) (../_excerpts/../_concepts/proposition_adjoint_functors_between_abelian_categories_induce_adjunctions_of_derived_functors_if_they_exist_fully.tex

LaTeX Warning: Citation `stacks-project' on page 109 undefined on input line 1.

) (../_excerpts/../_concepts/theorem_category_of_modules_over_an_essentially_small_ringed_site_has_enough_K_injectives.tex

Package hyperref Warning: Token not allowed in a PDF string (Unicode):
(hyperref)                removing `math shift' on input line 1.


Package hyperref Warning: Token not allowed in a PDF string (Unicode):
(hyperref)                removing `math shift' on input line 1.


LaTeX Warning: Reference `theorem:examples_of_grothendieck_categories' on page 1 undefined on input line 2.


LaTeX Warning: Hyper reference `definition:module_over_a_sheaf_of_rings_on_a_site' on page 109 undefined on input line 4.


LaTeX Warning: Reference `theorem:grothendieck_categories_have_enough_K_injective_complexe' on page 1 undefined on input line 7.

) (../_excerpts/../_definitions/definition_flat_module_over_a_sheaf_of_rings_on_an_essentially_small_site.tex

LaTeX Warning: Hyper reference `definition:module_over_a_sheaf_of_rings_on_a_site' on page 109 undefined on input line 4.


LaTeX Warning: Reference `definition:sheafified_tensor_product_of_sheaves_of_modules_of_sheaves_of_rings_on_a_site_with_a_small_topologically_generating_family' on page 1 undefined on input line 4.


LaTeX Warning: Reference `definition:sheaf_on_a_site' on page 1 undefined on input line 4.


LaTeX Warning: Hyper reference `definition:exact_functor_between_abelian_categories' on page 109 undefined on input line 4.


LaTeX Warning: Hyper reference `definition:flat_object_in_an_abelian_category_with_respect_to_a_right_exact_monoidal_product_functor' on page 109 undefined on input line 6.

) (../_excerpts/../_concepts/proposition_category_of_sheaves_of_modules_over_a_ringed_site_on_an_essentially_small_site_has_enough_flats.tex

LaTeX Warning: Hyper reference `definition:has_enough_objects_of_a_class_on_the_left_right_for_an_abelian_category' on page 109 undefined on input line 4.


LaTeX Warning: Hyper reference `definition:flat_module_over_a_sheaf_of_rings_on_an_essentially_small_site' on page 109 undefined on input line 4.

) (../_excerpts/../_concepts/proposition_there_are_enough_K_flat_resolutions_for_modules_on_an_essentially_small_ringed_site.tex

LaTeX Warning: Hyper reference `definition:K_flat_complex_in_an_abelian_category_with_respect_to_a_biadditive_functor' on page 109 undefined on input line 4.


LaTeX Warning: Hyper reference `definition:left_right_resolution_of_a_chain_complex_in_an_abelian_category' on page 109 undefined on input line 4.


LaTeX Warning: Reference `proposition:category_of_sheaves_of_modules_over_a_ringed_site_on_an_essentially_small_site_has_enough_flats' on page 1 undefined on input line 7.


LaTeX Warning: Reference `lemma:bounded_above_complex_of_flat_objects_are_K_flat_with_respect_to_bi_daditive_functor_on_abelian_categories_where_target_is_AB5' on page 1 undefined on input line 7.


LaTeX Warning: Reference `lemma:bounded_above_complex_of_flat_objects_are_K_flat_with_respect_to_bi_daditive_functor_on_abelian_categories_where_target_is_AB5' on page 1 undefined on input line 7.


LaTeX Warning: Reference `theorem:tensor_hom_adjucntion_for_sheaves_of_modules_over_sheaves_of_rings_on_a_site_with_a_small_topologically_generating_family' on page 1 undefined on input line 7.


LaTeX Warning: Reference `theorem:right_left_adjoints_commute_with_limits_colimits' on page 1 undefined on input line 7.


LaTeX Warning: Reference `theorem:AB5_AB5_star_categories_with_left_right_resolutions_for_bounded_complexes_by_a_class_has_resolutions_for_all_complexes_by_the_class' on page 1 undefined on input line 7.

) (../_excerpts/../_notations/notation_derived_categories_of_O_modules_on_an_essentially_small_site_ringed_site.tex

[109]

LaTeX Warning: Reference `definition:derived_category_of_an_abelian_category' on page 1 undefined on input line 4.

) (../_excerpts/../_definitions/definition_sheaf_internal_hom_functor_of_complexes_of_modules_on_an_essentially_small_ringed_site_with_a_pretopology.tex

LaTeX Warning: Hyper reference `definition:internal_hom_complex_of_chain_complexes_in_an_additive_category' on page 110 undefined on input line 4.


LaTeX Warning: Reference `definition:double_complex_associated_to_biadditive_functor_and_chain_complexes' on page 1 undefined on input line 4.


LaTeX Warning: Hyper reference `definition:sheaf_hom_for_sheaves_of_modules_over_sheaves_of_rings_on_a_site_with_a_small_topologically_generating_family' on page 110 undefined on input line 4.


Overfull \hbox (44.89624pt too wide) in paragraph at lines 4--4
\T1/cmr/m/n/12 fused with the in-ter-nal hom com-plex $[][]\OT1/cmr/m/n/12 (\OML/cmm/m/it/12 K[]; L[]\OT1/cmr/m/n/12 )$\T1/cmr/m/n/12 , is the prod-uct to-tal com-plex $[][]\OT1/cmr/m/n/12 (\OMS/cmsy/m/n/12 H\OML/cmm/m/it/12 om\OT1/cmr/m/n/12 (\OML/cmm/m/it/12 K[]; L[]\OT1/cmr/m/n/12 ))$\T1/cmr/m/n/12 ,
 []


LaTeX Warning: Reference `definition:module_over_a_sheaf_of_rings_on_a_site' on page 1 undefined on input line 5.


LaTeX Warning: Reference `definition:sheaf_on_a_site' on page 1 undefined on input line 5.

) (../_excerpts/../_definitions/definition_derived_sheaf_internal_hom_functor_of_complexes_of_modules_on_an_essentially_small_ringed_site_with_a_pretopology.tex

LaTeX Warning: Citation `stacks-project' on page 110 undefined on input line 1.


LaTeX Warning: Reference `notation:derived_categories_of_O_modules_on_an_essentially_small_site_ringed_site' on page 1 undefined on input line 4.


LaTeX Warning: Hyper reference `definition:sheaf_hom_for_sheaves_of_modules_over_sheaves_of_rings_on_a_site_with_a_small_topologically_generating_family' on page 110 undefined on input line 4.


Overfull \hbox (63.23312pt too wide) in paragraph at lines 4--5
[]\T1/cmr/m/n/12 The []\T1/cmr/m/it/12 de[]-[]rived[] [][][](sheafy/sheaf)[] [][][]in[]-[]ter[]-[]nal[] [][][]hom[] [][][]func[]-[]tor \T1/cmr/m/n/12 is the func-tor [][]
 []


LaTeX Warning: Hyper reference `definition:K_injective_projective_complex_in_an_abelian_category' on page 110 undefined on input line 9.


LaTeX Warning: Hyper reference `definition:left_right_resolution_of_a_chain_complex_in_an_abelian_category' on page 110 undefined on input line 9.


LaTeX Warning: Reference `theorem:category_of_modules_over_an_essentially_small_ringed_site_has_enough_K_injectives' on page 1 undefined on input line 9.


LaTeX Warning: Hyper reference `definition:sheaf_internal_hom_functor_of_complexes_of_modules_on_an_essentially_small_ringed_site_with_a_pretopology' on page 110 undefined on input line 9.

) (../_excerpts/../_definitions/definition_derived_tensor_product_of_complexes_of_modules_on_an_essentially_small_ringed_site_with_a_pretopology.tex

LaTeX Warning: Citation `stacks-project' on page 110 undefined on input line 1.



[110]

LaTeX Warning: Reference `definition:module_over_a_sheaf_of_rings_on_a_site' on page 1 undefined on input line 6.


LaTeX Warning: Reference `notation:derived_categories_of_O_modules_on_an_essentially_small_site_ringed_site' on page 1 undefined on input line 6.


LaTeX Warning: Hyper reference `definition:right_left_derived_multifunctor_of_an_additive_multifunctor_between_abelian_categories' on page 111 undefined on input line 6.


LaTeX Warning: Hyper reference `definition:sheafified_tensor_product_of_sheaves_of_modules_of_sheaves_of_rings_on_a_site_with_a_small_topologically_generating_family' on page 111 undefined on input line 6.


LaTeX Warning: Hyper reference `definition:K_flat_complex_in_an_abelian_category_with_respect_to_a_biadditive_functor' on page 111 undefined on input line 8.


LaTeX Warning: Reference `proposition:there_are_enough_K_flat_resolutions_for_modules_on_an_essentially_small_ringed_site' on page 1 undefined on input line 8.

) (../_excerpts/../_concepts/theorem_total_derived_tensor_hom_adjunction_for_modules_on_a_ringed_site.tex

LaTeX Warning: Citation `stacks-project' on page 111 undefined on input line 1.


LaTeX Warning: Reference `notation:derived_categories_of_O_modules_on_an_essentially_small_site_ringed_site' on page 1 undefined on input line 4.


LaTeX Warning: Reference `definition:derived_sheaf_internal_hom_functor_of_complexes_of_modules_on_an_essentially_small_ringed_site_with_a_pretopology' on page 1 undefined on input line 6.


LaTeX Warning: Reference `definition:derived_tensor_product_of_complexes_of_modules_on_an_essentially_small_ringed_site_with_a_pretopology' on page 1 undefined on input line 6.

) (../_excerpts/../_definitions/definition_morphism_of_ringed_sites.tex

LaTeX Warning: Hyper reference `definition:ringed_site' on page 111 undefined on input line 2.


LaTeX Warning: Reference `definition:direct_image_of_a_sheaf_on_a_site_under_a_continuous_functor_of_sites_or_a_site_morphism' on page 1 undefined on input line 7.


LaTeX Warning: Reference `theorem:adjunction_between_inverse_images_and_direct_images_of_sheaves_under_continuous_functor_of_sites' on page 1 undefined on input line 9.


LaTeX Warning: Hyper reference `definition:inverse_image_of_a_sheaf_under_a_continuous_functor_of_sites_or_a_site_morphism' on page 111 undefined on input line 9.

) (../_excerpts/../_definitions/definition_total_right_derived_direct_image_functor_for_morphism_of_ringed_topoi.tex

LaTeX Warning: Citation `stacks-project' on page 111 undefined on input line 1.


LaTeX Warning: Reference `notation:derived_categories_of_O_modules_on_an_essentially_small_site_ringed_site' on page 1 undefined on input line 8.


LaTeX Warning: Hyper reference `definition:K_injective_projective_complex_in_an_abelian_category' on page 111 undefined on input line 8.


LaTeX Warning: Hyper reference `definition:left_right_resolution_of_a_chain_complex_in_an_abelian_category' on page 111 undefined on input line 8.


LaTeX Warning: Reference `theorem:category_of_modules_over_an_essentially_small_ringed_site_has_enough_K_injectives' on page 1 undefined on input line 8.


LaTeX Warning: Reference `proposition:exact_functor_between_abelian_categories_induces_functor_on_derived_categories' on page 1 undefined on input line 8.


LaTeX Warning: Reference `proposition:exact_functor_from_homotopy_category_of_abelian_category_with_enough_K_injective_complexes_has_defined_derived_functor' on page 1 undefined on input line 9.

) (../_excerpts/../_definitions/definition_total_left_derived_inverse_image_functor_for_morphism_of_ringed_sites.tex

LaTeX Warning: Citation `stacks-project' on page 111 undefined on input line 1.



[111]

LaTeX Warning: Reference `notation:derived_categories_of_O_modules_on_an_essentially_small_site_ringed_site' on page 1 undefined on input line 8.


LaTeX Warning: Hyper reference `definition:K_flat_complex_in_an_abelian_category_with_respect_to_a_biadditive_functor' on page 112 undefined on input line 9.


LaTeX Warning: Hyper reference `definition:left_right_resolution_of_a_chain_complex_in_an_abelian_category' on page 112 undefined on input line 9.


LaTeX Warning: Reference `proposition:there_are_enough_K_flat_resolutions_for_modules_on_an_essentially_small_ringed_site' on page 1 undefined on input line 9.

)

LaTeX Warning: Reference `definition:total_right_derived_direct_image_functor_for_morphism_of_ringed_topoi' on page 1 undefined on input line 205.


LaTeX Warning: Reference `definition:total_left_derived_inverse_image_functor_for_morphism_of_ringed_sites' on page 1 undefined on input line 205.

)

LaTeX Warning: Reference `subsubsection:derived_functors_for_biadditive_functors_computed_via_resolutions_of_flat_objects' on page 1 undefined on input line 519.

(../_definitions/definition_left_and_right_total_derived_functors_of_biadditive_functors_of_abelian_categories.tex

LaTeX Warning: Reference `corollary:add_func_bewteen_ab_cats_has_a_right_or_left_total_derived_func_if_the_source_ab_cat_has_enough_injs_or_projs' on page 1 undefined on input line 17.


LaTeX Warning: Reference `corollary:add_func_bewteen_ab_cats_has_a_right_or_left_total_derived_func_if_the_source_ab_cat_has_enough_injs_or_projs' on page 1 undefined on input line 19.


LaTeX Warning: Reference `proposition:total_derived_functors_for_biadditive_functors_on_abelian_categories_are_well_defined_if_both_source_categories_have_enough_projectives_injectives' on page 1 undefined on input line 21.


LaTeX Warning: Reference `corollary:add_func_bewteen_ab_cats_has_a_right_or_left_total_derived_func_if_the_source_ab_cat_has_enough_injs_or_projs' on page 1 undefined on input line 26.


LaTeX Warning: Reference `corollary:add_func_bewteen_ab_cats_has_a_right_or_left_total_derived_func_if_the_source_ab_cat_has_enough_injs_or_projs' on page 1 undefined on input line 28.


LaTeX Warning: Reference `proposition:total_derived_functors_for_biadditive_functors_on_abelian_categories_are_well_defined_if_both_source_categories_have_enough_projectives_injectives' on page 1 undefined on input line 30.


Overfull \hbox (59.36078pt too wide) in paragraph at lines 32--33
[]\T1/cmr/m/n/12 Let $\OML/cmm/m/it/12 M \OMS/cmsy/m/n/12 2 A$\T1/cmr/m/n/12 . As-sume that $\OMS/cmsy/m/n/12 B$ \T1/cmr/m/n/12 has enough flats with re-spect to $\OMS/cmsy/m/n/12 
$\T1/cmr/m/n/12 . De-fine [][]
 []



[112]

LaTeX Warning: Reference `definition:derived_tensor_product_on_bounded_above_derived_categories_of_abelian_categories_for_a_biadditive_right_exact_functor' on page 1 undefined on input line 34.

) (../_concepts/proposition_total_derived_functors_for_biadditive_functors_on_abelian_categories_are_well_defined_if_both_source_categories_have_enough_projectives_injectives.tex

LaTeX Warning: Reference `definition:left_and_right_total_derived_functors_of_biadditive_functors_of_abelian_categories' on page 1 undefined on input line 4.


LaTeX Warning: Reference `definition:left_and_right_total_derived_functors_of_biadditive_functors_of_abelian_categories' on page 1 undefined on input line 5.


LaTeX Warning: Reference `theorem:derived_categories_can_be_identified_with_homotopy_categories_of_injectives_or_projectives' on page 1 undefined on input line 9.


LaTeX Warning: Reference `corollary:add_func_bewteen_ab_cats_has_a_right_or_left_total_derived_func_if_the_source_ab_cat_has_enough_injs_or_projs' on page 1 undefined on input line 14.


LaTeX Warning: Reference `lemma:applying_biadd_func_to_res_is_defined_up_to_quasi_iso_and_agrees_with_the_tot_complex_of_the_double_complex_of_the_biadd_func_on_the_two_res' on page 1 undefined on input line 17.

) (../_definitions/definition_derived_tensor_product_on_bounded_above_derived_categories_of_abelian_categories_for_a_biadditive_right_exact_functor.tex

LaTeX Warning: Hyper reference `definition:left_and_right_total_derived_functors_of_biadditive_functors_of_abelian_categories' on page 113 undefined on input line 7.


LaTeX Warning: Hyper reference `definition:left_and_right_total_derived_functors_of_biadditive_functors_of_abelian_categories' on page 113 undefined on input line 9.


Overfull \hbox (43.35118pt too wide) in paragraph at lines 13--14
[]\T1/cmr/m/n/12 Let $\OML/cmm/m/it/12 M \OMS/cmsy/m/n/12 2 A$\T1/cmr/m/n/12 . As-sume that $\OMS/cmsy/m/n/12 B$ \T1/cmr/m/n/12 has enough flats. We al-ter-na-tively de-fine [][]
 []



[113]) (../_definitions/definition_serre_subcategory_of_an_abelian_category.tex) (../_definitions/definition_thick_subcategory_of_a_triangulated_category.tex) (../_concepts/proposition_subcategory_of_homotopy_category_of_an_abelian_category_whose_cohomology_objects_belong_to_a_serre_subcategory_is_a_triangulated_subcategory.tex

LaTeX Warning: Citation `fu_ect' on page 114 undefined on input line 7.



[114]) (../_notations/notation_homotopy_categories_of_an_abelian_category_whose_homology_objects_are_in_a_serre_subcategory.tex) (../_notations/notation_subcategory_of_derived_category_of_an_abelian_category_whose_homology_objects_belong_to_a_serre_subcategory.tex) (../_definitions/definition_tower_of_objects_in_a_category.tex) (../_definitions/definition_shifted_tower_of_objects_in_a_category.tex) (../_definitions/definition_derived_inverse_limit_functor_of_towers_in_a_complete_abelian_category.tex

LaTeX Warning: Reference `proposition:left_right_adjoint_of_add_cats_is_add_and_right_left_exact_if_between_ab_cats' on page 1 undefined on input line 7.


LaTeX Warning: Reference `theorem:limit_and_colimit_are_left_right_adjoint_to_diagonal_functor_for_locally_small_base_and_small_index' on page 1 undefined on input line 7.

) (../_concepts/theorem_higher_derived_functors_for_an_AB4_star_grothendieck_category_vanish.tex

LaTeX Warning: Citation `roos_dfilr' on page 115 undefined on input line 1.


LaTeX Warning: Citation `weibel' on page 115 undefined on input line 1.


LaTeX Warning: Citation `roos_sfdla' on page 115 undefined on input line 8.


LaTeX Warning: Reference `theorem:higher_derived_functors_for_an_AB4_star_grothendieck_category_vanish' on page 1 undefined on input line 8.


LaTeX Warning: Citation `neeman_c1961tha' on page 115 undefined on input line 8.


LaTeX Warning: Citation `roos_dfilr' on page 115 undefined on input line 8.


LaTeX Warning: Reference `theorem:higher_derived_functors_for_an_AB4_star_grothendieck_category_vanish' on page 1 undefined on input line 8.


LaTeX Warning: Citation `weibel' on page 115 undefined on input line 8.



[115]) (../_definitions/definition_pointed_category.tex) (../_definitions/definition_zero_morphism_in_a_pointed_category.tex) (../_definitions/definition_mittag_leffler_condition_for_an_inverse_system_of_objects_in_a_category_with_images.tex

LaTeX Warning: Citation `weibel' on page 116 undefined on input line 1.

) (../_definitions/definition_trivial_mittag_leffler_condition_for_an_inverse_system_of_objects_in_a_pointed_category.tex

LaTeX Warning: Citation `weibel' on page 116 undefined on input line 1.

) (../_definitions/definition_null_system_in_a_pointed_category_with_images.tex) (../_definitions/definition_artin_rees_mittag_leffler_condition_on_a_tower_in_a_category_with_images.tex

LaTeX Warning: Citation `SGA5' on page 116 undefined on input line 25.


LaTeX Warning: Citation `deligne_lcwii' on page 116 undefined on input line 25.


LaTeX Warning: Citation `fu_ect' on page 116 undefined on input line 25.



[116]) (../_concepts/lemma_trivial_mittag_leffler_condition_implies_mittag_leffler_condition.tex) (../_concepts/lemma_null_systems_satisfy_trivial_mittag_leffler_condition.tex) (../_concepts/lemma_artin_rees_mittag_leffler_condition_implies_mittag_leffler_condition.tex) (../_definitions/definition_sieve_on_an_object_in_a_category.tex

LaTeX Warning: Citation `SGA4_I' on page 117 undefined on input line 1.

) (../_definitions/definition_sieve_on_an_object_of_a_category_generated_by_a_family_of_morphisms.tex

[117]) (../_definitions/definition_pullback_sieve_of_an_object_in_a_category_via_a_morphism_to_the_object.tex) (../_definitions/definition_grothendieck_topology_on_a_category_site_covering_sieve_topologically_generating_family.tex

LaTeX Warning: Citation `SGA4_I' on page 118 undefined on input line 11.


LaTeX Warning: Citation `SGA4_I' on page 118 undefined on input line 31.


LaTeX Warning: Hyper reference `definition:basis_and_grothendieck_pretopology_for_a_grothendieck_topology_on_a_category' on page 118 undefined on input line 33.


LaTeX Warning: Hyper reference `definition:grothendieck_topology_generated_by_a_pretopology' on page 118 undefined on input line 33.


LaTeX Warning: Citation `stacks-project' on page 118 undefined on input line 33.


LaTeX Warning: Citation `stacks-project' on page 118 undefined on input line 33.


LaTeX Warning: Citation `stacks-project' on page 118 undefined on input line 33.


LaTeX Warning: Citation `SGA4_I' on page 118 undefined on input line 35.


LaTeX Warning: Citation `SGA4_I' on page 118 undefined on input line 37.



[118]) (../_definitions/definition_small_site_locally_small_site_U_site_U_small_site_U_topology.tex) (../_definitions/definition_essentially_small_site.tex) (../_definitions/definition_presheaf_on_a_category.tex

[119]) (../_definitions/definition_sheaf_on_a_site.tex

LaTeX Warning: Hyper reference `definition:basis_and_grothendieck_pretopology_for_a_grothendieck_topology_on_a_category' on page 120 undefined on input line 15.


LaTeX Warning: Hyper reference `definition:grothendieck_topology_generated_by_a_pretopology' on page 120 undefined on input line 15.

) (../_definitions/definition_sheaf_on_a_topological_space_valued_in_a_category_with_a_terminal_object.tex

[120]
Overfull \hbox (1.18437pt too wide) in paragraph at lines 23--25
\T1/cmr/m/n/12 Here, the mor-phism $\OMS/cmsy/m/n/12 F\OT1/cmr/m/n/12 (\OML/cmm/m/it/12 U\OT1/cmr/m/n/12 ) \OMS/cmsy/m/n/12 ! [][] F\OT1/cmr/m/n/12 (\OML/cmm/m/it/12 U[]\OT1/cmr/m/n/12 )$ \T1/cmr/m/n/12 and the two mor-phisms $[][] \OMS/cmsy/m/n/12 F\OT1/cmr/m/n/12 (\OML/cmm/m/it/12 U[]\OT1/cmr/m/n/12 ) \U/msa/m/n/12 ^^S [][] \OMS/cmsy/m/n/12 F\OT1/cmr/m/n/12 (\OML/cmm/m/it/12 U[] \OMS/cmsy/m/n/12 \
 []

) (../_definitions/definition_categories_of_presheaves_and_sheaves_on_a_topological_space_valued_in_a_category.tex) (../_definitions/definition_continuous_functor_of_sites.tex

LaTeX Warning: Citation `SGA4_I' on page 121 undefined on input line 1.



[121]) (../_definitions/definition_inverse_image_of_a_sheaf_under_a_continuous_functor_of_sites_or_a_site_morphism.tex) (../_definitions/definition_direct_image_of_a_sheaf_on_a_site_under_a_continuous_functor_of_sites_or_a_site_morphism.tex

[122]) (../_concepts/theorem_adjunction_between_inverse_images_and_direct_images_of_sheaves_under_continuous_functor_of_sites.tex) (../_definitions/definition_direct_image_of_a_sheaf_on_a_topological_space.tex

[123]) (../_definitions/definition_inverse_image_of_a_sheaf_on_a_topological_space.tex) (../_concepts/theorem_adjunction_between_inverse_image_and_direct_image_functors_for_sheaves_on_topological_spaces_under_a_continuous_map.tex) (../_concepts/theorem_comparison_lemma_of_sheaves_on_a_site_and_sheaves_on_a_small_topologically_generating_family.tex

LaTeX Warning: Citation `SGA4_I' on page 124 undefined on input line 1.


LaTeX Warning: Hyper reference `definition:locally_small_category' on page 124 undefined on input line 2.



[124]

[125]

LaTeX Warning: Reference `lemma:category_of_presheaves_on_a_small_category_of_locally_small_value_is_locally_small' on page 1 undefined on input line 51.

) (../_definitions/definition_ringed_site.tex) (../_definitions/definition_sections_of_a_presheaf_on_a_category_valued_in_a_category.tex

[126]) (../_concepts/proposition_final_object_of_category_of_locally_small_objects_represents_a_final_object_of_the_category_of_set_valued_presheaves.tex) (../_concepts/proposition_sections_functors_on_presheaves_vlaued_in_an_abelian_category_are_left_exact.tex

LaTeX Warning: Reference `proposition:examples_of_abelian_categories' on page 1 undefined on input line 15.

) (../_concepts/theorem_category_of_modules_over_a_sheaf_of_rings_on_a_site_on_an_essentially_small_category_has_enough_injectives.tex

LaTeX Warning: Citation `stacks-project' on page 127 undefined on input line 1.

) (../_definitions/definition_category_of_objects_over_under_a_fixed_object_in_a_category.tex <xymatrix 2x2 141>

[127] <xymatrix 2x2 141>) (../_definitions/definition_site_induced_by_a_site_on_an_over_category.tex) (../_definitions/definition_sheaf_cohomology_group_of_a_sheaf_of_modules_over_a_sheaf_of_rings_on_a_site.tex

LaTeX Warning: Reference `theorem:category_of_modules_over_a_sheaf_of_rings_on_a_site_on_an_essentially_small_category_has_enough_injectives' on page 1 undefined on input line 5.


LaTeX Warning: Reference `proposition:sections_functors_on_presheaves_vlaued_in_an_abelian_category_are_left_exact' on page 1 undefined on input line 9.



[128]) (../_definitions/definition_coherent_site.tex) (../_definitions/definition_coherent_topos.tex

LaTeX Warning: Citation `SGA4_II' on page 129 undefined on input line 5.

) (../_concepts/theorem_examples_of_coherent_sites.tex

[129]) (../_concepts/theorem_sheaf_cohomology_on_a_ringed_site_with_a_final_object_commutes_with_filtered_colimits.tex

LaTeX Warning: Citation `SGA4_II' on page 130 undefined on input line 1.

) (../_definitions/definition_sheafy_functor_of_a_functor_between_two_categories_for_the_categories_of_sheaves_on_a_site.tex

[130]) (../_concepts/proposition_category_of_sheaves_on_a_site_valued_in_product_category_is_equivalent_to_product_of_categories_of_sheaves_on_the_site.tex) (../_concepts/theorem_adjunction_between_sheafy_functors_from_adjoint_bifunctors.tex

LaTeX Warning: Reference `proposition:category_of_sheaves_on_a_site_valued_in_product_category_is_equivalent_to_product_of_categories_of_sheaves_on_the_site' on page 1 undefined on input line 12.

) (../_definitions/definition_sheafified_tensor_product_of_sheaves_of_modules_of_sheaves_of_rings_on_a_site_with_a_small_topologically_generating_family.tex

[131]

LaTeX Warning: Reference `theorem:sheafification_of_a_presheaf_of_sets_on_a_small_enough_site' on page 1 undefined on input line 8.

) (../_definitions/definition_sheaf_hom_for_sheaves_of_modules_over_sheaves_of_rings_on_a_site_with_a_small_topologically_generating_family.tex
Overfull \hbox (33.34918pt too wide) in paragraph at lines 4--5
[]\T1/cmr/m/n/12 The []\T1/cmr/m/it/12 sheafi[]-[]fied[] [][][]Hom\T1/cmr/m/n/12 , de-noted by no-ta-tions such as [][], [][], or [][],
 []


LaTeX Warning: Reference `definition:category_of_objects_over_under_a_fixed_object_in_a_category' on page 1 undefined on input line 6.


LaTeX Warning: Reference `definition:site_induced_by_a_site_on_an_over_category' on page 1 undefined on input line 6.


LaTeX Warning: Reference `definition:restriction_of_a_sheaf_on_a_site_to_an_object_of_the_underlying_category_of_the_site' on page 1 undefined on input line 6.


LaTeX Warning: Reference `theorem:tensor_hom_adjucntion_for_sheaves_of_modules_over_sheaves_of_rings_on_a_site_with_a_small_topologically_generating_family' on page 1 undefined on input line 8.

) (../_concepts/theorem_tensor_hom_adjucntion_for_sheaves_of_modules_over_sheaves_of_rings_on_a_site_with_a_small_topologically_generating_family.tex

LaTeX Warning: Reference `theorem:adjunction_between_sheafy_functors_from_adjoint_bifunctors' on page 1 undefined on input line 28.



[132]

LaTeX Warning: Reference `theorem:adjunction_between_sheafy_functors_from_adjoint_bifunctors' on page 1 undefined on input line 28.

)

LaTeX Warning: Citation `SGA4_III' on page 133 undefined on input line 670.


LaTeX Warning: Reference `definition:homotopy_category_of_chain_complexes_of_an_additive_category' on page 1 undefined on input line 677.


LaTeX Warning: Reference `definition:derived_category_of_an_abelian_category' on page 1 undefined on input line 680.


LaTeX Warning: Reference `theorem:derived_functor_of_additive_functor_between_abelian_categories_is_defined_on_bounded_above_below_complexes_if_enough_acyclics_exist' on page 1 undefined on input line 680.

(../_definitions/definition_graded_object_in_a_category.tex) (../_definitions/definition_morphism_of_graded_objects_in_an_abelian_category.tex

[133]) (../_definitions/definition_category_of_graded_objects_in_a_category.tex) (../_concepts/proposition_category_of_graded_objects_in_an_abelian_category_is_abelian.tex) (../_definitions/definition_graded_subobject_of_a_graded_object_of_a_category.tex) (../_definitions/definition_graded_module_of_rings.tex) (../_definitions/definition_differential_graded_object_in_a_category_with_a_zero_object.tex) (../_concepts/lemma_differential_graded_object_in_a_preadditive_category_is_chain_complex.tex) (../_definitions/definition_bigraded_object_in_a_category.tex

[134]) (../_definitions/definition_differential_on_a_bigraded_object_in_a_category_with_a_zero_object.tex) (../_definitions/definition_morphism_between_differential_bigraded_objects_in_a_category_with_a_zero_object.tex) (../_definitions/definition_homology_and_cohomology_of_a_differential_bigraded_object_in_an_abelian_category.tex) (../_definitions/definition_filtration_on_an_object_of_a_category.tex

[135]) (../_definitions/definition_morphism_of_filtered_objects_in_a_category.tex) (../_definitions/definition_category_of_filtered_objects_in_a_category.tex) (../_definitions/definition_strict_morphism_of_filtered_objects_in_an_abelian_category.tex

LaTeX Warning: Reference `definition:image_coimage_of_a_morphism_in_a_category' on page 1 undefined on input line 6.


LaTeX Warning: Reference `definition:intersection_of_subobjects_of_an_object_in_a_category' on page 1 undefined on input line 6.



[136]) (../_definitions/definition_exhaustive_separated_filtrations_on_an_abelian_category.tex) (../_definitions/definition_filtered_graded_object_in_a_category.tex) (../_definitions/definition_bigraded_object_associated_to_a_filtered_graded_object_in_an_abelian_category.tex

[137]) (../_definitions/definition_spectral_sequence_in_an_abelian_category.tex) (../_definitions/definition_morphism_of_spectral_sequences_in_an_abelian_category.tex) (../_concepts/lemma_mapping_lemma_for_spectral_sequences_in_abelian_categories.tex

LaTeX Warning: Citation `weibel' on page 138 undefined on input line 1.



[138]) (../_definitions/definition_stabilize_for_a_spectral_sequence_in_an_abelian_category_and_infinity_page.tex) (../_definitions/definition_weak_convergence_to_a_graded_object_for_a_spectral_sequence_in_an_abelian_category.tex

LaTeX Warning: Citation `weibel' on page 139 undefined on input line 1.


LaTeX Warning: Citation `stacks-project' on page 139 undefined on input line 1.


LaTeX Warning: Reference `definition:bigraded_object_associated_to_a_filtered_graded_object_in_an_abelian_category' on page 1 undefined on input line 13.



[139]

LaTeX Warning: Reference `definition:bigraded_object_associated_to_a_filtered_graded_object_in_an_abelian_category' on page 1 undefined on input line 26.

) (../_definitions/definition_abuts_to_approaches_a_filtration_for_a_spectral_sequence_in_an_abelian_category.tex

LaTeX Warning: Citation `weibel' on page 140 undefined on input line 1.


LaTeX Warning: Citation `stacks-project' on page 140 undefined on input line 1.

) (../_definitions/definition_first_quadrant_spectral_sequence.tex

[140]) (../_definitions/definition_bounded_homological_cohomological_spectral_sequence.tex) (../_definitions/definition_regular_spectral_sequence_in_an_abelian_category.tex

LaTeX Warning: Citation `weibel' on page 141 undefined on input line 1.


LaTeX Warning: Citation `stacks-project' on page 141 undefined on input line 1.

) (../_definitions/definition_converges_to_a_graded_object_for_a_spectral_sequence_in_an_abelian_category.tex

LaTeX Warning: Citation `weibel' on page 141 undefined on input line 1.


LaTeX Warning: Citation `stacks-project' on page 141 undefined on input line 1.

) (../_concepts/lemma_bounded_below_spectral_sequence_in_abelian_category_converges_to_any_graded_object_that_it_abuts_to.tex) (../_definitions/definition_base_fiber_terms_of_first_quadrant_spectral_sequence_in_an_abelian_category.tex

[141]) (../_definitions/definition_homological_cohomological_base_fiber_edge_homomorphism_for_first_quadrant_convergent_spectral_sequence_in_an_abelian_category.tex

LaTeX Warning: Reference `definition:converges_to_a_graded_object_for_a_spectral_sequence_in_an_abelian_category' on page 1 undefined on input line 4.


LaTeX Warning: Reference `lemma:filtered_graded_abutment_of_a_first_quadrant_spectral_sequence_in_an_abelian_category_has_finite_filtration' on page 1 undefined on input line 4.


LaTeX Warning: Reference `definition:stabilize_for_a_spectral_sequence_in_an_abelian_category_and_infinity_page' on page 1 undefined on input line 4.


LaTeX Warning: Reference `definition:converges_to_a_graded_object_for_a_spectral_sequence_in_an_abelian_category' on page 1 undefined on input line 13.


LaTeX Warning: Reference `lemma:filtered_graded_abutment_of_a_first_quadrant_spectral_sequence_in_an_abelian_category_has_finite_filtration' on page 1 undefined on input line 13.


LaTeX Warning: Reference `definition:stabilize_for_a_spectral_sequence_in_an_abelian_category_and_infinity_page' on page 1 undefined on input line 13.

) (../_concepts/proposition_five_term_exact_sequence_exact_sequence_of_low_degree_terms_for_a_convergent_first_quadrant_spectral_sequence_in_an_abelian_category.tex

[142]) (../_definitions/definition_compatible_with_a_morphism_between_spectral_sequences_in_an_abelian_category_for_filtered_objects_that_the_spectral_sequences_weakly_converge_to.tex
Overfull \hbox (2.75165pt too wide) in paragraph at lines 6--7
\OML/cmm/m/it/12 F[]H[]=F[]H[]$ \T1/cmr/m/n/12 cor-re-spond un-der the iso-mor-phisms $\OML/cmm/m/it/12 E[] [] F[]H[]=F[]H[]$ \T1/cmr/m/n/12 and $\OML/cmm/m/it/12 E[] []
 []


Overfull \hbox (2.22507pt too wide) in paragraph at lines 9--10
[]\T1/cmr/m/n/12 Let $\OMS/cmsy/m/n/12 f\OML/cmm/m/it/12 E[]\OMS/cmsy/m/n/12 g$ \T1/cmr/m/n/12 and $\OMS/cmsy/m/n/12 f\OML/cmm/m/it/12 E[]\OMS/cmsy/m/n/12 g$ \T1/cmr/m/n/12 be co-ho-mo-log-i-cal spec-tral se-quences weakly con-verg-ing to $\OT1/cmr/m/n/12 (\OML/cmm/m/it/12 H[]; F\OT1/cmr/m/n/12 )$
 []

) (../_concepts/theorem_comparison_theorem_of_spectral_sequences_in_an_abelian_category.tex

LaTeX Warning: Citation `weibel' on page 143 undefined on input line 1.

) (../_concepts/theorem_construction_theorem_of_spectral_sequences_from_a_filtration_on_a_complex_in_a_abelian_category.tex

LaTeX Warning: Citation `weibel' on page 143 undefined on input line 1.


LaTeX Warning: Citation `stacks-project' on page 143 undefined on input line 1.



[143]

LaTeX Warning: Reference `definition:bigraded_object_associated_to_a_filtered_graded_object_in_an_abelian_category' on page 1 undefined on input line 11.


LaTeX Warning: Reference `definition:homology_and_cohomology_objects_for_a_chain_complex_in_an_abelian_category' on page 1 undefined on input line 11.


LaTeX Warning: Reference `definition:bigraded_object_associated_to_a_filtered_graded_object_in_an_abelian_category' on page 1 undefined on input line 27.


LaTeX Warning: Reference `definition:homology_and_cohomology_objects_for_a_chain_complex_in_an_abelian_category' on page 1 undefined on input line 27.

) (../_concepts/theorem_grothendieck_spectral_sequence_for_composition_of_functors_between_abelian_categories.tex

LaTeX Warning: Citation `weibel' on page 144 undefined on input line 1.


LaTeX Warning: Reference `definition:left_right_derived_functors_of_a_right_left_exact_functor_between_abelian_categories_where_source_has_enough_projectives_injectives' on page 1 undefined on input line 7.



[144]

LaTeX Warning: Reference `definition:left_right_derived_functors_of_a_right_left_exact_functor_between_abelian_categories_where_source_has_enough_projectives_injectives' on page 1 undefined on input line 20.

) (../_concepts/theorem_leray_spectral_sequence_for_sheaf_cohomology_and_a_continuous_map_of_topological_spaces.tex) (../_concepts/theorem_serre_spectral_sequence_for_singular_homology_groups_for_serre_fibration.tex) (../_concepts/theorem_lyndon_hochschild_serre_spectral_sequence_for_group_cohomoloogy_and_homology.tex

LaTeX Warning: Citation `weibel' on page 145 undefined on input line 1.



[145])

[146] (../_excerpts/../_excerpts/excerpts_group_homology_cohomology.tex (../_excerpts/../_definitions/definition_discrete_group.tex) (../_excerpts/../_concepts/proposition_topological_group_is_discrete_if_and_only_if_identity_element_forms_an_open_set.tex) (../_excerpts/../_definitions/definition_group_ring_of_a_group_over_a_ring.tex

[147]) (../_excerpts/../_definitions/definition_augmentation_map_of_a_group_ring_to_its_base_ring.tex) (../_excerpts/../_definitions/definition_norm_element_of_a_group_algebra_of_a_finite_group_over_a_ring.tex) (../_excerpts/../_definitions/definition_action_of_a_group_on_an_abelian_group.tex) (../_excerpts/../_definitions/definition_left_right_module_over_a_group_ring_of_a_group_over_a_ring.tex) (../_excerpts/../_definitions/definition_invariant_subgroup_of_a_group_acting_on_an_abelian_group.tex

[148]) (../_excerpts/../_definitions/definition_coinvariant_quotient_group_of_a_group_acting_on_an_abelian_group.tex) (../_excerpts/../_definitions/definition_trivial_G_module_of_a_group_over_a_ring.tex) (../_excerpts/../_concepts/lemma_invariant_coinvariant_functors_for_group_rings_are_adjoint_to_trivial_module_functor.tex

LaTeX Warning: Citation `weibel' on page 149 undefined on input line 1.


LaTeX Warning: Reference `proposition:left_right_adjoint_of_add_cats_is_add_and_right_left_exact_if_between_ab_cats' on page 1 undefined on input line 7.


LaTeX Warning: Reference `proposition:left_right_adjoint_of_add_cats_is_add_and_right_left_exact_if_between_ab_cats' on page 1 undefined on input line 11.


LaTeX Warning: Reference `lemma:invariant_coinvariant_functors_for_group_rings_are_naturally_isomorphic_to_tensor_hom_by_trivial_module' on page 1 undefined on input line 18.



[149]

LaTeX Warning: Reference `lemma:invariant_coinvariant_functors_for_group_rings_are_naturally_isomorphic_to_tensor_hom_by_trivial_module' on page 1 undefined on input line 25.

) (../_excerpts/../_concepts/lemma_invariant_coinvariant_functors_for_group_rings_are_naturally_isomorphic_to_tensor_hom_by_trivial_module.tex

LaTeX Warning: Citation `weibel' on page 150 undefined on input line 1.


LaTeX Warning: Reference `definition:coinvariant_quotient_group_of_a_group_acting_on_an_abelian_group' on page 1 undefined on input line 6.


LaTeX Warning: Reference `definition:invariant_subgroup_of_a_group_acting_on_an_abelian_group' on page 1 undefined on input line 9.



[150]) (../_excerpts/../_definitions/definition_group_cohomology_homology_of_a_module_over_a_group_ring_over_a_ring.tex

LaTeX Warning: Reference `lemma:invariant_coinvariant_functors_for_group_rings_are_adjoint_to_trivial_module_functor' on page 1 undefined on input line 5.


LaTeX Warning: Reference `lemma:invariant_coinvariant_functors_for_group_rings_are_adjoint_to_trivial_module_functor' on page 1 undefined on input line 7.

) (../_excerpts/../_concepts/corollary_degree_zero_group_homology_cohomology_of_a_module_over_a_group_ring_over_a_ring_are_invariants_coinvariants.tex

LaTeX Warning: Reference `definition:group_cohomology_homology_of_a_module_over_a_group_ring_over_a_ring' on page 1 undefined on input line 5.


LaTeX Warning: Reference `definition:invariant_subgroup_of_a_group_acting_on_an_abelian_group' on page 1 undefined on input line 5.


LaTeX Warning: Reference `definition:group_cohomology_homology_of_a_module_over_a_group_ring_over_a_ring' on page 1 undefined on input line 6.


LaTeX Warning: Reference `definition:coinvariant_quotient_group_of_a_group_acting_on_an_abelian_group' on page 1 undefined on input line 6.


LaTeX Warning: Reference `lemma:zeroth_left_right_derived_object_of_a_right_left_exact_functor_is_naturally_isomorphic_to_functor_object' on page 1 undefined on input line 10.

) (../_excerpts/../_concepts/corollary_group_homology_cohomology_are_just_tor_and_ext_functors_by_trivial_module_over_group_ring.tex

LaTeX Warning: Reference `definition:group_cohomology_homology_of_a_module_over_a_group_ring_over_a_ring' on page 1 undefined on input line 6.


LaTeX Warning: Reference `definition:tor_functors_of_bimodules_of_rings' on page 1 undefined on input line 6.


LaTeX Warning: Reference `definition:group_cohomology_homology_of_a_module_over_a_group_ring_over_a_ring' on page 1 undefined on input line 9.


LaTeX Warning: Reference `definition:tor_functors_of_bimodules_of_rings' on page 1 undefined on input line 9.


LaTeX Warning: Reference `definition:group_cohomology_homology_of_a_module_over_a_group_ring_over_a_ring' on page 1 undefined on input line 13.


LaTeX Warning: Reference `definition:ext_functors_of_bimodules_of_rings' on page 1 undefined on input line 13.


LaTeX Warning: Reference `definition:hom_of_left_right_bi_modules_of_rings' on page 1 undefined on input line 13.


LaTeX Warning: Reference `definition:group_cohomology_homology_of_a_module_over_a_group_ring_over_a_ring' on page 1 undefined on input line 16.


LaTeX Warning: Reference `definition:ext_functors_of_bimodules_of_rings' on page 1 undefined on input line 16.


LaTeX Warning: Reference `definition:hom_of_left_right_bi_modules_of_rings' on page 1 undefined on input line 16.



[151]

LaTeX Warning: Reference `lemma:invariant_coinvariant_functors_for_group_rings_are_naturally_isomorphic_to_tensor_hom_by_trivial_module' on page 1 undefined on input line 22.


LaTeX Warning: Reference `lemma:invariant_coinvariant_functors_for_group_rings_are_naturally_isomorphic_to_tensor_hom_by_trivial_module' on page 1 undefined on input line 24.

) (../_excerpts/../_notations/notation_basis_elements_for_n_fold_cartesian_product_of_a_group.tex) (../_excerpts/../_definitions/definition_unnormalized_bar_resolution_of_a_ring_over_a_group_algebra.tex

LaTeX Warning: Reference `notation:basis_elements_for_n_fold_cartesian_product_of_a_group' on page 1 undefined on input line 2.


Overfull \hbox (5.996pt too wide) detected at line 11
\OML/cmm/m/it/12 d[]\OT1/cmr/m/n/12 (\OML/cmm/m/it/12 g[]\OT1/cmr/m/n/12 [\OML/cmm/m/it/12 g[]\OMS/cmsy/m/n/12 j [] j\OML/cmm/m/it/12 g[]\OT1/cmr/m/n/12 ]) = \OML/cmm/m/it/12 g[]g[]\OT1/cmr/m/n/12 [\OML/cmm/m/it/12 g[]\OMS/cmsy/m/n/12 j [] j\OML/cmm/m/it/12 g[]\OT1/cmr/m/n/12 ] + [] + (\OMS/cmsy/m/n/12 ^^@\OT1/cmr/m/n/12 1)[]\OML/cmm/m/it/12 g[]\OT1/cmr/m/n/12 [\OML/cmm/m/it/12 g[]\OMS/cmsy/m/n/12 j [] j\OML/cmm/m/it/12 g[]\OT1/cmr/m/n/12 ]
 []


LaTeX Warning: Reference `theorem:unnormalized_and_normalized_bar_resolutions_of_group_rings_are_resolutions' on page 1 undefined on input line 14.


LaTeX Warning: Hyper reference `definition:augmentation_map_of_a_group_ring_to_its_base_ring' on page 152 undefined on input line 16.



[152]) (../_excerpts/../_definitions/definition_normalized_bar_resolution_of_a_ring_over_a_group_algebra.tex

LaTeX Warning: Reference `notation:basis_elements_for_n_fold_cartesian_product_of_a_group' on page 1 undefined on input line 2.


LaTeX Warning: Reference `theorem:unnormalized_and_normalized_bar_resolutions_of_group_rings_are_resolutions' on page 1 undefined on input line 9.


LaTeX Warning: Hyper reference `definition:augmentation_map_of_a_group_ring_to_its_base_ring' on page 153 undefined on input line 11.

) (../_excerpts/../_concepts/theorem_unnormalized_and_normalized_bar_resolutions_of_group_rings_are_resolutions.tex

LaTeX Warning: Citation `weibel' on page 153 undefined on input line 1.

) (../_excerpts/../_concepts/corollary_group_homology_cohomology_of_a_module_over_a_group_ring_over_a_ring_can_be_computed_by_bar_resolutions.tex

LaTeX Warning: Reference `corollary:group_homology_cohomology_are_just_tor_and_ext_functors_by_trivial_module_over_group_ring' on page 1 undefined on input line 30.



[153]

LaTeX Warning: Reference `proposition:module_over_ring_is_projective_if_and_only_if_direct_summand_of_a_free_module' on page 1 undefined on input line 33.


LaTeX Warning: Reference `theorem:unnormalized_and_normalized_bar_resolutions_of_group_rings_are_resolutions' on page 1 undefined on input line 34.

) (../_excerpts/../_concepts/lemma_invariants_of_group_ring_is_generated_by_norm_element.tex

LaTeX Warning: Citation `weibel' on page 154 undefined on input line 1.


LaTeX Warning: Reference `definition:group_cohomology_homology_of_a_module_over_a_group_ring_over_a_ring' on page 1 undefined on input line 5.


LaTeX Warning: Reference `corollary:degree_zero_group_homology_cohomology_of_a_module_over_a_group_ring_over_a_ring_are_invariants_coinvariants' on page 1 undefined on input line 5.

) (../_excerpts/../_concepts/proposition_invariants_of_group_ring_for_infinite_group_is_zero.tex

LaTeX Warning: Citation `weibel' on page 154 undefined on input line 1.


LaTeX Warning: Reference `definition:group_cohomology_homology_of_a_module_over_a_group_ring_over_a_ring' on page 1 undefined on input line 4.


LaTeX Warning: Reference `definition:group_ring_of_a_group_over_a_ring' on page 1 undefined on input line 4.


LaTeX Warning: Reference `definition:invariant_subgroup_of_a_group_acting_on_an_abelian_group' on page 1 undefined on input line 4.


LaTeX Warning: Reference `corollary:degree_zero_group_homology_cohomology_of_a_module_over_a_group_ring_over_a_ring_are_invariants_coinvariants' on page 1 undefined on input line 4.

) (../_excerpts/../_concepts/lemma_group_ring_of_a_cyclic_group_has_periodic_free_resolution.tex

LaTeX Warning: Reference `definition:augmentation_map_of_a_group_ring_to_its_base_ring' on page 1 undefined on input line 6.

) (../_excerpts/../_concepts/proposition_group_homology_cohomology_for_cyclic_group.tex

[154]

LaTeX Warning: Reference `definition:group_cohomology_homology_of_a_module_over_a_group_ring_over_a_ring' on page 1 undefined on input line 16.


LaTeX Warning: Reference `definition:invariant_subgroup_of_a_group_acting_on_an_abelian_group' on page 1 undefined on input line 16.


LaTeX Warning: Reference `definition:coinvariant_quotient_group_of_a_group_acting_on_an_abelian_group' on page 1 undefined on input line 16.


LaTeX Warning: Reference `corollary:group_homology_cohomology_are_just_tor_and_ext_functors_by_trivial_module_over_group_ring' on page 1 undefined on input line 19.


LaTeX Warning: Reference `definition:tor_functors_of_bimodules_of_rings' on page 1 undefined on input line 24.


LaTeX Warning: Reference `definition:ext_functors_of_bimodules_of_rings' on page 1 undefined on input line 24.


LaTeX Warning: Reference `corollary:tor_objects_of_modules_over_rings_are_well_defined' on page 1 undefined on input line 25.


LaTeX Warning: Reference `definition:ext_functors_of_bimodules_of_rings' on page 1 undefined on input line 25.


LaTeX Warning: Reference `lemma:group_ring_of_a_cyclic_group_has_periodic_free_resolution' on page 1 undefined on input line 29.

) (../_excerpts/../_concepts/lemma_quotient_of_augmentation_ideal_of_group_by_square_is_isomorphic_to_abelianization_of_group.tex

LaTeX Warning: Citation `weibel' on page 155 undefined on input line 1.

) (../_excerpts/../_concepts/proposition_first_group_homology_of_a_trivial_G_module_is_abelianization_of_group_tensored_with_module.tex

LaTeX Warning: Citation `weibel' on page 155 undefined on input line 1.


LaTeX Warning: Reference `definition:group_cohomology_homology_of_a_module_over_a_group_ring_over_a_ring' on page 1 undefined on input line 5.


LaTeX Warning: Reference `definition:tensor_product_of_bimodules_of_rings' on page 1 undefined on input line 5.

) (../_excerpts/../_concepts/proposition_first_group_cohomology_of_a_module_of_a_group_ring_over_a_commutative_ring_is_isomorphic_to_homs.tex

LaTeX Warning: Citation `weibel' on page 155 undefined on input line 1.


Overfull \hbox (75.56186pt too wide) detected at line 5
\OML/cmm/m/it/12 H[]\OT1/cmr/m/n/12 (\OML/cmm/m/it/12 G; A\OT1/cmr/m/n/12 ) [] [][](\OML/cmm/m/it/12 I=I[]; A\OT1/cmr/m/n/12 ) [] [][](\OML/cmm/m/it/12 R \OMS/cmsy/m/n/12 
[] \OML/cmm/m/it/12 G=\OT1/cmr/m/n/12 [\OML/cmm/m/it/12 G; G\OT1/cmr/m/n/12 ]\OML/cmm/m/it/12 ; A\OT1/cmr/m/n/12 ) [] [][](\OML/cmm/m/it/12 G; A\OT1/cmr/m/n/12 ) [] [][](\OML/cmm/m/it/12 G=\OT1/cmr/m/n/12 [\OML/cmm/m/it/12 G; G\OT1/cmr/m/n/12 ]\OML/cmm/m/it/12 ; A\OT1/cmr/m/n/12 )\OML/cmm/m/it/12 :
 []



[155]

LaTeX Warning: Reference `definition:group_cohomology_homology_of_a_module_over_a_group_ring_over_a_ring' on page 1 undefined on input line 6.

../_excerpts/../_concepts/proposition_first_group_cohomology_of_a_module_of_a_group_ring_over_a_commutative_ring_is_isomorphic_to_homs.tex:7: Undefined control sequence.
l.7     \TOOD
             {commutator}
The control sequence at the end of the top line
of your error message was never \def'ed. If you have
misspelled it (e.g., `\hobx'), type `I' and the correct
spelling (e.g., `I\hbox'). Otherwise just continue,
and I'll forget about whatever was undefined.

) (../_excerpts/../_definitions/definition_restriction_of_scalars_of_a_left_or_right_module_along_a_ring_homomorphism_from_the_base_ring.tex

Package hyperref Warning: Token not allowed in a PDF string (Unicode):
(hyperref)                removing `math shift' on input line 1.


Package hyperref Warning: Token not allowed in a PDF string (Unicode):
(hyperref)                removing `math shift' on input line 1.



[156]) (../_excerpts/../_definitions/definition_extension_of_scalars_base_change_induction_for_modules_along_ring_homomorphisms.tex

[157]) (../_excerpts/../_definitions/definition_coextension_coinduction_of_scalars_of_modules_along_a_ring_homomorphism.tex) (../_excerpts/../_concepts/theorem_extension_restriction_and_restriction_coextension_adjunction_for_modules_over_rings.tex

[158]) (../_excerpts/../_definitions/definition_restriction_of_a_group_module_over_a_ring_to_a_subgroup.tex) (../_excerpts/../_definitions/definition_induction_of_a_group_module_over_a_ring_to_a_supergroup.tex

[159]) (../_excerpts/../_definitions/definition_coinduction_of_a_group_module_over_a_ring_to_a_supergroup.tex) (../_excerpts/../_concepts/proposition_induction_of_a_group_module_over_a_ring_to_a_supergroup_embeds_into_the_coinduction_and_is_an_isomorphism_if_the_index_is_finite.tex

LaTeX Warning: Reference `definition:induction_of_a_group_module_over_a_ring_to_a_supergroup' on page 1 undefined on input line 4.


LaTeX Warning: Reference `definition:coinduction_of_a_group_module_over_a_ring_to_a_supergroup' on page 1 undefined on input line 4.

) (../_excerpts/../_concepts/theorem_induction_restriction_restriction_coinduction_adjunction_for_group_algebras_over_rings.tex

LaTeX Warning: Reference `theorem:extension_restriction_and_restriction_coextension_adjunction_for_modules_over_rings' on page 1 undefined on input line 13.

) (../_excerpts/../_concepts/theorem_shapiros_lemma_for_group_homology_cohomology_of_a_module_over_a_group_ring_over_a_ring_and_of_its_induced_or_coinduced_module.tex

[160]) (../_excerpts/../_concepts/theorem_hliberts_theorem_90_additive_version.tex

LaTeX Warning: Citation `weibel' on page 161 undefined on input line 1.


LaTeX Warning: Reference `proposition:induction_of_a_group_module_over_a_ring_to_a_supergroup_embeds_into_the_coinduction_and_is_an_isomorphism_if_the_index_is_finite' on page 1 undefined on input line 10.

) (../_excerpts/../_concepts/theorem_hilberts_theorem_90_multiplicative_version.tex

LaTeX Warning: Citation `weibel' on page 161 undefined on input line 1.

) (../_excerpts/../_definitions/definition_profinite_group.tex

[161]) (../_excerpts/../_definitions/definition_topological_ring.tex) (../_excerpts/../_definitions/definition_topological_group.tex) (../_excerpts/../_definitions/definition_topological_module_over_topological_rings.tex

[162]) (../_excerpts/../_definitions/definition_morphism_of_topological_modules_over_topological_rings.tex) (../_excerpts/../_definitions/definition_categories_of_topological_modules_over_topological_rings.tex) (../_excerpts/../_definitions/definition_topological_module_over_a_group_ring_of_a_topological_gropu_over_a_topological_ring.tex

[163]) (../_excerpts/../_definitions/definition_morphism_of_topological_modules_of_a_group_ring.tex) (../_excerpts/../_definitions/definition_category_of_topological_modules_over_a_group_ring_of_a_topological_group_over_a_topological_ring.tex) (../_excerpts/../_definitions/definition_G_invariant_functor_of_topological_group_module_over_topological_ring.tex

LaTeX Warning: Reference `definition:categories_of_topological_modules_over_topological_rings' on page 1 undefined on input line 4.

) (../_excerpts/../_definitions/definition_continuous_cochain_complex_of_a_topological_module_over_a_group_ring_of_a_topological_group_over_a_topological_ring.tex
Overfull \hbox (26.11493pt too wide) detected at line 8
\OT1/cmr/m/n/12 (\OML/cmm/m/it/12 d[]f\OT1/cmr/m/n/12 )(\OML/cmm/m/it/12 g[]; [] ; g[]\OT1/cmr/m/n/12 ) = \OML/cmm/m/it/12 g[]f\OT1/cmr/m/n/12 (\OML/cmm/m/it/12 g[]; [] ; g[]\OT1/cmr/m/n/12 ) + [](\OMS/cmsy/m/n/12 ^^@\OT1/cmr/m/n/12 1)[]\OML/cmm/m/it/12 f\OT1/cmr/m/n/12 (\OML/cmm/m/it/12 g[]; [] ; g[]g[]; [] ; g[]\OT1/cmr/m/n/12 ) + (\OMS/cmsy/m/n/12 ^^@\OT1/cmr/m/n/12 1)[]\OML/cmm/m/it/12 f\OT1/cmr/m/n/12 (\OML/cmm/m/it/12 g[]; [] ; g[]\OT1/cmr/m/n/12 )
 []

) (../_excerpts/../_definitions/definition_continuous_cohomology_groups_of_a_topological_module_over_a_topological_group_and_a_topological_ring.tex

[164]) (../_excerpts/../_concepts/theorem_continuous_cohomology_of_topological_module_over_topological_gropu_and_topological_ring_can_be_computed_by_continuous_cohomology_groups.tex

LaTeX Warning: Reference `definition:categories_of_topological_modules_over_topological_rings' on page 1 undefined on input line 6.

) (../_excerpts/../_definitions/definition_galois_cohomology_of_a_galois_field_extension_with_coefficients_in_a_topological_galois_module_over_a_topological_ring.tex

LaTeX Warning: Reference `definition:continuous_cohomology_groups_of_a_topological_module_over_a_topological_group_and_a_topological_ring' on page 1 undefined on input line 8.



[165]) (../_excerpts/../_definitions/definition_cohomological_dimension_of_a_group_over_a_ring.tex) (../_excerpts/../_definitions/definition_continuous_cohomological_dimension_of_a_topological_group_over_a_topological_ring.tex) (../_excerpts/../_definitions/definition_p_cohomological_dimension_of_a_topological_group.tex

LaTeX Warning: Reference `definition:continuous_cohomological_dimension_of_a_topological_group_over_a_topological_ring' on page 1 undefined on input line 9.

)

[166] (../_excerpts/../_definitions/definition_p_cohomological_dimension_of_a_field.tex

LaTeX Warning: Hyper reference `definition:p_cohomological_dimension_of_a_topological_group' on page 167 undefined on input line 4.


LaTeX Warning: Hyper reference `definition:p_cohomological_dimension_of_a_topological_group' on page 167 undefined on input line 7.

) (../_excerpts/../_concepts/theorem_cohomological_dimensions_of_common_fields.tex) (../_excerpts/../_concepts/theorem_tsens_theorem_on_the_cohomological_dimension_of_a_function_field_over_a_field.tex) (../_excerpts/../_concepts/proposition_p_cohomological_dimension_of_positive_characteristic_field_is_at_most_one.tex

LaTeX Warning: Reference `definition:p_cohomological_dimension_of_a_field' on page 1 undefined on input line 3.



[167]) (../_excerpts/../_concepts/theorem_field_of_formal_laurent_series_over_algebraically_closed_field_has_cohomological_dimension_equal_to_number_of_variables.tex)
Overfull \hbox (76.11482pt too wide) in paragraph at lines 208--209
[][][]\T1/cmr/m/it/12 al[]-[]ge[]-[]bra[] [][][]co[]-[]ho[]-[]mol[]-[]ogy [][] \T1/cmr/m/n/12 is the co-ho-mol-ogy of this com-plex with dif-fer-en-tial [][]
 []


Overfull \hbox (73.23718pt too wide) detected at line 209
\OT1/cmr/m/n/12 (\OML/cmm/m/it/12 df\OT1/cmr/m/n/12 )(\OML/cmm/m/it/12 x[]; [] ; x[]\OT1/cmr/m/n/12 ) = [](\OMS/cmsy/m/n/12 ^^@\OT1/cmr/m/n/12 1)[]\OML/cmm/m/it/12 f\OT1/cmr/m/n/12 ([\OML/cmm/m/it/12 x[]; x[]\OT1/cmr/m/n/12 ]\OML/cmm/m/it/12 ; x[]; [] ; []; [] ; []; [] ; x[]\OT1/cmr/m/n/12 ) + [](\OMS/cmsy/m/n/12 ^^@\OT1/cmr/m/n/12 1)[]\OML/cmm/m/it/12 x[] \OMS/cmsy/m/n/12 ^^A \OML/cmm/m/it/12 f\OT1/cmr/m/n/12 (\OML/cmm/m/it/12 x[]; [] ; []; [] ; x[]\OT1/cmr/m/n/12 )
 []

) (../_definitions/definition_monoidal_category.tex
LaTeX Font Info:    Freeze math alphabet allocation in version normal.
(Font)              Allocated math groups: 14 (local: 2) on input line 5.
LaTeX Font Info:    Trying to load font information for U+dsrom on input line 5.
 (c:/texlive/2024/texmf-dist/tex/latex/doublestroke/Udsrom.fd
File: Udsrom.fd 1995/08/01 v0.1 Double stroke roman font definitions
)
LaTeX Font Info:    Undo math alphabet allocation in version normal on input line 5.
LaTeX Font Info:    Undo math alphabet allocation in version normal on input line 5.
LaTeX Font Info:    Undo math alphabet allocation in version normal on input line 5.
LaTeX Font Info:    Undo math alphabet allocation in version normal on input line 5.
LaTeX Font Info:    Undo math alphabet allocation in version normal on input line 5.
LaTeX Font Info:    No math alphabet change to frozen version normal on input line 6.
LaTeX Font Info:    No math alphabet change to frozen version normal on input line 6.
LaTeX Font Info:    No math alphabet change to frozen version normal on input line 6.
LaTeX Font Info:    No math alphabet change to frozen version normal on input line 7.
LaTeX Font Info:    No math alphabet change to frozen version normal on input line 7.
LaTeX Font Info:    No math alphabet change to frozen version normal on input line 7.
LaTeX Font Info:    No math alphabet change to frozen version normal on input line 7.
LaTeX Font Info:    No math alphabet change to frozen version normal on input line 17.
LaTeX Font Info:    No math alphabet change to frozen version normal on input line 20.
LaTeX Font Info:    No math alphabet change to frozen version normal on input line 20.
LaTeX Font Info:    No math alphabet change to frozen version normal on input line 20.
LaTeX Font Info:    No math alphabet change to frozen version normal on input line 21.
LaTeX Font Info:    No math alphabet change to frozen version normal on input line 22.
LaTeX Font Info:    No math alphabet change to frozen version normal on input line 22.
LaTeX Font Info:    No math alphabet change to frozen version normal on input line 22.
LaTeX Font Info:    No math alphabet change to frozen version normal on input line 22.
LaTeX Font Info:    No math alphabet change to frozen version normal on input line 22.
LaTeX Font Info:    No math alphabet change to frozen version normal on input line 22.
LaTeX Font Info:    No math alphabet change to frozen version normal on input line 22.
LaTeX Font Info:    No math alphabet change to frozen version normal on input line 22.
LaTeX Font Info:    No math alphabet change to frozen version normal on input line 22.
LaTeX Font Info:    No math alphabet change to frozen version normal on input line 22.
LaTeX Font Info:    No math alphabet change to frozen version normal on input line 22.
LaTeX Font Info:    No math alphabet change to frozen version normal on input line 22.
LaTeX Font Info:    No math alphabet change to frozen version normal on input line 22.
LaTeX Font Info:    No math alphabet change to frozen version normal on input line 22.
LaTeX Font Info:    No math alphabet change to frozen version normal on input line 22.
LaTeX Font Info:    No math alphabet change to frozen version normal on input line 22.
LaTeX Font Info:    No math alphabet change to frozen version normal on input line 22.
LaTeX Font Info:    No math alphabet change to frozen version normal on input line 22.
LaTeX Font Info:    No math alphabet change to frozen version normal on input line 22.
LaTeX Font Info:    No math alphabet change to frozen version normal on input line 22.
LaTeX Font Info:    No math alphabet change to frozen version normal on input line 22.
LaTeX Font Info:    No math alphabet change to frozen version normal on input line 22.
LaTeX Font Info:    No math alphabet change to frozen version normal on input line 22.
LaTeX Font Info:    No math alphabet change to frozen version normal on input line 22.
LaTeX Font Info:    No math alphabet change to frozen version normal on input line 22.
LaTeX Font Info:    No math alphabet change to frozen version normal on input line 22.
LaTeX Font Info:    No math alphabet change to frozen version normal on input line 22.
LaTeX Font Info:    No math alphabet change to frozen version normal on input line 22.
LaTeX Font Info:    No math alphabet change to frozen version normal on input line 22.
LaTeX Font Info:    No math alphabet change to frozen version normal on input line 22.
LaTeX Font Info:    No math alphabet change to frozen version normal on input line 22.
LaTeX Font Info:    No math alphabet change to frozen version normal on input line 22.
LaTeX Font Info:    No math alphabet change to frozen version normal on input line 22.
LaTeX Font Info:    No math alphabet change to frozen version normal on input line 22.
LaTeX Font Info:    No math alphabet change to frozen version normal on input line 22.
LaTeX Font Info:    No math alphabet change to frozen version normal on input line 22.
LaTeX Font Info:    No math alphabet change to frozen version normal on input line 22.
LaTeX Font Info:    No math alphabet change to frozen version normal on input line 22.
LaTeX Font Info:    No math alphabet change to frozen version normal on input line 22.
LaTeX Font Info:    No math alphabet change to frozen version normal on input line 22.
LaTeX Font Info:    No math alphabet change to frozen version normal on input line 22.
LaTeX Font Info:    No math alphabet change to frozen version normal on input line 22.
LaTeX Font Info:    No math alphabet change to frozen version normal on input line 22.
LaTeX Font Info:    No math alphabet change to frozen version normal on input line 22.
LaTeX Font Info:    No math alphabet change to frozen version normal on input line 22.
LaTeX Font Info:    No math alphabet change to frozen version normal on input line 22.


[168]
LaTeX Font Info:    No math alphabet change to frozen version normal on input line 23.
LaTeX Font Info:    No math alphabet change to frozen version normal on input line 27.
LaTeX Font Info:    No math alphabet change to frozen version normal on input line 30.
LaTeX Font Info:    No math alphabet change to frozen version normal on input line 30.
LaTeX Font Info:    No math alphabet change to frozen version normal on input line 32.
LaTeX Font Info:    No math alphabet change to frozen version normal on input line 32.
LaTeX Font Info:    No math alphabet change to frozen version normal on input line 32.
LaTeX Font Info:    No math alphabet change to frozen version normal on input line 32.
LaTeX Font Info:    No math alphabet change to frozen version normal on input line 32.
LaTeX Font Info:    No math alphabet change to frozen version normal on input line 32.
LaTeX Font Info:    No math alphabet change to frozen version normal on input line 32.
LaTeX Font Info:    No math alphabet change to frozen version normal on input line 32.
LaTeX Font Info:    No math alphabet change to frozen version normal on input line 32.
LaTeX Font Info:    No math alphabet change to frozen version normal on input line 32.
LaTeX Font Info:    No math alphabet change to frozen version normal on input line 32.
LaTeX Font Info:    No math alphabet change to frozen version normal on input line 32.
LaTeX Font Info:    No math alphabet change to frozen version normal on input line 32.
LaTeX Font Info:    No math alphabet change to frozen version normal on input line 32.
LaTeX Font Info:    No math alphabet change to frozen version normal on input line 32.
LaTeX Font Info:    No math alphabet change to frozen version normal on input line 32.
LaTeX Font Info:    No math alphabet change to frozen version normal on input line 32.
LaTeX Font Info:    No math alphabet change to frozen version normal on input line 32.
LaTeX Font Info:    No math alphabet change to frozen version normal on input line 32.
LaTeX Font Info:    No math alphabet change to frozen version normal on input line 32.
LaTeX Font Info:    No math alphabet change to frozen version normal on input line 32.
LaTeX Font Info:    No math alphabet change to frozen version normal on input line 32.
LaTeX Font Info:    No math alphabet change to frozen version normal on input line 32.
LaTeX Font Info:    No math alphabet change to frozen version normal on input line 32.
LaTeX Font Info:    No math alphabet change to frozen version normal on input line 32.
LaTeX Font Info:    No math alphabet change to frozen version normal on input line 32.
LaTeX Font Info:    No math alphabet change to frozen version normal on input line 32.
LaTeX Font Info:    No math alphabet change to frozen version normal on input line 32.
LaTeX Font Info:    No math alphabet change to frozen version normal on input line 33.
) (../_definitions/definition_category_enriched_in_a_monoidal_category.tex
LaTeX Font Info:    No math alphabet change to frozen version normal on input line 2.
LaTeX Font Info:    No math alphabet change to frozen version normal on input line 2.
LaTeX Font Info:    No math alphabet change to frozen version normal on input line 2.
LaTeX Font Info:    No math alphabet change to frozen version normal on input line 2.
LaTeX Font Info:    No math alphabet change to frozen version normal on input line 2.
LaTeX Font Info:    No math alphabet change to frozen version normal on input line 2.
LaTeX Font Info:    No math alphabet change to frozen version normal on input line 2.
LaTeX Font Info:    No math alphabet change to frozen version normal on input line 2.
LaTeX Font Info:    No math alphabet change to frozen version normal on input line 2.
LaTeX Font Info:    No math alphabet change to frozen version normal on input line 2.
LaTeX Font Info:    No math alphabet change to frozen version normal on input line 2.
LaTeX Font Info:    No math alphabet change to frozen version normal on input line 2.
LaTeX Font Info:    No math alphabet change to frozen version normal on input line 2.
LaTeX Font Info:    No math alphabet change to frozen version normal on input line 2.
LaTeX Font Info:    No math alphabet change to frozen version normal on input line 2.
LaTeX Font Info:    No math alphabet change to frozen version normal on input line 2.
LaTeX Font Info:    No math alphabet change to frozen version normal on input line 2.
LaTeX Font Info:    No math alphabet change to frozen version normal on input line 2.
LaTeX Font Info:    No math alphabet change to frozen version normal on input line 2.
LaTeX Font Info:    No math alphabet change to frozen version normal on input line 2.
LaTeX Font Info:    No math alphabet change to frozen version normal on input line 2.
LaTeX Font Info:    No math alphabet change to frozen version normal on input line 4.
LaTeX Font Info:    No math alphabet change to frozen version normal on input line 4.
LaTeX Font Info:    No math alphabet change to frozen version normal on input line 4.
LaTeX Font Info:    No math alphabet change to frozen version normal on input line 4.
LaTeX Font Info:    No math alphabet change to frozen version normal on input line 4.
LaTeX Font Info:    No math alphabet change to frozen version normal on input line 4.
LaTeX Font Info:    No math alphabet change to frozen version normal on input line 4.
LaTeX Font Info:    No math alphabet change to frozen version normal on input line 4.
LaTeX Font Info:    No math alphabet change to frozen version normal on input line 4.
LaTeX Font Info:    No math alphabet change to frozen version normal on input line 4.
LaTeX Font Info:    No math alphabet change to frozen version normal on input line 4.
LaTeX Font Info:    No math alphabet change to frozen version normal on input line 4.
LaTeX Font Info:    No math alphabet change to frozen version normal on input line 4.
LaTeX Font Info:    No math alphabet change to frozen version normal on input line 4.
LaTeX Font Info:    No math alphabet change to frozen version normal on input line 4.
LaTeX Font Info:    No math alphabet change to frozen version normal on input line 4.
LaTeX Font Info:    No math alphabet change to frozen version normal on input line 4.
LaTeX Font Info:    No math alphabet change to frozen version normal on input line 4.
LaTeX Font Info:    No math alphabet change to frozen version normal on input line 5.
LaTeX Font Info:    No math alphabet change to frozen version normal on input line 5.
LaTeX Font Info:    No math alphabet change to frozen version normal on input line 5.
LaTeX Font Info:    No math alphabet change to frozen version normal on input line 5.
LaTeX Font Info:    No math alphabet change to frozen version normal on input line 5.
LaTeX Font Info:    No math alphabet change to frozen version normal on input line 5.
LaTeX Font Info:    No math alphabet change to frozen version normal on input line 5.
LaTeX Font Info:    No math alphabet change to frozen version normal on input line 5.
LaTeX Font Info:    No math alphabet change to frozen version normal on input line 5.
LaTeX Font Info:    No math alphabet change to frozen version normal on input line 5.
LaTeX Font Info:    No math alphabet change to frozen version normal on input line 5.
LaTeX Font Info:    No math alphabet change to frozen version normal on input line 5.
LaTeX Font Info:    No math alphabet change to frozen version normal on input line 5.
LaTeX Font Info:    No math alphabet change to frozen version normal on input line 5.
LaTeX Font Info:    No math alphabet change to frozen version normal on input line 5.
LaTeX Font Info:    No math alphabet change to frozen version normal on input line 5.
LaTeX Font Info:    No math alphabet change to frozen version normal on input line 5.
LaTeX Font Info:    No math alphabet change to frozen version normal on input line 5.
LaTeX Font Info:    No math alphabet change to frozen version normal on input line 5.
LaTeX Font Info:    No math alphabet change to frozen version normal on input line 5.
LaTeX Font Info:    No math alphabet change to frozen version normal on input line 5.
LaTeX Font Info:    No math alphabet change to frozen version normal on input line 5.
LaTeX Font Info:    No math alphabet change to frozen version normal on input line 5.
LaTeX Font Info:    No math alphabet change to frozen version normal on input line 6.
LaTeX Font Info:    No math alphabet change to frozen version normal on input line 6.
LaTeX Font Info:    No math alphabet change to frozen version normal on input line 7.
LaTeX Font Info:    No math alphabet change to frozen version normal on input line 8.
LaTeX Font Info:    No math alphabet change to frozen version normal on input line 9.
LaTeX Font Info:    No math alphabet change to frozen version normal on input line 9.
LaTeX Font Info:    No math alphabet change to frozen version normal on input line 9.
LaTeX Font Info:    No math alphabet change to frozen version normal on input line 9.
LaTeX Font Info:    No math alphabet change to frozen version normal on input line 9.
LaTeX Font Info:    No math alphabet change to frozen version normal on input line 9.
LaTeX Font Info:    No math alphabet change to frozen version normal on input line 9.
LaTeX Font Info:    No math alphabet change to frozen version normal on input line 9.
LaTeX Font Info:    No math alphabet change to frozen version normal on input line 13.
LaTeX Font Info:    No math alphabet change to frozen version normal on input line 13.
LaTeX Font Info:    No math alphabet change to frozen version normal on input line 13.
LaTeX Font Info:    No math alphabet change to frozen version normal on input line 16.
LaTeX Font Info:    No math alphabet change to frozen version normal on input line 16.
LaTeX Font Info:    No math alphabet change to frozen version normal on input line 17.
LaTeX Font Info:    No math alphabet change to frozen version normal on input line 17.
LaTeX Font Info:    No math alphabet change to frozen version normal on input line 17.
LaTeX Font Info:    No math alphabet change to frozen version normal on input line 17.
LaTeX Font Info:    No math alphabet change to frozen version normal on input line 19.
LaTeX Font Info:    No math alphabet change to frozen version normal on input line 19.
LaTeX Font Info:    No math alphabet change to frozen version normal on input line 20.
LaTeX Font Info:    No math alphabet change to frozen version normal on input line 21.
LaTeX Font Info:    No math alphabet change to frozen version normal on input line 21.
LaTeX Font Info:    No math alphabet change to frozen version normal on input line 21.
LaTeX Font Info:    No math alphabet change to frozen version normal on input line 21.
LaTeX Font Info:    No math alphabet change to frozen version normal on input line 21.
LaTeX Font Info:    No math alphabet change to frozen version normal on input line 21.
LaTeX Font Info:    No math alphabet change to frozen version normal on input line 21.
LaTeX Font Info:    No math alphabet change to frozen version normal on input line 21.
LaTeX Font Info:    No math alphabet change to frozen version normal on input line 21.
LaTeX Font Info:    No math alphabet change to frozen version normal on input line 21.
LaTeX Font Info:    No math alphabet change to frozen version normal on input line 21.
LaTeX Font Info:    No math alphabet change to frozen version normal on input line 21.
LaTeX Font Info:    No math alphabet change to frozen version normal on input line 21.
LaTeX Font Info:    No math alphabet change to frozen version normal on input line 21.
LaTeX Font Info:    No math alphabet change to frozen version normal on input line 21.
LaTeX Font Info:    No math alphabet change to frozen version normal on input line 21.
LaTeX Font Info:    No math alphabet change to frozen version normal on input line 21.
LaTeX Font Info:    No math alphabet change to frozen version normal on input line 21.
LaTeX Font Info:    No math alphabet change to frozen version normal on input line 21.
LaTeX Font Info:    No math alphabet change to frozen version normal on input line 21.
LaTeX Font Info:    No math alphabet change to frozen version normal on input line 21.
LaTeX Font Info:    No math alphabet change to frozen version normal on input line 21.
LaTeX Font Info:    No math alphabet change to frozen version normal on input line 21.
LaTeX Font Info:    No math alphabet change to frozen version normal on input line 21.
LaTeX Font Info:    No math alphabet change to frozen version normal on input line 21.
LaTeX Font Info:    No math alphabet change to frozen version normal on input line 21.
LaTeX Font Info:    No math alphabet change to frozen version normal on input line 21.
LaTeX Font Info:    No math alphabet change to frozen version normal on input line 21.
LaTeX Font Info:    No math alphabet change to frozen version normal on input line 21.
LaTeX Font Info:    No math alphabet change to frozen version normal on input line 21.
LaTeX Font Info:    No math alphabet change to frozen version normal on input line 21.
LaTeX Font Info:    No math alphabet change to frozen version normal on input line 21.
LaTeX Font Info:    No math alphabet change to frozen version normal on input line 21.
LaTeX Font Info:    No math alphabet change to frozen version normal on input line 21.
LaTeX Font Info:    No math alphabet change to frozen version normal on input line 21.
LaTeX Font Info:    No math alphabet change to frozen version normal on input line 21.
LaTeX Font Info:    No math alphabet change to frozen version normal on input line 21.
LaTeX Font Info:    No math alphabet change to frozen version normal on input line 21.
LaTeX Font Info:    No math alphabet change to frozen version normal on input line 21.
LaTeX Font Info:    No math alphabet change to frozen version normal on input line 21.
LaTeX Font Info:    No math alphabet change to frozen version normal on input line 21.
LaTeX Font Info:    No math alphabet change to frozen version normal on input line 21.
LaTeX Font Info:    No math alphabet change to frozen version normal on input line 21.
LaTeX Font Info:    No math alphabet change to frozen version normal on input line 21.
LaTeX Font Info:    No math alphabet change to frozen version normal on input line 21.
LaTeX Font Info:    No math alphabet change to frozen version normal on input line 21.
LaTeX Font Info:    No math alphabet change to frozen version normal on input line 21.
LaTeX Font Info:    No math alphabet change to frozen version normal on input line 21.
LaTeX Font Info:    No math alphabet change to frozen version normal on input line 21.
LaTeX Font Info:    No math alphabet change to frozen version normal on input line 21.
LaTeX Font Info:    No math alphabet change to frozen version normal on input line 21.
LaTeX Font Info:    No math alphabet change to frozen version normal on input line 21.
LaTeX Font Info:    No math alphabet change to frozen version normal on input line 21.
LaTeX Font Info:    No math alphabet change to frozen version normal on input line 21.

Overfull \hbox (53.34123pt too wide) detected at line 22
[]
 []

LaTeX Font Info:    No math alphabet change to frozen version normal on input line 22.
LaTeX Font Info:    No math alphabet change to frozen version normal on input line 23.
LaTeX Font Info:    No math alphabet change to frozen version normal on input line 23.
LaTeX Font Info:    No math alphabet change to frozen version normal on input line 24.
LaTeX Font Info:    No math alphabet change to frozen version normal on input line 24.
LaTeX Font Info:    No math alphabet change to frozen version normal on input line 28.
LaTeX Font Info:    No math alphabet change to frozen version normal on input line 28.
LaTeX Font Info:    No math alphabet change to frozen version normal on input line 30.
LaTeX Font Info:    No math alphabet change to frozen version normal on input line 30.
LaTeX Font Info:    No math alphabet change to frozen version normal on input line 30.
LaTeX Font Info:    No math alphabet change to frozen version normal on input line 30.
LaTeX Font Info:    No math alphabet change to frozen version normal on input line 30.
LaTeX Font Info:    No math alphabet change to frozen version normal on input line 30.
LaTeX Font Info:    No math alphabet change to frozen version normal on input line 30.
LaTeX Font Info:    No math alphabet change to frozen version normal on input line 30.
LaTeX Font Info:    No math alphabet change to frozen version normal on input line 30.
LaTeX Font Info:    No math alphabet change to frozen version normal on input line 30.
LaTeX Font Info:    No math alphabet change to frozen version normal on input line 30.
LaTeX Font Info:    No math alphabet change to frozen version normal on input line 30.
LaTeX Font Info:    No math alphabet change to frozen version normal on input line 30.
LaTeX Font Info:    No math alphabet change to frozen version normal on input line 30.
LaTeX Font Info:    No math alphabet change to frozen version normal on input line 30.
LaTeX Font Info:    No math alphabet change to frozen version normal on input line 30.
LaTeX Font Info:    No math alphabet change to frozen version normal on input line 30.
LaTeX Font Info:    No math alphabet change to frozen version normal on input line 30.
LaTeX Font Info:    No math alphabet change to frozen version normal on input line 30.
LaTeX Font Info:    No math alphabet change to frozen version normal on input line 30.
LaTeX Font Info:    No math alphabet change to frozen version normal on input line 30.
LaTeX Font Info:    No math alphabet change to frozen version normal on input line 30.
LaTeX Font Info:    No math alphabet change to frozen version normal on input line 30.
LaTeX Font Info:    No math alphabet change to frozen version normal on input line 30.
LaTeX Font Info:    No math alphabet change to frozen version normal on input line 30.
LaTeX Font Info:    No math alphabet change to frozen version normal on input line 30.
LaTeX Font Info:    No math alphabet change to frozen version normal on input line 30.
LaTeX Font Info:    No math alphabet change to frozen version normal on input line 30.
LaTeX Font Info:    No math alphabet change to frozen version normal on input line 33.
LaTeX Font Info:    No math alphabet change to frozen version normal on input line 33.
LaTeX Font Info:    No math alphabet change to frozen version normal on input line 35.
LaTeX Font Info:    No math alphabet change to frozen version normal on input line 35.
LaTeX Font Info:    No math alphabet change to frozen version normal on input line 35.
LaTeX Font Info:    No math alphabet change to frozen version normal on input line 35.
LaTeX Font Info:    No math alphabet change to frozen version normal on input line 35.
LaTeX Font Info:    No math alphabet change to frozen version normal on input line 35.
LaTeX Font Info:    No math alphabet change to frozen version normal on input line 35.
LaTeX Font Info:    No math alphabet change to frozen version normal on input line 35.
LaTeX Font Info:    No math alphabet change to frozen version normal on input line 35.
LaTeX Font Info:    No math alphabet change to frozen version normal on input line 35.
LaTeX Font Info:    No math alphabet change to frozen version normal on input line 35.
LaTeX Font Info:    No math alphabet change to frozen version normal on input line 35.
LaTeX Font Info:    No math alphabet change to frozen version normal on input line 35.
LaTeX Font Info:    No math alphabet change to frozen version normal on input line 35.
LaTeX Font Info:    No math alphabet change to frozen version normal on input line 35.
LaTeX Font Info:    No math alphabet change to frozen version normal on input line 35.
LaTeX Font Info:    No math alphabet change to frozen version normal on input line 35.
LaTeX Font Info:    No math alphabet change to frozen version normal on input line 35.
LaTeX Font Info:    No math alphabet change to frozen version normal on input line 35.
LaTeX Font Info:    No math alphabet change to frozen version normal on input line 35.
LaTeX Font Info:    No math alphabet change to frozen version normal on input line 35.
LaTeX Font Info:    No math alphabet change to frozen version normal on input line 35.
LaTeX Font Info:    No math alphabet change to frozen version normal on input line 35.
LaTeX Font Info:    No math alphabet change to frozen version normal on input line 35.
LaTeX Font Info:    No math alphabet change to frozen version normal on input line 35.
LaTeX Font Info:    No math alphabet change to frozen version normal on input line 35.
LaTeX Font Info:    No math alphabet change to frozen version normal on input line 35.
LaTeX Font Info:    No math alphabet change to frozen version normal on input line 35.


[169]
LaTeX Font Info:    No math alphabet change to frozen version normal on input line 40.
LaTeX Font Info:    No math alphabet change to frozen version normal on input line 40.
LaTeX Font Info:    No math alphabet change to frozen version normal on input line 40.
) (../_definitions/definition_enriched_functor_between_categories_enriched_in_a_.tex
LaTeX Font Info:    No math alphabet change to frozen version normal on input line 2.
LaTeX Font Info:    No math alphabet change to frozen version normal on input line 2.
LaTeX Font Info:    No math alphabet change to frozen version normal on input line 2.
LaTeX Font Info:    No math alphabet change to frozen version normal on input line 2.
LaTeX Font Info:    No math alphabet change to frozen version normal on input line 2.
LaTeX Font Info:    No math alphabet change to frozen version normal on input line 2.
LaTeX Font Info:    No math alphabet change to frozen version normal on input line 2.
LaTeX Font Info:    No math alphabet change to frozen version normal on input line 2.
LaTeX Font Info:    No math alphabet change to frozen version normal on input line 2.
LaTeX Font Info:    No math alphabet change to frozen version normal on input line 2.
LaTeX Font Info:    No math alphabet change to frozen version normal on input line 2.
LaTeX Font Info:    No math alphabet change to frozen version normal on input line 2.
LaTeX Font Info:    No math alphabet change to frozen version normal on input line 2.
LaTeX Font Info:    No math alphabet change to frozen version normal on input line 2.
LaTeX Font Info:    No math alphabet change to frozen version normal on input line 2.
LaTeX Font Info:    No math alphabet change to frozen version normal on input line 2.
LaTeX Font Info:    No math alphabet change to frozen version normal on input line 2.
LaTeX Font Info:    No math alphabet change to frozen version normal on input line 2.
LaTeX Font Info:    No math alphabet change to frozen version normal on input line 2.
LaTeX Font Info:    No math alphabet change to frozen version normal on input line 2.
LaTeX Font Info:    No math alphabet change to frozen version normal on input line 2.
LaTeX Font Info:    No math alphabet change to frozen version normal on input line 2.
LaTeX Font Info:    No math alphabet change to frozen version normal on input line 2.
LaTeX Font Info:    No math alphabet change to frozen version normal on input line 2.
LaTeX Font Info:    No math alphabet change to frozen version normal on input line 2.
LaTeX Font Info:    No math alphabet change to frozen version normal on input line 2.
LaTeX Font Info:    No math alphabet change to frozen version normal on input line 2.
LaTeX Font Info:    No math alphabet change to frozen version normal on input line 2.
LaTeX Font Info:    No math alphabet change to frozen version normal on input line 2.
LaTeX Font Info:    No math alphabet change to frozen version normal on input line 2.
LaTeX Font Info:    No math alphabet change to frozen version normal on input line 2.
LaTeX Font Info:    No math alphabet change to frozen version normal on input line 3.
LaTeX Font Info:    No math alphabet change to frozen version normal on input line 6.
LaTeX Font Info:    No math alphabet change to frozen version normal on input line 6.
LaTeX Font Info:    No math alphabet change to frozen version normal on input line 7.
LaTeX Font Info:    No math alphabet change to frozen version normal on input line 7.
LaTeX Font Info:    No math alphabet change to frozen version normal on input line 7.
LaTeX Font Info:    No math alphabet change to frozen version normal on input line 8.
LaTeX Font Info:    No math alphabet change to frozen version normal on input line 10.
LaTeX Font Info:    No math alphabet change to frozen version normal on input line 15.
LaTeX Font Info:    No math alphabet change to frozen version normal on input line 15.
LaTeX Font Info:    No math alphabet change to frozen version normal on input line 15.
LaTeX Font Info:    No math alphabet change to frozen version normal on input line 15.
LaTeX Font Info:    No math alphabet change to frozen version normal on input line 15.
LaTeX Font Info:    No math alphabet change to frozen version normal on input line 15.
LaTeX Font Info:    No math alphabet change to frozen version normal on input line 15.
LaTeX Font Info:    No math alphabet change to frozen version normal on input line 15.
LaTeX Font Info:    No math alphabet change to frozen version normal on input line 15.
LaTeX Font Info:    No math alphabet change to frozen version normal on input line 15.
LaTeX Font Info:    No math alphabet change to frozen version normal on input line 15.
LaTeX Font Info:    No math alphabet change to frozen version normal on input line 15.
LaTeX Font Info:    No math alphabet change to frozen version normal on input line 15.
LaTeX Font Info:    No math alphabet change to frozen version normal on input line 15.
LaTeX Font Info:    No math alphabet change to frozen version normal on input line 15.
LaTeX Font Info:    No math alphabet change to frozen version normal on input line 15.
LaTeX Font Info:    No math alphabet change to frozen version normal on input line 15.
LaTeX Font Info:    No math alphabet change to frozen version normal on input line 15.
LaTeX Font Info:    No math alphabet change to frozen version normal on input line 15.
LaTeX Font Info:    No math alphabet change to frozen version normal on input line 15.
LaTeX Font Info:    No math alphabet change to frozen version normal on input line 15.
LaTeX Font Info:    No math alphabet change to frozen version normal on input line 15.
LaTeX Font Info:    No math alphabet change to frozen version normal on input line 15.
LaTeX Font Info:    No math alphabet change to frozen version normal on input line 15.
LaTeX Font Info:    No math alphabet change to frozen version normal on input line 15.
LaTeX Font Info:    No math alphabet change to frozen version normal on input line 15.
LaTeX Font Info:    No math alphabet change to frozen version normal on input line 15.
LaTeX Font Info:    No math alphabet change to frozen version normal on input line 15.
LaTeX Font Info:    No math alphabet change to frozen version normal on input line 15.
LaTeX Font Info:    No math alphabet change to frozen version normal on input line 15.
LaTeX Font Info:    No math alphabet change to frozen version normal on input line 15.
LaTeX Font Info:    No math alphabet change to frozen version normal on input line 15.
LaTeX Font Info:    No math alphabet change to frozen version normal on input line 15.
LaTeX Font Info:    No math alphabet change to frozen version normal on input line 15.
LaTeX Font Info:    No math alphabet change to frozen version normal on input line 15.
LaTeX Font Info:    No math alphabet change to frozen version normal on input line 15.
LaTeX Font Info:    No math alphabet change to frozen version normal on input line 15.
LaTeX Font Info:    No math alphabet change to frozen version normal on input line 15.
LaTeX Font Info:    No math alphabet change to frozen version normal on input line 15.
LaTeX Font Info:    No math alphabet change to frozen version normal on input line 15.
LaTeX Font Info:    No math alphabet change to frozen version normal on input line 15.
LaTeX Font Info:    No math alphabet change to frozen version normal on input line 15.
LaTeX Font Info:    No math alphabet change to frozen version normal on input line 15.
LaTeX Font Info:    No math alphabet change to frozen version normal on input line 15.
LaTeX Font Info:    No math alphabet change to frozen version normal on input line 15.
LaTeX Font Info:    No math alphabet change to frozen version normal on input line 15.
LaTeX Font Info:    No math alphabet change to frozen version normal on input line 15.
LaTeX Font Info:    No math alphabet change to frozen version normal on input line 15.
LaTeX Font Info:    No math alphabet change to frozen version normal on input line 15.
LaTeX Font Info:    No math alphabet change to frozen version normal on input line 15.
LaTeX Font Info:    No math alphabet change to frozen version normal on input line 15.
LaTeX Font Info:    No math alphabet change to frozen version normal on input line 15.
LaTeX Font Info:    No math alphabet change to frozen version normal on input line 15.
LaTeX Font Info:    No math alphabet change to frozen version normal on input line 15.
LaTeX Font Info:    No math alphabet change to frozen version normal on input line 15.
LaTeX Font Info:    No math alphabet change to frozen version normal on input line 15.
LaTeX Font Info:    No math alphabet change to frozen version normal on input line 15.
LaTeX Font Info:    No math alphabet change to frozen version normal on input line 15.
LaTeX Font Info:    No math alphabet change to frozen version normal on input line 15.
LaTeX Font Info:    No math alphabet change to frozen version normal on input line 15.
LaTeX Font Info:    No math alphabet change to frozen version normal on input line 15.
LaTeX Font Info:    No math alphabet change to frozen version normal on input line 15.
LaTeX Font Info:    No math alphabet change to frozen version normal on input line 15.
LaTeX Font Info:    No math alphabet change to frozen version normal on input line 15.
LaTeX Font Info:    No math alphabet change to frozen version normal on input line 16.
LaTeX Font Info:    No math alphabet change to frozen version normal on input line 17.
) (../_definitions/definition_product_of_categories_enriched_in_a_monoidal_category.tex
LaTeX Font Info:    Undo math alphabet allocation in version normal on input line 2.
LaTeX Font Info:    No math alphabet change to frozen version normal on input line 2.
LaTeX Font Info:    No math alphabet change to frozen version normal on input line 2.
LaTeX Font Info:    No math alphabet change to frozen version normal on input line 2.
LaTeX Font Info:    No math alphabet change to frozen version normal on input line 2.
LaTeX Font Info:    No math alphabet change to frozen version normal on input line 2.
LaTeX Font Info:    No math alphabet change to frozen version normal on input line 2.
LaTeX Font Info:    No math alphabet change to frozen version normal on input line 2.
LaTeX Font Info:    No math alphabet change to frozen version normal on input line 2.
LaTeX Font Info:    No math alphabet change to frozen version normal on input line 2.
LaTeX Font Info:    No math alphabet change to frozen version normal on input line 2.
LaTeX Font Info:    No math alphabet change to frozen version normal on input line 2.
LaTeX Font Info:    No math alphabet change to frozen version normal on input line 2.
LaTeX Font Info:    No math alphabet change to frozen version normal on input line 3.
LaTeX Font Info:    No math alphabet change to frozen version normal on input line 3.
LaTeX Font Info:    No math alphabet change to frozen version normal on input line 6.
LaTeX Font Info:    No math alphabet change to frozen version normal on input line 8.
LaTeX Font Info:    No math alphabet change to frozen version normal on input line 8.
LaTeX Font Info:    No math alphabet change to frozen version normal on input line 9.
LaTeX Font Info:    No math alphabet change to frozen version normal on input line 10.
LaTeX Font Info:    No math alphabet change to frozen version normal on input line 10.
LaTeX Font Info:    No math alphabet change to frozen version normal on input line 12.
LaTeX Font Info:    No math alphabet change to frozen version normal on input line 12.
LaTeX Font Info:    No math alphabet change to frozen version normal on input line 12.
LaTeX Font Info:    No math alphabet change to frozen version normal on input line 12.
LaTeX Font Info:    No math alphabet change to frozen version normal on input line 14.
LaTeX Font Info:    No math alphabet change to frozen version normal on input line 14.
LaTeX Font Info:    No math alphabet change to frozen version normal on input line 15.
LaTeX Font Info:    No math alphabet change to frozen version normal on input line 16.


[170]
LaTeX Font Info:    No math alphabet change to frozen version normal on input line 18.
LaTeX Font Info:    No math alphabet change to frozen version normal on input line 18.
LaTeX Font Info:    No math alphabet change to frozen version normal on input line 18.
LaTeX Font Info:    No math alphabet change to frozen version normal on input line 21.
LaTeX Font Info:    No math alphabet change to frozen version normal on input line 25.
LaTeX Font Info:    No math alphabet change to frozen version normal on input line 27.
LaTeX Font Info:    No math alphabet change to frozen version normal on input line 27.
LaTeX Font Info:    Undo math alphabet allocation in version normal on input line 30.
LaTeX Font Info:    Undo math alphabet allocation in version normal on input line 31.
LaTeX Font Info:    No math alphabet change to frozen version normal on input line 31.
LaTeX Font Info:    No math alphabet change to frozen version normal on input line 34.
LaTeX Font Info:    No math alphabet change to frozen version normal on input line 34.
LaTeX Font Info:    No math alphabet change to frozen version normal on input line 34.
LaTeX Font Info:    No math alphabet change to frozen version normal on input line 34.
LaTeX Font Info:    No math alphabet change to frozen version normal on input line 34.
LaTeX Font Info:    No math alphabet change to frozen version normal on input line 34.
LaTeX Font Info:    No math alphabet change to frozen version normal on input line 34.
LaTeX Font Info:    No math alphabet change to frozen version normal on input line 34.
LaTeX Font Info:    No math alphabet change to frozen version normal on input line 34.
LaTeX Font Info:    No math alphabet change to frozen version normal on input line 34.
) (../_definitions/definition_n_ary_functor_of_categories_enriched_in_a_monoidal_category.tex
LaTeX Font Info:    No math alphabet change to frozen version normal on input line 1.
LaTeX Font Info:    No math alphabet change to frozen version normal on input line 2.
LaTeX Font Info:    No math alphabet change to frozen version normal on input line 2.
LaTeX Font Info:    No math alphabet change to frozen version normal on input line 2.
LaTeX Font Info:    No math alphabet change to frozen version normal on input line 2.
LaTeX Font Info:    No math alphabet change to frozen version normal on input line 2.
LaTeX Font Info:    No math alphabet change to frozen version normal on input line 2.
LaTeX Font Info:    No math alphabet change to frozen version normal on input line 2.
LaTeX Font Info:    No math alphabet change to frozen version normal on input line 2.
LaTeX Font Info:    No math alphabet change to frozen version normal on input line 2.
LaTeX Font Info:    No math alphabet change to frozen version normal on input line 2.
LaTeX Font Info:    No math alphabet change to frozen version normal on input line 2.
LaTeX Font Info:    No math alphabet change to frozen version normal on input line 2.
LaTeX Font Info:    No math alphabet change to frozen version normal on input line 2.
LaTeX Font Info:    No math alphabet change to frozen version normal on input line 2.
LaTeX Font Info:    No math alphabet change to frozen version normal on input line 2.
LaTeX Font Info:    No math alphabet change to frozen version normal on input line 2.
LaTeX Font Info:    No math alphabet change to frozen version normal on input line 2.
LaTeX Font Info:    No math alphabet change to frozen version normal on input line 3.
LaTeX Font Info:    No math alphabet change to frozen version normal on input line 4.
LaTeX Font Info:    No math alphabet change to frozen version normal on input line 4.
LaTeX Font Info:    No math alphabet change to frozen version normal on input line 6.
LaTeX Font Info:    No math alphabet change to frozen version normal on input line 8.
LaTeX Font Info:    No math alphabet change to frozen version normal on input line 8.
LaTeX Font Info:    No math alphabet change to frozen version normal on input line 8.
LaTeX Font Info:    No math alphabet change to frozen version normal on input line 8.
LaTeX Font Info:    No math alphabet change to frozen version normal on input line 8.
LaTeX Font Info:    No math alphabet change to frozen version normal on input line 9.
LaTeX Font Info:    No math alphabet change to frozen version normal on input line 9.
LaTeX Font Info:    No math alphabet change to frozen version normal on input line 9.
LaTeX Font Info:    No math alphabet change to frozen version normal on input line 12.
LaTeX Font Info:    No math alphabet change to frozen version normal on input line 16.
LaTeX Font Info:    No math alphabet change to frozen version normal on input line 16.
LaTeX Font Info:    No math alphabet change to frozen version normal on input line 16.
) (../_definitions/definition_opposite_of_a_category_enriched_in_a_monoidal_category.tex
LaTeX Font Info:    No math alphabet change to frozen version normal on input line 2.
LaTeX Font Info:    No math alphabet change to frozen version normal on input line 2.
LaTeX Font Info:    No math alphabet change to frozen version normal on input line 2.
LaTeX Font Info:    No math alphabet change to frozen version normal on input line 2.
LaTeX Font Info:    No math alphabet change to frozen version normal on input line 2.
LaTeX Font Info:    No math alphabet change to frozen version normal on input line 2.
LaTeX Font Info:    No math alphabet change to frozen version normal on input line 2.
LaTeX Font Info:    No math alphabet change to frozen version normal on input line 2.
LaTeX Font Info:    No math alphabet change to frozen version normal on input line 2.
LaTeX Font Info:    No math alphabet change to frozen version normal on input line 2.
LaTeX Font Info:    No math alphabet change to frozen version normal on input line 2.
LaTeX Font Info:    No math alphabet change to frozen version normal on input line 2.
LaTeX Font Info:    No math alphabet change to frozen version normal on input line 2.
LaTeX Font Info:    No math alphabet change to frozen version normal on input line 2.
LaTeX Font Info:    No math alphabet change to frozen version normal on input line 2.
LaTeX Font Info:    No math alphabet change to frozen version normal on input line 2.
LaTeX Font Info:    No math alphabet change to frozen version normal on input line 2.
LaTeX Font Info:    No math alphabet change to frozen version normal on input line 2.
LaTeX Font Info:    No math alphabet change to frozen version normal on input line 2.
LaTeX Font Info:    No math alphabet change to frozen version normal on input line 2.
LaTeX Font Info:    No math alphabet change to frozen version normal on input line 4.
LaTeX Font Info:    No math alphabet change to frozen version normal on input line 4.
LaTeX Font Info:    No math alphabet change to frozen version normal on input line 5.
LaTeX Font Info:    No math alphabet change to frozen version normal on input line 5.
LaTeX Font Info:    No math alphabet change to frozen version normal on input line 6.
LaTeX Font Info:    No math alphabet change to frozen version normal on input line 7.
LaTeX Font Info:    No math alphabet change to frozen version normal on input line 7.
LaTeX Font Info:    No math alphabet change to frozen version normal on input line 8.
LaTeX Font Info:    No math alphabet change to frozen version normal on input line 9.
LaTeX Font Info:    No math alphabet change to frozen version normal on input line 10.
LaTeX Font Info:    No math alphabet change to frozen version normal on input line 10.
LaTeX Font Info:    No math alphabet change to frozen version normal on input line 10.
LaTeX Font Info:    No math alphabet change to frozen version normal on input line 10.
LaTeX Font Info:    No math alphabet change to frozen version normal on input line 10.
LaTeX Font Info:    No math alphabet change to frozen version normal on input line 10.
LaTeX Font Info:    No math alphabet change to frozen version normal on input line 10.
LaTeX Font Info:    No math alphabet change to frozen version normal on input line 10.
LaTeX Font Info:    No math alphabet change to frozen version normal on input line 10.
LaTeX Font Info:    No math alphabet change to frozen version normal on input line 10.
LaTeX Font Info:    No math alphabet change to frozen version normal on input line 10.
LaTeX Font Info:    No math alphabet change to frozen version normal on input line 10.
LaTeX Font Info:    No math alphabet change to frozen version normal on input line 10.
LaTeX Font Info:    No math alphabet change to frozen version normal on input line 10.
LaTeX Font Info:    No math alphabet change to frozen version normal on input line 10.
LaTeX Font Info:    No math alphabet change to frozen version normal on input line 10.
LaTeX Font Info:    No math alphabet change to frozen version normal on input line 10.
LaTeX Font Info:    No math alphabet change to frozen version normal on input line 10.
LaTeX Font Info:    No math alphabet change to frozen version normal on input line 10.
LaTeX Font Info:    No math alphabet change to frozen version normal on input line 10.
LaTeX Font Info:    No math alphabet change to frozen version normal on input line 10.
LaTeX Font Info:    No math alphabet change to frozen version normal on input line 10.
LaTeX Font Info:    No math alphabet change to frozen version normal on input line 10.
LaTeX Font Info:    No math alphabet change to frozen version normal on input line 10.


[171]
LaTeX Font Info:    No math alphabet change to frozen version normal on input line 10.
LaTeX Font Info:    No math alphabet change to frozen version normal on input line 11.
LaTeX Font Info:    No math alphabet change to frozen version normal on input line 11.
LaTeX Font Info:    No math alphabet change to frozen version normal on input line 11.
LaTeX Font Info:    No math alphabet change to frozen version normal on input line 11.
LaTeX Font Info:    No math alphabet change to frozen version normal on input line 12.
LaTeX Font Info:    No math alphabet change to frozen version normal on input line 14.
LaTeX Font Info:    No math alphabet change to frozen version normal on input line 14.
LaTeX Font Info:    No math alphabet change to frozen version normal on input line 14.
) (../_definitions/definition_locally_ringed_space_on_a_topological_space.tex
LaTeX Font Info:    No math alphabet change to frozen version normal on input line 3.
LaTeX Font Info:    No math alphabet change to frozen version normal on input line 3.
LaTeX Font Info:    No math alphabet change to frozen version normal on input line 3.
LaTeX Font Info:    No math alphabet change to frozen version normal on input line 4.
LaTeX Font Info:    No math alphabet change to frozen version normal on input line 4.
LaTeX Font Info:    No math alphabet change to frozen version normal on input line 4.
LaTeX Font Info:    No math alphabet change to frozen version normal on input line 4.
LaTeX Font Info:    No math alphabet change to frozen version normal on input line 4.
LaTeX Font Info:    No math alphabet change to frozen version normal on input line 4.
LaTeX Font Info:    No math alphabet change to frozen version normal on input line 4.
LaTeX Font Info:    No math alphabet change to frozen version normal on input line 4.
LaTeX Font Info:    No math alphabet change to frozen version normal on input line 4.
LaTeX Font Info:    No math alphabet change to frozen version normal on input line 4.
LaTeX Font Info:    No math alphabet change to frozen version normal on input line 4.
) (../_definitions/definition_scheme.tex
LaTeX Font Info:    No math alphabet change to frozen version normal on input line 4.
LaTeX Font Info:    No math alphabet change to frozen version normal on input line 4.
LaTeX Font Info:    No math alphabet change to frozen version normal on input line 4.


LaTeX Warning: Reference `definition:restriction_of_a_presheaf_sheaf_on_a_topological_space' on page 1 undefined on input line 4.

LaTeX Font Info:    No math alphabet change to frozen version normal on input line 4.
LaTeX Font Info:    No math alphabet change to frozen version normal on input line 4.
) (../_definitions/definition_quasi_coherent_sheaf_on_a_general_scheme.tex
LaTeX Font Info:    No math alphabet change to frozen version normal on input line 2.
LaTeX Font Info:    No math alphabet change to frozen version normal on input line 2.
LaTeX Font Info:    No math alphabet change to frozen version normal on input line 2.
LaTeX Font Info:    No math alphabet change to frozen version normal on input line 2.
LaTeX Font Info:    No math alphabet change to frozen version normal on input line 2.
LaTeX Font Info:    No math alphabet change to frozen version normal on input line 2.
LaTeX Font Info:    No math alphabet change to frozen version normal on input line 2.
LaTeX Font Info:    No math alphabet change to frozen version normal on input line 2.
LaTeX Font Info:    No math alphabet change to frozen version normal on input line 2.
LaTeX Font Info:    No math alphabet change to frozen version normal on input line 2.
LaTeX Font Info:    No math alphabet change to frozen version normal on input line 2.
LaTeX Font Info:    No math alphabet change to frozen version normal on input line 2.
LaTeX Font Info:    No math alphabet change to frozen version normal on input line 4.
LaTeX Font Info:    No math alphabet change to frozen version normal on input line 5.
LaTeX Font Info:    No math alphabet change to frozen version normal on input line 5.
LaTeX Font Info:    No math alphabet change to frozen version normal on input line 6.
LaTeX Font Info:    No math alphabet change to frozen version normal on input line 6.
LaTeX Font Info:    No math alphabet change to frozen version normal on input line 6.
) (../_definitions/definition_group.tex
LaTeX Font Info:    No math alphabet change to frozen version normal on input line 3.
LaTeX Font Info:    No math alphabet change to frozen version normal on input line 3.
LaTeX Font Info:    No math alphabet change to frozen version normal on input line 3.
LaTeX Font Info:    No math alphabet change to frozen version normal on input line 5.
LaTeX Font Info:    No math alphabet change to frozen version normal on input line 6.
LaTeX Font Info:    No math alphabet change to frozen version normal on input line 8.
LaTeX Font Info:    No math alphabet change to frozen version normal on input line 8.
LaTeX Font Info:    No math alphabet change to frozen version normal on input line 8.
LaTeX Font Info:    No math alphabet change to frozen version normal on input line 8.
LaTeX Font Info:    No math alphabet change to frozen version normal on input line 8.
LaTeX Font Info:    No math alphabet change to frozen version normal on input line 8.
LaTeX Font Info:    No math alphabet change to frozen version normal on input line 9.
LaTeX Font Info:    No math alphabet change to frozen version normal on input line 11.
LaTeX Font Info:    No math alphabet change to frozen version normal on input line 11.
LaTeX Font Info:    No math alphabet change to frozen version normal on input line 11.
LaTeX Font Info:    No math alphabet change to frozen version normal on input line 11.
LaTeX Font Info:    No math alphabet change to frozen version normal on input line 11.
LaTeX Font Info:    No math alphabet change to frozen version normal on input line 11.
LaTeX Font Info:    No math alphabet change to frozen version normal on input line 12.
LaTeX Font Info:    No math alphabet change to frozen version normal on input line 14.
LaTeX Font Info:    No math alphabet change to frozen version normal on input line 14.
LaTeX Font Info:    No math alphabet change to frozen version normal on input line 14.
LaTeX Font Info:    No math alphabet change to frozen version normal on input line 14.
LaTeX Font Info:    No math alphabet change to frozen version normal on input line 14.
LaTeX Font Info:    No math alphabet change to frozen version normal on input line 14.
LaTeX Font Info:    No math alphabet change to frozen version normal on input line 14.
LaTeX Font Info:    No math alphabet change to frozen version normal on input line 14.
LaTeX Font Info:    No math alphabet change to frozen version normal on input line 14.
LaTeX Font Info:    No math alphabet change to frozen version normal on input line 14.
LaTeX Font Info:    No math alphabet change to frozen version normal on input line 14.
LaTeX Font Info:    No math alphabet change to frozen version normal on input line 14.
LaTeX Font Info:    No math alphabet change to frozen version normal on input line 20.
LaTeX Font Info:    No math alphabet change to frozen version normal on input line 20.
LaTeX Font Info:    No math alphabet change to frozen version normal on input line 20.


[172]
LaTeX Font Info:    No math alphabet change to frozen version normal on input line 22.
LaTeX Font Info:    No math alphabet change to frozen version normal on input line 22.
LaTeX Font Info:    No math alphabet change to frozen version normal on input line 23.
LaTeX Font Info:    No math alphabet change to frozen version normal on input line 24.
) (../_definitions/definition_ring.tex
LaTeX Font Info:    No math alphabet change to frozen version normal on input line 3.
LaTeX Font Info:    No math alphabet change to frozen version normal on input line 5.
LaTeX Font Info:    No math alphabet change to frozen version normal on input line 6.
LaTeX Font Info:    No math alphabet change to frozen version normal on input line 7.
LaTeX Font Info:    No math alphabet change to frozen version normal on input line 7.
LaTeX Font Info:    No math alphabet change to frozen version normal on input line 7.
LaTeX Font Info:    No math alphabet change to frozen version normal on input line 8.
LaTeX Font Info:    No math alphabet change to frozen version normal on input line 8.
LaTeX Font Info:    No math alphabet change to frozen version normal on input line 11.
LaTeX Font Info:    No math alphabet change to frozen version normal on input line 11.
LaTeX Font Info:    No math alphabet change to frozen version normal on input line 13.
LaTeX Font Info:    No math alphabet change to frozen version normal on input line 13.
LaTeX Font Info:    No math alphabet change to frozen version normal on input line 13.
LaTeX Font Info:    No math alphabet change to frozen version normal on input line 14.
LaTeX Font Info:    No math alphabet change to frozen version normal on input line 14.
LaTeX Font Info:    No math alphabet change to frozen version normal on input line 14.
LaTeX Font Info:    No math alphabet change to frozen version normal on input line 14.
LaTeX Font Info:    No math alphabet change to frozen version normal on input line 14.
LaTeX Font Info:    No math alphabet change to frozen version normal on input line 14.
LaTeX Font Info:    No math alphabet change to frozen version normal on input line 14.
LaTeX Font Info:    No math alphabet change to frozen version normal on input line 15.
LaTeX Font Info:    No math alphabet change to frozen version normal on input line 15.
LaTeX Font Info:    No math alphabet change to frozen version normal on input line 15.
LaTeX Font Info:    No math alphabet change to frozen version normal on input line 15.
LaTeX Font Info:    No math alphabet change to frozen version normal on input line 15.
LaTeX Font Info:    No math alphabet change to frozen version normal on input line 15.
LaTeX Font Info:    No math alphabet change to frozen version normal on input line 15.
LaTeX Font Info:    No math alphabet change to frozen version normal on input line 15.
LaTeX Font Info:    No math alphabet change to frozen version normal on input line 16.
LaTeX Font Info:    No math alphabet change to frozen version normal on input line 16.
LaTeX Font Info:    No math alphabet change to frozen version normal on input line 16.
LaTeX Font Info:    No math alphabet change to frozen version normal on input line 16.
LaTeX Font Info:    No math alphabet change to frozen version normal on input line 16.
LaTeX Font Info:    No math alphabet change to frozen version normal on input line 16.
LaTeX Font Info:    No math alphabet change to frozen version normal on input line 16.
LaTeX Font Info:    No math alphabet change to frozen version normal on input line 17.
LaTeX Font Info:    No math alphabet change to frozen version normal on input line 18.
LaTeX Font Info:    No math alphabet change to frozen version normal on input line 18.
LaTeX Font Info:    No math alphabet change to frozen version normal on input line 21.
LaTeX Font Info:    No math alphabet change to frozen version normal on input line 21.
LaTeX Font Info:    No math alphabet change to frozen version normal on input line 21.
LaTeX Font Info:    No math alphabet change to frozen version normal on input line 21.
LaTeX Font Info:    No math alphabet change to frozen version normal on input line 21.
LaTeX Font Info:    No math alphabet change to frozen version normal on input line 21.
LaTeX Font Info:    No math alphabet change to frozen version normal on input line 28.
LaTeX Font Info:    No math alphabet change to frozen version normal on input line 28.
LaTeX Font Info:    No math alphabet change to frozen version normal on input line 28.
LaTeX Font Info:    No math alphabet change to frozen version normal on input line 28.


LaTeX Warning: Reference `definition:ring' on page 1 undefined on input line 28.

LaTeX Font Info:    No math alphabet change to frozen version normal on input line 28.
) (../_definitions/definition_module_of_a_ring.tex
LaTeX Font Info:    No math alphabet change to frozen version normal on input line 3.
LaTeX Font Info:    No math alphabet change to frozen version normal on input line 5.
LaTeX Font Info:    No math alphabet change to frozen version normal on input line 5.
LaTeX Font Info:    No math alphabet change to frozen version normal on input line 5.
LaTeX Font Info:    No math alphabet change to frozen version normal on input line 5.
LaTeX Font Info:    No math alphabet change to frozen version normal on input line 5.
LaTeX Font Info:    No math alphabet change to frozen version normal on input line 5.
LaTeX Font Info:    No math alphabet change to frozen version normal on input line 5.
LaTeX Font Info:    No math alphabet change to frozen version normal on input line 5.
LaTeX Font Info:    No math alphabet change to frozen version normal on input line 5.
LaTeX Font Info:    No math alphabet change to frozen version normal on input line 5.
LaTeX Font Info:    No math alphabet change to frozen version normal on input line 5.
LaTeX Font Info:    No math alphabet change to frozen version normal on input line 5.
LaTeX Font Info:    No math alphabet change to frozen version normal on input line 7.
LaTeX Font Info:    No math alphabet change to frozen version normal on input line 7.
LaTeX Font Info:    No math alphabet change to frozen version normal on input line 8.
LaTeX Font Info:    No math alphabet change to frozen version normal on input line 8.
LaTeX Font Info:    No math alphabet change to frozen version normal on input line 9.
LaTeX Font Info:    No math alphabet change to frozen version normal on input line 9.
LaTeX Font Info:    No math alphabet change to frozen version normal on input line 10.
LaTeX Font Info:    No math alphabet change to frozen version normal on input line 10.
LaTeX Font Info:    No math alphabet change to frozen version normal on input line 10.
LaTeX Font Info:    No math alphabet change to frozen version normal on input line 10.
LaTeX Font Info:    No math alphabet change to frozen version normal on input line 13.
LaTeX Font Info:    No math alphabet change to frozen version normal on input line 13.
LaTeX Font Info:    No math alphabet change to frozen version normal on input line 13.
LaTeX Font Info:    No math alphabet change to frozen version normal on input line 13.
LaTeX Font Info:    No math alphabet change to frozen version normal on input line 13.
LaTeX Font Info:    No math alphabet change to frozen version normal on input line 13.
LaTeX Font Info:    No math alphabet change to frozen version normal on input line 13.
LaTeX Font Info:    No math alphabet change to frozen version normal on input line 13.
LaTeX Font Info:    No math alphabet change to frozen version normal on input line 13.
LaTeX Font Info:    No math alphabet change to frozen version normal on input line 13.
LaTeX Font Info:    No math alphabet change to frozen version normal on input line 13.
LaTeX Font Info:    No math alphabet change to frozen version normal on input line 13.
LaTeX Font Info:    No math alphabet change to frozen version normal on input line 15.
LaTeX Font Info:    No math alphabet change to frozen version normal on input line 15.
LaTeX Font Info:    No math alphabet change to frozen version normal on input line 16.
LaTeX Font Info:    No math alphabet change to frozen version normal on input line 16.
LaTeX Font Info:    No math alphabet change to frozen version normal on input line 17.
LaTeX Font Info:    No math alphabet change to frozen version normal on input line 17.


[173]
LaTeX Font Info:    No math alphabet change to frozen version normal on input line 18.
LaTeX Font Info:    No math alphabet change to frozen version normal on input line 18.
LaTeX Font Info:    No math alphabet change to frozen version normal on input line 21.
LaTeX Font Info:    No math alphabet change to frozen version normal on input line 21.
LaTeX Font Info:    No math alphabet change to frozen version normal on input line 23.
LaTeX Font Info:    No math alphabet change to frozen version normal on input line 23.
LaTeX Font Info:    No math alphabet change to frozen version normal on input line 23.
LaTeX Font Info:    No math alphabet change to frozen version normal on input line 23.
LaTeX Font Info:    No math alphabet change to frozen version normal on input line 23.
LaTeX Font Info:    No math alphabet change to frozen version normal on input line 23.
LaTeX Font Info:    No math alphabet change to frozen version normal on input line 23.
LaTeX Font Info:    No math alphabet change to frozen version normal on input line 23.
LaTeX Font Info:    No math alphabet change to frozen version normal on input line 23.
LaTeX Font Info:    No math alphabet change to frozen version normal on input line 23.
LaTeX Font Info:    No math alphabet change to frozen version normal on input line 23.
LaTeX Font Info:    No math alphabet change to frozen version normal on input line 23.
LaTeX Font Info:    No math alphabet change to frozen version normal on input line 23.
LaTeX Font Info:    No math alphabet change to frozen version normal on input line 23.
LaTeX Font Info:    No math alphabet change to frozen version normal on input line 23.
LaTeX Font Info:    No math alphabet change to frozen version normal on input line 23.
LaTeX Font Info:    No math alphabet change to frozen version normal on input line 23.
LaTeX Font Info:    No math alphabet change to frozen version normal on input line 23.
LaTeX Font Info:    No math alphabet change to frozen version normal on input line 23.
LaTeX Font Info:    No math alphabet change to frozen version normal on input line 23.
LaTeX Font Info:    No math alphabet change to frozen version normal on input line 23.
LaTeX Font Info:    No math alphabet change to frozen version normal on input line 23.
LaTeX Font Info:    No math alphabet change to frozen version normal on input line 23.
LaTeX Font Info:    No math alphabet change to frozen version normal on input line 23.
LaTeX Font Info:    No math alphabet change to frozen version normal on input line 23.
LaTeX Font Info:    No math alphabet change to frozen version normal on input line 23.
LaTeX Font Info:    No math alphabet change to frozen version normal on input line 23.
LaTeX Font Info:    No math alphabet change to frozen version normal on input line 23.
LaTeX Font Info:    No math alphabet change to frozen version normal on input line 23.
LaTeX Font Info:    No math alphabet change to frozen version normal on input line 23.
LaTeX Font Info:    No math alphabet change to frozen version normal on input line 23.
LaTeX Font Info:    No math alphabet change to frozen version normal on input line 23.
LaTeX Font Info:    No math alphabet change to frozen version normal on input line 23.
LaTeX Font Info:    No math alphabet change to frozen version normal on input line 23.
LaTeX Font Info:    No math alphabet change to frozen version normal on input line 25.
LaTeX Font Info:    No math alphabet change to frozen version normal on input line 26.
LaTeX Font Info:    No math alphabet change to frozen version normal on input line 26.
LaTeX Font Info:    No math alphabet change to frozen version normal on input line 27.
LaTeX Font Info:    No math alphabet change to frozen version normal on input line 27.
LaTeX Font Info:    No math alphabet change to frozen version normal on input line 28.
LaTeX Font Info:    No math alphabet change to frozen version normal on input line 29.
LaTeX Font Info:    No math alphabet change to frozen version normal on input line 29.
LaTeX Font Info:    No math alphabet change to frozen version normal on input line 30.
LaTeX Font Info:    No math alphabet change to frozen version normal on input line 30.
LaTeX Font Info:    No math alphabet change to frozen version normal on input line 32.
LaTeX Font Info:    No math alphabet change to frozen version normal on input line 32.
LaTeX Font Info:    No math alphabet change to frozen version normal on input line 32.
LaTeX Font Info:    No math alphabet change to frozen version normal on input line 33.
LaTeX Font Info:    No math alphabet change to frozen version normal on input line 35.
LaTeX Font Info:    No math alphabet change to frozen version normal on input line 35.
LaTeX Font Info:    No math alphabet change to frozen version normal on input line 35.
LaTeX Font Info:    No math alphabet change to frozen version normal on input line 35.
LaTeX Font Info:    No math alphabet change to frozen version normal on input line 35.
LaTeX Font Info:    No math alphabet change to frozen version normal on input line 35.
LaTeX Font Info:    No math alphabet change to frozen version normal on input line 35.
LaTeX Font Info:    No math alphabet change to frozen version normal on input line 35.
LaTeX Font Info:    No math alphabet change to frozen version normal on input line 35.
LaTeX Font Info:    No math alphabet change to frozen version normal on input line 35.
LaTeX Font Info:    No math alphabet change to frozen version normal on input line 35.
LaTeX Font Info:    No math alphabet change to frozen version normal on input line 35.
LaTeX Font Info:    No math alphabet change to frozen version normal on input line 35.
LaTeX Font Info:    No math alphabet change to frozen version normal on input line 35.
LaTeX Font Info:    No math alphabet change to frozen version normal on input line 35.
LaTeX Font Info:    No math alphabet change to frozen version normal on input line 35.
LaTeX Font Info:    No math alphabet change to frozen version normal on input line 41.
LaTeX Font Info:    No math alphabet change to frozen version normal on input line 41.
LaTeX Font Info:    No math alphabet change to frozen version normal on input line 41.
LaTeX Font Info:    No math alphabet change to frozen version normal on input line 41.
LaTeX Font Info:    No math alphabet change to frozen version normal on input line 41.
LaTeX Font Info:    No math alphabet change to frozen version normal on input line 41.
LaTeX Font Info:    No math alphabet change to frozen version normal on input line 41.
LaTeX Font Info:    No math alphabet change to frozen version normal on input line 41.
LaTeX Font Info:    No math alphabet change to frozen version normal on input line 41.
LaTeX Font Info:    No math alphabet change to frozen version normal on input line 41.
LaTeX Font Info:    No math alphabet change to frozen version normal on input line 43.
LaTeX Font Info:    No math alphabet change to frozen version normal on input line 43.
LaTeX Font Info:    No math alphabet change to frozen version normal on input line 43.
LaTeX Font Info:    No math alphabet change to frozen version normal on input line 43.
LaTeX Font Info:    No math alphabet change to frozen version normal on input line 43.
LaTeX Font Info:    No math alphabet change to frozen version normal on input line 43.
LaTeX Font Info:    No math alphabet change to frozen version normal on input line 43.
LaTeX Font Info:    No math alphabet change to frozen version normal on input line 43.
LaTeX Font Info:    No math alphabet change to frozen version normal on input line 43.
LaTeX Font Info:    No math alphabet change to frozen version normal on input line 43.
LaTeX Font Info:    No math alphabet change to frozen version normal on input line 43.
LaTeX Font Info:    No math alphabet change to frozen version normal on input line 43.
LaTeX Font Info:    No math alphabet change to frozen version normal on input line 43.
LaTeX Font Info:    No math alphabet change to frozen version normal on input line 43.
LaTeX Font Info:    No math alphabet change to frozen version normal on input line 43.
) (../_definitions/definition_ideal_of_a_ring.tex
LaTeX Font Info:    No math alphabet change to frozen version normal on input line 3.
LaTeX Font Info:    No math alphabet change to frozen version normal on input line 4.
LaTeX Font Info:    No math alphabet change to frozen version normal on input line 4.
LaTeX Font Info:    No math alphabet change to frozen version normal on input line 4.
LaTeX Font Info:    No math alphabet change to frozen version normal on input line 4.
LaTeX Font Info:    No math alphabet change to frozen version normal on input line 4.
LaTeX Font Info:    No math alphabet change to frozen version normal on input line 4.
LaTeX Font Info:    No math alphabet change to frozen version normal on input line 6.
LaTeX Font Info:    No math alphabet change to frozen version normal on input line 6.
LaTeX Font Info:    No math alphabet change to frozen version normal on input line 6.
LaTeX Font Info:    No math alphabet change to frozen version normal on input line 7.
LaTeX Font Info:    No math alphabet change to frozen version normal on input line 7.
LaTeX Font Info:    No math alphabet change to frozen version normal on input line 7.
LaTeX Font Info:    No math alphabet change to frozen version normal on input line 7.
LaTeX Font Info:    No math alphabet change to frozen version normal on input line 7.
LaTeX Font Info:    No math alphabet change to frozen version normal on input line 9.
LaTeX Font Info:    No math alphabet change to frozen version normal on input line 9.
LaTeX Font Info:    No math alphabet change to frozen version normal on input line 9.
LaTeX Font Info:    No math alphabet change to frozen version normal on input line 9.
LaTeX Font Info:    No math alphabet change to frozen version normal on input line 9.
LaTeX Font Info:    No math alphabet change to frozen version normal on input line 9.
LaTeX Font Info:    No math alphabet change to frozen version normal on input line 11.
LaTeX Font Info:    No math alphabet change to frozen version normal on input line 11.
LaTeX Font Info:    No math alphabet change to frozen version normal on input line 11.
LaTeX Font Info:    No math alphabet change to frozen version normal on input line 12.
LaTeX Font Info:    No math alphabet change to frozen version normal on input line 12.
LaTeX Font Info:    No math alphabet change to frozen version normal on input line 12.
LaTeX Font Info:    No math alphabet change to frozen version normal on input line 12.
LaTeX Font Info:    No math alphabet change to frozen version normal on input line 12.
LaTeX Font Info:    No math alphabet change to frozen version normal on input line 14.
LaTeX Font Info:    No math alphabet change to frozen version normal on input line 14.
LaTeX Font Info:    No math alphabet change to frozen version normal on input line 14.
LaTeX Font Info:    No math alphabet change to frozen version normal on input line 14.
LaTeX Font Info:    No math alphabet change to frozen version normal on input line 14.
LaTeX Font Info:    No math alphabet change to frozen version normal on input line 14.
LaTeX Font Info:    No math alphabet change to frozen version normal on input line 14.
LaTeX Font Info:    No math alphabet change to frozen version normal on input line 14.
LaTeX Font Info:    No math alphabet change to frozen version normal on input line 14.
LaTeX Font Info:    No math alphabet change to frozen version normal on input line 14.
LaTeX Font Info:    No math alphabet change to frozen version normal on input line 18.
) (../_definitions/definition_homomorphism_of_modules_over_a_ring.tex
LaTeX Font Info:    No math alphabet change to frozen version normal on input line 2.
LaTeX Font Info:    No math alphabet change to frozen version normal on input line 4.
LaTeX Font Info:    No math alphabet change to frozen version normal on input line 4.
LaTeX Font Info:    No math alphabet change to frozen version normal on input line 4.
LaTeX Font Info:    No math alphabet change to frozen version normal on input line 4.
LaTeX Font Info:    No math alphabet change to frozen version normal on input line 4.
LaTeX Font Info:    No math alphabet change to frozen version normal on input line 4.
LaTeX Font Info:    No math alphabet change to frozen version normal on input line 4.
LaTeX Font Info:    No math alphabet change to frozen version normal on input line 4.
LaTeX Font Info:    No math alphabet change to frozen version normal on input line 4.
LaTeX Font Info:    No math alphabet change to frozen version normal on input line 4.
LaTeX Font Info:    No math alphabet change to frozen version normal on input line 4.
LaTeX Font Info:    No math alphabet change to frozen version normal on input line 4.
LaTeX Font Info:    No math alphabet change to frozen version normal on input line 4.
LaTeX Font Info:    No math alphabet change to frozen version normal on input line 4.
LaTeX Font Info:    No math alphabet change to frozen version normal on input line 4.
LaTeX Font Info:    No math alphabet change to frozen version normal on input line 4.
LaTeX Font Info:    No math alphabet change to frozen version normal on input line 4.
LaTeX Font Info:    No math alphabet change to frozen version normal on input line 4.
LaTeX Font Info:    No math alphabet change to frozen version normal on input line 4.
LaTeX Font Info:    No math alphabet change to frozen version normal on input line 4.
LaTeX Font Info:    No math alphabet change to frozen version normal on input line 4.
LaTeX Font Info:    No math alphabet change to frozen version normal on input line 4.
LaTeX Font Info:    No math alphabet change to frozen version normal on input line 4.
LaTeX Font Info:    No math alphabet change to frozen version normal on input line 4.
LaTeX Font Info:    No math alphabet change to frozen version normal on input line 4.
LaTeX Font Info:    No math alphabet change to frozen version normal on input line 4.
LaTeX Font Info:    No math alphabet change to frozen version normal on input line 4.
LaTeX Font Info:    No math alphabet change to frozen version normal on input line 4.
LaTeX Font Info:    No math alphabet change to frozen version normal on input line 4.
LaTeX Font Info:    No math alphabet change to frozen version normal on input line 4.
LaTeX Font Info:    No math alphabet change to frozen version normal on input line 4.
LaTeX Font Info:    No math alphabet change to frozen version normal on input line 4.
LaTeX Font Info:    No math alphabet change to frozen version normal on input line 4.
LaTeX Font Info:    No math alphabet change to frozen version normal on input line 4.
LaTeX Font Info:    No math alphabet change to frozen version normal on input line 4.
LaTeX Font Info:    No math alphabet change to frozen version normal on input line 4.
LaTeX Font Info:    No math alphabet change to frozen version normal on input line 4.
LaTeX Font Info:    No math alphabet change to frozen version normal on input line 4.
LaTeX Font Info:    No math alphabet change to frozen version normal on input line 4.
LaTeX Font Info:    No math alphabet change to frozen version normal on input line 5.
LaTeX Font Info:    No math alphabet change to frozen version normal on input line 5.
LaTeX Font Info:    No math alphabet change to frozen version normal on input line 5.


[174]
LaTeX Font Info:    No math alphabet change to frozen version normal on input line 10.
LaTeX Font Info:    No math alphabet change to frozen version normal on input line 10.
LaTeX Font Info:    No math alphabet change to frozen version normal on input line 10.
LaTeX Font Info:    No math alphabet change to frozen version normal on input line 10.
LaTeX Font Info:    No math alphabet change to frozen version normal on input line 10.
LaTeX Font Info:    No math alphabet change to frozen version normal on input line 10.
LaTeX Font Info:    No math alphabet change to frozen version normal on input line 10.
LaTeX Font Info:    No math alphabet change to frozen version normal on input line 10.
LaTeX Font Info:    No math alphabet change to frozen version normal on input line 10.
LaTeX Font Info:    No math alphabet change to frozen version normal on input line 10.
LaTeX Font Info:    No math alphabet change to frozen version normal on input line 10.
LaTeX Font Info:    No math alphabet change to frozen version normal on input line 10.
LaTeX Font Info:    No math alphabet change to frozen version normal on input line 12.
LaTeX Font Info:    No math alphabet change to frozen version normal on input line 12.
LaTeX Font Info:    No math alphabet change to frozen version normal on input line 12.
LaTeX Font Info:    No math alphabet change to frozen version normal on input line 12.
LaTeX Font Info:    No math alphabet change to frozen version normal on input line 12.
LaTeX Font Info:    No math alphabet change to frozen version normal on input line 12.
LaTeX Font Info:    No math alphabet change to frozen version normal on input line 12.
LaTeX Font Info:    No math alphabet change to frozen version normal on input line 12.
LaTeX Font Info:    No math alphabet change to frozen version normal on input line 12.
LaTeX Font Info:    No math alphabet change to frozen version normal on input line 12.
LaTeX Font Info:    No math alphabet change to frozen version normal on input line 12.
LaTeX Font Info:    No math alphabet change to frozen version normal on input line 12.
LaTeX Font Info:    No math alphabet change to frozen version normal on input line 12.
LaTeX Font Info:    No math alphabet change to frozen version normal on input line 14.
LaTeX Font Info:    No math alphabet change to frozen version normal on input line 14.
LaTeX Font Info:    No math alphabet change to frozen version normal on input line 14.
LaTeX Font Info:    No math alphabet change to frozen version normal on input line 14.
LaTeX Font Info:    No math alphabet change to frozen version normal on input line 14.
LaTeX Font Info:    No math alphabet change to frozen version normal on input line 14.
LaTeX Font Info:    No math alphabet change to frozen version normal on input line 14.
LaTeX Font Info:    No math alphabet change to frozen version normal on input line 18.
LaTeX Font Info:    No math alphabet change to frozen version normal on input line 18.
LaTeX Font Info:    No math alphabet change to frozen version normal on input line 18.
) (../_definitions/definition_kernel_image_cokernel_of_a_module_homomorphism_over_a_ring.tex
LaTeX Font Info:    No math alphabet change to frozen version normal on input line 23.
LaTeX Font Info:    No math alphabet change to frozen version normal on input line 23.
LaTeX Font Info:    No math alphabet change to frozen version normal on input line 23.
LaTeX Font Info:    No math alphabet change to frozen version normal on input line 23.
LaTeX Font Info:    No math alphabet change to frozen version normal on input line 24.
LaTeX Font Info:    No math alphabet change to frozen version normal on input line 25.
LaTeX Font Info:    No math alphabet change to frozen version normal on input line 25.
LaTeX Font Info:    No math alphabet change to frozen version normal on input line 28.
LaTeX Font Info:    No math alphabet change to frozen version normal on input line 28.
LaTeX Font Info:    No math alphabet change to frozen version normal on input line 28.
LaTeX Font Info:    No math alphabet change to frozen version normal on input line 28.
LaTeX Font Info:    No math alphabet change to frozen version normal on input line 28.
LaTeX Font Info:    No math alphabet change to frozen version normal on input line 28.
LaTeX Font Info:    No math alphabet change to frozen version normal on input line 29.
LaTeX Font Info:    No math alphabet change to frozen version normal on input line 29.
LaTeX Font Info:    No math alphabet change to frozen version normal on input line 31.
LaTeX Font Info:    No math alphabet change to frozen version normal on input line 31.
LaTeX Font Info:    No math alphabet change to frozen version normal on input line 31.
LaTeX Font Info:    No math alphabet change to frozen version normal on input line 31.
LaTeX Font Info:    No math alphabet change to frozen version normal on input line 31.
LaTeX Font Info:    No math alphabet change to frozen version normal on input line 31.
LaTeX Font Info:    No math alphabet change to frozen version normal on input line 32.
LaTeX Font Info:    No math alphabet change to frozen version normal on input line 32.
LaTeX Font Info:    No math alphabet change to frozen version normal on input line 34.
LaTeX Font Info:    No math alphabet change to frozen version normal on input line 34.
LaTeX Font Info:    No math alphabet change to frozen version normal on input line 34.
LaTeX Font Info:    No math alphabet change to frozen version normal on input line 34.
LaTeX Font Info:    No math alphabet change to frozen version normal on input line 34.
LaTeX Font Info:    No math alphabet change to frozen version normal on input line 34.
LaTeX Font Info:    No math alphabet change to frozen version normal on input line 35.
LaTeX Font Info:    No math alphabet change to frozen version normal on input line 35.
LaTeX Font Info:    No math alphabet change to frozen version normal on input line 37.
LaTeX Font Info:    No math alphabet change to frozen version normal on input line 37.
LaTeX Font Info:    No math alphabet change to frozen version normal on input line 37.
LaTeX Font Info:    No math alphabet change to frozen version normal on input line 37.
LaTeX Font Info:    No math alphabet change to frozen version normal on input line 37.
LaTeX Font Info:    No math alphabet change to frozen version normal on input line 37.
LaTeX Font Info:    No math alphabet change to frozen version normal on input line 38.
LaTeX Font Info:    No math alphabet change to frozen version normal on input line 38.
LaTeX Font Info:    No math alphabet change to frozen version normal on input line 40.
LaTeX Font Info:    No math alphabet change to frozen version normal on input line 40.
LaTeX Font Info:    No math alphabet change to frozen version normal on input line 40.
LaTeX Font Info:    No math alphabet change to frozen version normal on input line 40.
LaTeX Font Info:    No math alphabet change to frozen version normal on input line 40.
LaTeX Font Info:    No math alphabet change to frozen version normal on input line 40.
LaTeX Font Info:    No math alphabet change to frozen version normal on input line 40.
LaTeX Font Info:    No math alphabet change to frozen version normal on input line 40.
LaTeX Font Info:    No math alphabet change to frozen version normal on input line 42.


LaTeX Warning: Reference `lemma:kernel_cokernel_image_coimage_of_modules_over_rings_are_categorical' on page 1 undefined on input line 42.

) (../_definitions/definition_category_of_modules_and_bimodules_over_rings.tex
LaTeX Font Info:    No math alphabet change to frozen version normal on input line 2.
LaTeX Font Info:    No math alphabet change to frozen version normal on input line 2.
LaTeX Font Info:    No math alphabet change to frozen version normal on input line 4.
LaTeX Font Info:    No math alphabet change to frozen version normal on input line 4.
LaTeX Font Info:    No math alphabet change to frozen version normal on input line 4.
LaTeX Font Info:    No math alphabet change to frozen version normal on input line 4.
LaTeX Font Info:    No math alphabet change to frozen version normal on input line 4.
LaTeX Font Info:    No math alphabet change to frozen version normal on input line 4.
LaTeX Font Info:    No math alphabet change to frozen version normal on input line 4.
LaTeX Font Info:    No math alphabet change to frozen version normal on input line 4.
LaTeX Font Info:    No math alphabet change to frozen version normal on input line 4.
LaTeX Font Info:    No math alphabet change to frozen version normal on input line 4.
LaTeX Font Info:    No math alphabet change to frozen version normal on input line 4.
LaTeX Font Info:    No math alphabet change to frozen version normal on input line 4.
LaTeX Font Info:    No math alphabet change to frozen version normal on input line 4.
LaTeX Font Info:    No math alphabet change to frozen version normal on input line 4.
LaTeX Font Info:    No math alphabet change to frozen version normal on input line 4.
LaTeX Font Info:    No math alphabet change to frozen version normal on input line 4.
LaTeX Font Info:    No math alphabet change to frozen version normal on input line 4.
LaTeX Font Info:    No math alphabet change to frozen version normal on input line 6.
LaTeX Font Info:    No math alphabet change to frozen version normal on input line 6.
LaTeX Font Info:    No math alphabet change to frozen version normal on input line 6.
LaTeX Font Info:    No math alphabet change to frozen version normal on input line 6.
LaTeX Font Info:    No math alphabet change to frozen version normal on input line 6.
LaTeX Font Info:    No math alphabet change to frozen version normal on input line 6.
LaTeX Font Info:    No math alphabet change to frozen version normal on input line 6.
LaTeX Font Info:    No math alphabet change to frozen version normal on input line 6.
LaTeX Font Info:    No math alphabet change to frozen version normal on input line 6.
LaTeX Font Info:    No math alphabet change to frozen version normal on input line 6.
LaTeX Font Info:    No math alphabet change to frozen version normal on input line 6.
LaTeX Font Info:    No math alphabet change to frozen version normal on input line 6.
LaTeX Font Info:    No math alphabet change to frozen version normal on input line 6.
LaTeX Font Info:    No math alphabet change to frozen version normal on input line 6.
LaTeX Font Info:    No math alphabet change to frozen version normal on input line 6.
LaTeX Font Info:    No math alphabet change to frozen version normal on input line 6.
LaTeX Font Info:    No math alphabet change to frozen version normal on input line 6.
LaTeX Font Info:    No math alphabet change to frozen version normal on input line 6.
LaTeX Font Info:    No math alphabet change to frozen version normal on input line 6.
LaTeX Font Info:    No math alphabet change to frozen version normal on input line 6.
LaTeX Font Info:    No math alphabet change to frozen version normal on input line 8.
LaTeX Font Info:    No math alphabet change to frozen version normal on input line 8.
LaTeX Font Info:    No math alphabet change to frozen version normal on input line 8.
LaTeX Font Info:    No math alphabet change to frozen version normal on input line 8.
LaTeX Font Info:    No math alphabet change to frozen version normal on input line 8.
LaTeX Font Info:    No math alphabet change to frozen version normal on input line 8.
LaTeX Font Info:    No math alphabet change to frozen version normal on input line 8.
LaTeX Font Info:    No math alphabet change to frozen version normal on input line 8.
LaTeX Font Info:    No math alphabet change to frozen version normal on input line 8.
LaTeX Font Info:    No math alphabet change to frozen version normal on input line 8.
LaTeX Font Info:    No math alphabet change to frozen version normal on input line 8.
LaTeX Font Info:    No math alphabet change to frozen version normal on input line 8.
LaTeX Font Info:    No math alphabet change to frozen version normal on input line 8.
LaTeX Font Info:    No math alphabet change to frozen version normal on input line 8.
LaTeX Font Info:    No math alphabet change to frozen version normal on input line 8.
LaTeX Font Info:    No math alphabet change to frozen version normal on input line 8.
LaTeX Font Info:    No math alphabet change to frozen version normal on input line 8.
LaTeX Font Info:    No math alphabet change to frozen version normal on input line 8.
LaTeX Font Info:    No math alphabet change to frozen version normal on input line 8.
LaTeX Font Info:    No math alphabet change to frozen version normal on input line 8.


[175]
LaTeX Font Info:    No math alphabet change to frozen version normal on input line 13.
LaTeX Font Info:    No math alphabet change to frozen version normal on input line 13.
LaTeX Font Info:    No math alphabet change to frozen version normal on input line 13.
LaTeX Font Info:    No math alphabet change to frozen version normal on input line 14.
LaTeX Font Info:    No math alphabet change to frozen version normal on input line 14.
LaTeX Font Info:    No math alphabet change to frozen version normal on input line 14.
LaTeX Font Info:    No math alphabet change to frozen version normal on input line 16.
LaTeX Font Info:    No math alphabet change to frozen version normal on input line 16.
LaTeX Font Info:    No math alphabet change to frozen version normal on input line 21.
LaTeX Font Info:    No math alphabet change to frozen version normal on input line 21.
LaTeX Font Info:    No math alphabet change to frozen version normal on input line 21.
LaTeX Font Info:    No math alphabet change to frozen version normal on input line 21.
LaTeX Font Info:    No math alphabet change to frozen version normal on input line 21.
LaTeX Font Info:    No math alphabet change to frozen version normal on input line 21.
LaTeX Font Info:    No math alphabet change to frozen version normal on input line 21.
LaTeX Font Info:    No math alphabet change to frozen version normal on input line 21.
LaTeX Font Info:    No math alphabet change to frozen version normal on input line 21.
LaTeX Font Info:    No math alphabet change to frozen version normal on input line 21.
LaTeX Font Info:    No math alphabet change to frozen version normal on input line 21.
LaTeX Font Info:    No math alphabet change to frozen version normal on input line 21.
LaTeX Font Info:    No math alphabet change to frozen version normal on input line 21.
LaTeX Font Info:    No math alphabet change to frozen version normal on input line 21.
LaTeX Font Info:    No math alphabet change to frozen version normal on input line 21.
LaTeX Font Info:    No math alphabet change to frozen version normal on input line 21.
LaTeX Font Info:    No math alphabet change to frozen version normal on input line 21.
LaTeX Font Info:    No math alphabet change to frozen version normal on input line 22.
LaTeX Font Info:    No math alphabet change to frozen version normal on input line 23.
LaTeX Font Info:    No math alphabet change to frozen version normal on input line 23.
LaTeX Font Info:    No math alphabet change to frozen version normal on input line 23.
LaTeX Font Info:    No math alphabet change to frozen version normal on input line 23.
) (../_definitions/definition_coproduct_of_modules_of_rings.tex
LaTeX Font Info:    No math alphabet change to frozen version normal on input line 2.
LaTeX Font Info:    No math alphabet change to frozen version normal on input line 2.
LaTeX Font Info:    No math alphabet change to frozen version normal on input line 2.
LaTeX Font Info:    No math alphabet change to frozen version normal on input line 2.
LaTeX Font Info:    No math alphabet change to frozen version normal on input line 5.
LaTeX Font Info:    No math alphabet change to frozen version normal on input line 5.
LaTeX Font Info:    No math alphabet change to frozen version normal on input line 5.
LaTeX Font Info:    No math alphabet change to frozen version normal on input line 5.
LaTeX Font Info:    No math alphabet change to frozen version normal on input line 5.
LaTeX Font Info:    No math alphabet change to frozen version normal on input line 5.
LaTeX Font Info:    No math alphabet change to frozen version normal on input line 5.
LaTeX Font Info:    No math alphabet change to frozen version normal on input line 5.
LaTeX Font Info:    No math alphabet change to frozen version normal on input line 5.
LaTeX Font Info:    No math alphabet change to frozen version normal on input line 5.
LaTeX Font Info:    No math alphabet change to frozen version normal on input line 6.
LaTeX Font Info:    No math alphabet change to frozen version normal on input line 6.
LaTeX Font Info:    No math alphabet change to frozen version normal on input line 10.
LaTeX Font Info:    No math alphabet change to frozen version normal on input line 11.
LaTeX Font Info:    No math alphabet change to frozen version normal on input line 12.
LaTeX Font Info:    No math alphabet change to frozen version normal on input line 12.
LaTeX Font Info:    No math alphabet change to frozen version normal on input line 14.
LaTeX Font Info:    No math alphabet change to frozen version normal on input line 14.
LaTeX Font Info:    No math alphabet change to frozen version normal on input line 16.
LaTeX Font Info:    No math alphabet change to frozen version normal on input line 17.
LaTeX Font Info:    No math alphabet change to frozen version normal on input line 17.
LaTeX Font Info:    No math alphabet change to frozen version normal on input line 17.
LaTeX Font Info:    No math alphabet change to frozen version normal on input line 19.
LaTeX Font Info:    No math alphabet change to frozen version normal on input line 19.
LaTeX Font Info:    No math alphabet change to frozen version normal on input line 19.
LaTeX Font Info:    No math alphabet change to frozen version normal on input line 19.
LaTeX Font Info:    No math alphabet change to frozen version normal on input line 19.
LaTeX Font Info:    No math alphabet change to frozen version normal on input line 19.
LaTeX Font Info:    No math alphabet change to frozen version normal on input line 19.
LaTeX Font Info:    No math alphabet change to frozen version normal on input line 19.
) (../_definitions/definition_opposite_ring_of_a_ring.tex
LaTeX Font Info:    No math alphabet change to frozen version normal on input line 2.
LaTeX Font Info:    No math alphabet change to frozen version normal on input line 2.
LaTeX Font Info:    No math alphabet change to frozen version normal on input line 2.
LaTeX Font Info:    No math alphabet change to frozen version normal on input line 2.
LaTeX Font Info:    No math alphabet change to frozen version normal on input line 2.
LaTeX Font Info:    No math alphabet change to frozen version normal on input line 4.
LaTeX Font Info:    No math alphabet change to frozen version normal on input line 4.
LaTeX Font Info:    No math alphabet change to frozen version normal on input line 4.
LaTeX Font Info:    No math alphabet change to frozen version normal on input line 4.
LaTeX Font Info:    No math alphabet change to frozen version normal on input line 4.
LaTeX Font Info:    No math alphabet change to frozen version normal on input line 4.
LaTeX Font Info:    No math alphabet change to frozen version normal on input line 4.
LaTeX Font Info:    No math alphabet change to frozen version normal on input line 4.
LaTeX Font Info:    No math alphabet change to frozen version normal on input line 4.


[176]
LaTeX Font Info:    No math alphabet change to frozen version normal on input line 5.
LaTeX Font Info:    No math alphabet change to frozen version normal on input line 6.
LaTeX Font Info:    No math alphabet change to frozen version normal on input line 8.
LaTeX Font Info:    No math alphabet change to frozen version normal on input line 8.
LaTeX Font Info:    No math alphabet change to frozen version normal on input line 10.
LaTeX Font Info:    No math alphabet change to frozen version normal on input line 10.
LaTeX Font Info:    No math alphabet change to frozen version normal on input line 10.
) (../_definitions/definition_tensor_product_of_bimodules_of_rings.tex
LaTeX Font Info:    No math alphabet change to frozen version normal on input line 2.
LaTeX Font Info:    No math alphabet change to frozen version normal on input line 2.
LaTeX Font Info:    No math alphabet change to frozen version normal on input line 2.
LaTeX Font Info:    No math alphabet change to frozen version normal on input line 2.
LaTeX Font Info:    No math alphabet change to frozen version normal on input line 2.
LaTeX Font Info:    No math alphabet change to frozen version normal on input line 2.
LaTeX Font Info:    No math alphabet change to frozen version normal on input line 2.
LaTeX Font Info:    No math alphabet change to frozen version normal on input line 2.
LaTeX Font Info:    No math alphabet change to frozen version normal on input line 2.
LaTeX Font Info:    No math alphabet change to frozen version normal on input line 2.
LaTeX Font Info:    No math alphabet change to frozen version normal on input line 3.
LaTeX Font Info:    No math alphabet change to frozen version normal on input line 8.
LaTeX Font Info:    No math alphabet change to frozen version normal on input line 8.
LaTeX Font Info:    No math alphabet change to frozen version normal on input line 8.
LaTeX Font Info:    No math alphabet change to frozen version normal on input line 8.
LaTeX Font Info:    No math alphabet change to frozen version normal on input line 8.
LaTeX Font Info:    No math alphabet change to frozen version normal on input line 8.
LaTeX Font Info:    No math alphabet change to frozen version normal on input line 8.
LaTeX Font Info:    No math alphabet change to frozen version normal on input line 8.
LaTeX Font Info:    No math alphabet change to frozen version normal on input line 8.
LaTeX Font Info:    No math alphabet change to frozen version normal on input line 8.
LaTeX Font Info:    No math alphabet change to frozen version normal on input line 8.
LaTeX Font Info:    No math alphabet change to frozen version normal on input line 8.
LaTeX Font Info:    No math alphabet change to frozen version normal on input line 8.
LaTeX Font Info:    No math alphabet change to frozen version normal on input line 8.
LaTeX Font Info:    No math alphabet change to frozen version normal on input line 8.
LaTeX Font Info:    No math alphabet change to frozen version normal on input line 8.
LaTeX Font Info:    No math alphabet change to frozen version normal on input line 9.
LaTeX Font Info:    No math alphabet change to frozen version normal on input line 9.
LaTeX Font Info:    No math alphabet change to frozen version normal on input line 9.
LaTeX Font Info:    No math alphabet change to frozen version normal on input line 9.
LaTeX Font Info:    No math alphabet change to frozen version normal on input line 9.
LaTeX Font Info:    No math alphabet change to frozen version normal on input line 9.
LaTeX Font Info:    No math alphabet change to frozen version normal on input line 9.
LaTeX Font Info:    No math alphabet change to frozen version normal on input line 9.
LaTeX Font Info:    No math alphabet change to frozen version normal on input line 9.
LaTeX Font Info:    No math alphabet change to frozen version normal on input line 9.
LaTeX Font Info:    No math alphabet change to frozen version normal on input line 9.
LaTeX Font Info:    No math alphabet change to frozen version normal on input line 9.
LaTeX Font Info:    No math alphabet change to frozen version normal on input line 9.
LaTeX Font Info:    No math alphabet change to frozen version normal on input line 9.
LaTeX Font Info:    No math alphabet change to frozen version normal on input line 9.
LaTeX Font Info:    No math alphabet change to frozen version normal on input line 9.
LaTeX Font Info:    No math alphabet change to frozen version normal on input line 9.
LaTeX Font Info:    No math alphabet change to frozen version normal on input line 9.
LaTeX Font Info:    No math alphabet change to frozen version normal on input line 10.
LaTeX Font Info:    No math alphabet change to frozen version normal on input line 11.
LaTeX Font Info:    No math alphabet change to frozen version normal on input line 11.
LaTeX Font Info:    No math alphabet change to frozen version normal on input line 11.
LaTeX Font Info:    No math alphabet change to frozen version normal on input line 11.
LaTeX Font Info:    No math alphabet change to frozen version normal on input line 11.
LaTeX Font Info:    No math alphabet change to frozen version normal on input line 11.
LaTeX Font Info:    No math alphabet change to frozen version normal on input line 11.
LaTeX Font Info:    No math alphabet change to frozen version normal on input line 11.
LaTeX Font Info:    No math alphabet change to frozen version normal on input line 12.
LaTeX Font Info:    No math alphabet change to frozen version normal on input line 18.
LaTeX Font Info:    No math alphabet change to frozen version normal on input line 18.
LaTeX Font Info:    No math alphabet change to frozen version normal on input line 18.
LaTeX Font Info:    No math alphabet change to frozen version normal on input line 18.
LaTeX Font Info:    No math alphabet change to frozen version normal on input line 18.
LaTeX Font Info:    No math alphabet change to frozen version normal on input line 18.
LaTeX Font Info:    No math alphabet change to frozen version normal on input line 18.
LaTeX Font Info:    No math alphabet change to frozen version normal on input line 18.
LaTeX Font Info:    No math alphabet change to frozen version normal on input line 18.
LaTeX Font Info:    No math alphabet change to frozen version normal on input line 18.
LaTeX Font Info:    No math alphabet change to frozen version normal on input line 18.
LaTeX Font Info:    No math alphabet change to frozen version normal on input line 18.
LaTeX Font Info:    No math alphabet change to frozen version normal on input line 18.
LaTeX Font Info:    No math alphabet change to frozen version normal on input line 18.
LaTeX Font Info:    No math alphabet change to frozen version normal on input line 18.
LaTeX Font Info:    No math alphabet change to frozen version normal on input line 18.
LaTeX Font Info:    No math alphabet change to frozen version normal on input line 20.
LaTeX Font Info:    No math alphabet change to frozen version normal on input line 20.
LaTeX Font Info:    No math alphabet change to frozen version normal on input line 24.
LaTeX Font Info:    No math alphabet change to frozen version normal on input line 24.
LaTeX Font Info:    No math alphabet change to frozen version normal on input line 24.
LaTeX Font Info:    No math alphabet change to frozen version normal on input line 24.
LaTeX Font Info:    No math alphabet change to frozen version normal on input line 24.
LaTeX Font Info:    No math alphabet change to frozen version normal on input line 24.
LaTeX Font Info:    No math alphabet change to frozen version normal on input line 24.
LaTeX Font Info:    No math alphabet change to frozen version normal on input line 24.
LaTeX Font Info:    No math alphabet change to frozen version normal on input line 24.
LaTeX Font Info:    No math alphabet change to frozen version normal on input line 24.
LaTeX Font Info:    No math alphabet change to frozen version normal on input line 24.
LaTeX Font Info:    No math alphabet change to frozen version normal on input line 24.
LaTeX Font Info:    No math alphabet change to frozen version normal on input line 25.
LaTeX Font Info:    No math alphabet change to frozen version normal on input line 25.
LaTeX Font Info:    No math alphabet change to frozen version normal on input line 25.
LaTeX Font Info:    No math alphabet change to frozen version normal on input line 25.
LaTeX Font Info:    No math alphabet change to frozen version normal on input line 27.
LaTeX Font Info:    No math alphabet change to frozen version normal on input line 27.
LaTeX Font Info:    No math alphabet change to frozen version normal on input line 27.
LaTeX Font Info:    No math alphabet change to frozen version normal on input line 27.
LaTeX Font Info:    No math alphabet change to frozen version normal on input line 28.
LaTeX Font Info:    No math alphabet change to frozen version normal on input line 29.
LaTeX Font Info:    No math alphabet change to frozen version normal on input line 29.
LaTeX Font Info:    No math alphabet change to frozen version normal on input line 29.


[177]
LaTeX Font Info:    No math alphabet change to frozen version normal on input line 30.
LaTeX Font Info:    No math alphabet change to frozen version normal on input line 31.
LaTeX Font Info:    No math alphabet change to frozen version normal on input line 38.
LaTeX Font Info:    No math alphabet change to frozen version normal on input line 38.
LaTeX Font Info:    No math alphabet change to frozen version normal on input line 38.
LaTeX Font Info:    No math alphabet change to frozen version normal on input line 38.
LaTeX Font Info:    No math alphabet change to frozen version normal on input line 38.
LaTeX Font Info:    No math alphabet change to frozen version normal on input line 38.
LaTeX Font Info:    No math alphabet change to frozen version normal on input line 38.
LaTeX Font Info:    No math alphabet change to frozen version normal on input line 38.
LaTeX Font Info:    No math alphabet change to frozen version normal on input line 38.
LaTeX Font Info:    No math alphabet change to frozen version normal on input line 38.
LaTeX Font Info:    No math alphabet change to frozen version normal on input line 38.
LaTeX Font Info:    No math alphabet change to frozen version normal on input line 38.
LaTeX Font Info:    No math alphabet change to frozen version normal on input line 38.
LaTeX Font Info:    No math alphabet change to frozen version normal on input line 38.
LaTeX Font Info:    No math alphabet change to frozen version normal on input line 38.
) (../_definitions/definition_tensor_product_of_a_ring_and_an_algebra_over_a_ring.tex
LaTeX Font Info:    No math alphabet change to frozen version normal on input line 2.
LaTeX Font Info:    No math alphabet change to frozen version normal on input line 2.
LaTeX Font Info:    No math alphabet change to frozen version normal on input line 2.
LaTeX Font Info:    No math alphabet change to frozen version normal on input line 2.
LaTeX Font Info:    No math alphabet change to frozen version normal on input line 2.
LaTeX Font Info:    No math alphabet change to frozen version normal on input line 2.
LaTeX Font Info:    No math alphabet change to frozen version normal on input line 2.
LaTeX Font Info:    No math alphabet change to frozen version normal on input line 2.
LaTeX Font Info:    No math alphabet change to frozen version normal on input line 2.
LaTeX Font Info:    No math alphabet change to frozen version normal on input line 2.
LaTeX Font Info:    No math alphabet change to frozen version normal on input line 2.
LaTeX Font Info:    No math alphabet change to frozen version normal on input line 2.
LaTeX Font Info:    No math alphabet change to frozen version normal on input line 2.
LaTeX Font Info:    No math alphabet change to frozen version normal on input line 2.
LaTeX Font Info:    No math alphabet change to frozen version normal on input line 5.
LaTeX Font Info:    No math alphabet change to frozen version normal on input line 6.
LaTeX Font Info:    No math alphabet change to frozen version normal on input line 6.
LaTeX Font Info:    No math alphabet change to frozen version normal on input line 7.
LaTeX Font Info:    No math alphabet change to frozen version normal on input line 8.
LaTeX Font Info:    No math alphabet change to frozen version normal on input line 10.
LaTeX Font Info:    No math alphabet change to frozen version normal on input line 10.
LaTeX Font Info:    No math alphabet change to frozen version normal on input line 10.
LaTeX Font Info:    No math alphabet change to frozen version normal on input line 10.
LaTeX Font Info:    No math alphabet change to frozen version normal on input line 13.
LaTeX Font Info:    No math alphabet change to frozen version normal on input line 15.
LaTeX Font Info:    No math alphabet change to frozen version normal on input line 15.
LaTeX Font Info:    No math alphabet change to frozen version normal on input line 15.
LaTeX Font Info:    No math alphabet change to frozen version normal on input line 15.
LaTeX Font Info:    No math alphabet change to frozen version normal on input line 15.
) (../_concepts/theorem_category_of_R_S_bimodules_is_equivalent_to_the_category_of_left_R_otimes_Z_S_op_modules.tex
LaTeX Font Info:    No math alphabet change to frozen version normal on input line 2.
LaTeX Font Info:    No math alphabet change to frozen version normal on input line 2.
LaTeX Font Info:    No math alphabet change to frozen version normal on input line 3.
LaTeX Font Info:    No math alphabet change to frozen version normal on input line 3.
LaTeX Font Info:    No math alphabet change to frozen version normal on input line 3.
) (../_definitions/definition_grothendieck_universe.tex
LaTeX Font Info:    No math alphabet change to frozen version normal on input line 2.
LaTeX Font Info:    No math alphabet change to frozen version normal on input line 2.
LaTeX Font Info:    No math alphabet change to frozen version normal on input line 4.
LaTeX Font Info:    No math alphabet change to frozen version normal on input line 4.
LaTeX Font Info:    No math alphabet change to frozen version normal on input line 4.
LaTeX Font Info:    No math alphabet change to frozen version normal on input line 5.
LaTeX Font Info:    No math alphabet change to frozen version normal on input line 5.
LaTeX Font Info:    No math alphabet change to frozen version normal on input line 6.
LaTeX Font Info:    No math alphabet change to frozen version normal on input line 6.
LaTeX Font Info:    No math alphabet change to frozen version normal on input line 7.
LaTeX Font Info:    No math alphabet change to frozen version normal on input line 7.
LaTeX Font Info:    No math alphabet change to frozen version normal on input line 7.
LaTeX Font Info:    No math alphabet change to frozen version normal on input line 7.
LaTeX Font Info:    No math alphabet change to frozen version normal on input line 9.
LaTeX Font Info:    No math alphabet change to frozen version normal on input line 9.
LaTeX Font Info:    No math alphabet change to frozen version normal on input line 9.
LaTeX Font Info:    No math alphabet change to frozen version normal on input line 9.
LaTeX Font Info:    No math alphabet change to frozen version normal on input line 9.
LaTeX Font Info:    No math alphabet change to frozen version normal on input line 9.
LaTeX Font Info:    No math alphabet change to frozen version normal on input line 9.
LaTeX Font Info:    No math alphabet change to frozen version normal on input line 9.
LaTeX Font Info:    No math alphabet change to frozen version normal on input line 9.
LaTeX Font Info:    No math alphabet change to frozen version normal on input line 9.
LaTeX Font Info:    No math alphabet change to frozen version normal on input line 9.
LaTeX Font Info:    No math alphabet change to frozen version normal on input line 9.
LaTeX Font Info:    No math alphabet change to frozen version normal on input line 9.
LaTeX Font Info:    No math alphabet change to frozen version normal on input line 9.
LaTeX Font Info:    No math alphabet change to frozen version normal on input line 9.
LaTeX Font Info:    No math alphabet change to frozen version normal on input line 9.
) (../_definitions/definition_reflects_a_type_of_morphism_for_a_functor_between_categories.tex
LaTeX Font Info:    No math alphabet change to frozen version normal on input line 3.
LaTeX Font Info:    No math alphabet change to frozen version normal on input line 3.
LaTeX Font Info:    No math alphabet change to frozen version normal on input line 3.
LaTeX Font Info:    No math alphabet change to frozen version normal on input line 3.
LaTeX Font Info:    No math alphabet change to frozen version normal on input line 3.
LaTeX Font Info:    No math alphabet change to frozen version normal on input line 3.
LaTeX Font Info:    No math alphabet change to frozen version normal on input line 3.
LaTeX Font Info:    No math alphabet change to frozen version normal on input line 3.
LaTeX Font Info:    No math alphabet change to frozen version normal on input line 3.
LaTeX Font Info:    No math alphabet change to frozen version normal on input line 3.
LaTeX Font Info:    No math alphabet change to frozen version normal on input line 3.
LaTeX Font Info:    No math alphabet change to frozen version normal on input line 3.
LaTeX Font Info:    No math alphabet change to frozen version normal on input line 3.
LaTeX Font Info:    No math alphabet change to frozen version normal on input line 3.
LaTeX Font Info:    No math alphabet change to frozen version normal on input line 3.
LaTeX Font Info:    No math alphabet change to frozen version normal on input line 3.
LaTeX Font Info:    No math alphabet change to frozen version normal on input line 3.
LaTeX Font Info:    No math alphabet change to frozen version normal on input line 3.
) (../_definitions/definition_adjoint_functors_between_categories_unit_counit_of_adjoint_functors.tex
LaTeX Font Info:    No math alphabet change to frozen version normal on input line 2.
LaTeX Font Info:    No math alphabet change to frozen version normal on input line 2.
LaTeX Font Info:    No math alphabet change to frozen version normal on input line 2.
LaTeX Font Info:    No math alphabet change to frozen version normal on input line 2.
LaTeX Font Info:    No math alphabet change to frozen version normal on input line 4.
LaTeX Font Info:    No math alphabet change to frozen version normal on input line 4.
LaTeX Font Info:    No math alphabet change to frozen version normal on input line 4.
LaTeX Font Info:    No math alphabet change to frozen version normal on input line 4.
LaTeX Font Info:    No math alphabet change to frozen version normal on input line 4.
LaTeX Font Info:    No math alphabet change to frozen version normal on input line 4.
LaTeX Font Info:    No math alphabet change to frozen version normal on input line 4.
LaTeX Font Info:    No math alphabet change to frozen version normal on input line 4.
LaTeX Font Info:    No math alphabet change to frozen version normal on input line 4.
LaTeX Font Info:    No math alphabet change to frozen version normal on input line 4.
LaTeX Font Info:    No math alphabet change to frozen version normal on input line 4.
LaTeX Font Info:    No math alphabet change to frozen version normal on input line 4.


[178]
LaTeX Font Info:    No math alphabet change to frozen version normal on input line 6.
LaTeX Font Info:    No math alphabet change to frozen version normal on input line 7.
LaTeX Font Info:    No math alphabet change to frozen version normal on input line 8.
LaTeX Font Info:    No math alphabet change to frozen version normal on input line 8.
LaTeX Font Info:    No math alphabet change to frozen version normal on input line 9.
LaTeX Font Info:    No math alphabet change to frozen version normal on input line 9.
LaTeX Font Info:    No math alphabet change to frozen version normal on input line 13.
LaTeX Font Info:    No math alphabet change to frozen version normal on input line 13.
LaTeX Font Info:    No math alphabet change to frozen version normal on input line 15.
LaTeX Font Info:    No math alphabet change to frozen version normal on input line 15.
LaTeX Font Info:    No math alphabet change to frozen version normal on input line 15.
LaTeX Font Info:    No math alphabet change to frozen version normal on input line 15.
LaTeX Font Info:    No math alphabet change to frozen version normal on input line 15.
LaTeX Font Info:    No math alphabet change to frozen version normal on input line 15.
LaTeX Font Info:    No math alphabet change to frozen version normal on input line 15.
LaTeX Font Info:    No math alphabet change to frozen version normal on input line 15.
LaTeX Font Info:    No math alphabet change to frozen version normal on input line 15.
LaTeX Font Info:    No math alphabet change to frozen version normal on input line 15.
LaTeX Font Info:    No math alphabet change to frozen version normal on input line 15.
LaTeX Font Info:    No math alphabet change to frozen version normal on input line 15.
LaTeX Font Info:    No math alphabet change to frozen version normal on input line 15.
LaTeX Font Info:    No math alphabet change to frozen version normal on input line 15.
LaTeX Font Info:    No math alphabet change to frozen version normal on input line 15.
LaTeX Font Info:    No math alphabet change to frozen version normal on input line 15.
LaTeX Font Info:    No math alphabet change to frozen version normal on input line 15.
LaTeX Font Info:    No math alphabet change to frozen version normal on input line 15.
LaTeX Font Info:    No math alphabet change to frozen version normal on input line 15.
LaTeX Font Info:    No math alphabet change to frozen version normal on input line 15.
LaTeX Font Info:    No math alphabet change to frozen version normal on input line 15.
LaTeX Font Info:    No math alphabet change to frozen version normal on input line 15.
LaTeX Font Info:    No math alphabet change to frozen version normal on input line 15.
LaTeX Font Info:    No math alphabet change to frozen version normal on input line 15.
LaTeX Font Info:    No math alphabet change to frozen version normal on input line 15.
LaTeX Font Info:    No math alphabet change to frozen version normal on input line 15.
LaTeX Font Info:    No math alphabet change to frozen version normal on input line 15.
LaTeX Font Info:    No math alphabet change to frozen version normal on input line 15.
LaTeX Font Info:    No math alphabet change to frozen version normal on input line 15.
LaTeX Font Info:    No math alphabet change to frozen version normal on input line 17.
LaTeX Font Info:    No math alphabet change to frozen version normal on input line 17.
LaTeX Font Info:    No math alphabet change to frozen version normal on input line 19.
LaTeX Font Info:    No math alphabet change to frozen version normal on input line 19.
LaTeX Font Info:    No math alphabet change to frozen version normal on input line 19.
LaTeX Font Info:    No math alphabet change to frozen version normal on input line 19.
LaTeX Font Info:    No math alphabet change to frozen version normal on input line 19.
LaTeX Font Info:    No math alphabet change to frozen version normal on input line 19.
LaTeX Font Info:    No math alphabet change to frozen version normal on input line 19.
LaTeX Font Info:    No math alphabet change to frozen version normal on input line 19.
LaTeX Font Info:    No math alphabet change to frozen version normal on input line 19.
LaTeX Font Info:    No math alphabet change to frozen version normal on input line 19.
LaTeX Font Info:    No math alphabet change to frozen version normal on input line 19.
LaTeX Font Info:    No math alphabet change to frozen version normal on input line 19.
LaTeX Font Info:    No math alphabet change to frozen version normal on input line 19.
LaTeX Font Info:    No math alphabet change to frozen version normal on input line 19.
LaTeX Font Info:    No math alphabet change to frozen version normal on input line 19.
LaTeX Font Info:    No math alphabet change to frozen version normal on input line 19.
LaTeX Font Info:    No math alphabet change to frozen version normal on input line 19.
LaTeX Font Info:    No math alphabet change to frozen version normal on input line 19.
LaTeX Font Info:    No math alphabet change to frozen version normal on input line 19.
LaTeX Font Info:    No math alphabet change to frozen version normal on input line 19.
LaTeX Font Info:    No math alphabet change to frozen version normal on input line 19.
LaTeX Font Info:    No math alphabet change to frozen version normal on input line 19.
LaTeX Font Info:    No math alphabet change to frozen version normal on input line 19.
LaTeX Font Info:    No math alphabet change to frozen version normal on input line 19.
LaTeX Font Info:    No math alphabet change to frozen version normal on input line 19.
LaTeX Font Info:    No math alphabet change to frozen version normal on input line 19.
LaTeX Font Info:    No math alphabet change to frozen version normal on input line 19.
LaTeX Font Info:    No math alphabet change to frozen version normal on input line 19.
LaTeX Font Info:    No math alphabet change to frozen version normal on input line 19.
LaTeX Font Info:    No math alphabet change to frozen version normal on input line 22.
LaTeX Font Info:    No math alphabet change to frozen version normal on input line 22.
LaTeX Font Info:    No math alphabet change to frozen version normal on input line 22.
LaTeX Font Info:    No math alphabet change to frozen version normal on input line 22.
LaTeX Font Info:    No math alphabet change to frozen version normal on input line 22.
LaTeX Font Info:    No math alphabet change to frozen version normal on input line 22.
LaTeX Font Info:    No math alphabet change to frozen version normal on input line 22.
LaTeX Font Info:    No math alphabet change to frozen version normal on input line 22.
LaTeX Font Info:    No math alphabet change to frozen version normal on input line 22.
LaTeX Font Info:    No math alphabet change to frozen version normal on input line 22.
LaTeX Font Info:    No math alphabet change to frozen version normal on input line 22.
LaTeX Font Info:    No math alphabet change to frozen version normal on input line 22.
LaTeX Font Info:    No math alphabet change to frozen version normal on input line 22.
LaTeX Font Info:    No math alphabet change to frozen version normal on input line 22.
LaTeX Font Info:    No math alphabet change to frozen version normal on input line 22.
LaTeX Font Info:    No math alphabet change to frozen version normal on input line 22.
LaTeX Font Info:    No math alphabet change to frozen version normal on input line 22.
LaTeX Font Info:    No math alphabet change to frozen version normal on input line 31.
LaTeX Font Info:    No math alphabet change to frozen version normal on input line 31.
LaTeX Font Info:    No math alphabet change to frozen version normal on input line 31.
LaTeX Font Info:    No math alphabet change to frozen version normal on input line 31.
LaTeX Font Info:    No math alphabet change to frozen version normal on input line 31.
LaTeX Font Info:    No math alphabet change to frozen version normal on input line 31.
LaTeX Font Info:    No math alphabet change to frozen version normal on input line 31.
LaTeX Font Info:    No math alphabet change to frozen version normal on input line 31.
LaTeX Font Info:    No math alphabet change to frozen version normal on input line 31.
LaTeX Font Info:    No math alphabet change to frozen version normal on input line 34.
LaTeX Font Info:    No math alphabet change to frozen version normal on input line 34.
LaTeX Font Info:    No math alphabet change to frozen version normal on input line 34.
LaTeX Font Info:    No math alphabet change to frozen version normal on input line 34.
LaTeX Font Info:    No math alphabet change to frozen version normal on input line 34.
LaTeX Font Info:    No math alphabet change to frozen version normal on input line 34.
LaTeX Font Info:    No math alphabet change to frozen version normal on input line 34.
LaTeX Font Info:    No math alphabet change to frozen version normal on input line 34.
LaTeX Font Info:    No math alphabet change to frozen version normal on input line 34.
LaTeX Font Info:    No math alphabet change to frozen version normal on input line 34.
LaTeX Font Info:    No math alphabet change to frozen version normal on input line 34.
LaTeX Font Info:    No math alphabet change to frozen version normal on input line 34.
LaTeX Font Info:    No math alphabet change to frozen version normal on input line 34.
LaTeX Font Info:    No math alphabet change to frozen version normal on input line 34.
LaTeX Font Info:    No math alphabet change to frozen version normal on input line 34.
LaTeX Font Info:    No math alphabet change to frozen version normal on input line 34.
LaTeX Font Info:    No math alphabet change to frozen version normal on input line 34.
LaTeX Font Info:    No math alphabet change to frozen version normal on input line 34.
LaTeX Font Info:    No math alphabet change to frozen version normal on input line 34.
LaTeX Font Info:    No math alphabet change to frozen version normal on input line 34.
LaTeX Font Info:    No math alphabet change to frozen version normal on input line 34.
LaTeX Font Info:    No math alphabet change to frozen version normal on input line 34.
LaTeX Font Info:    No math alphabet change to frozen version normal on input line 35.
LaTeX Font Info:    No math alphabet change to frozen version normal on input line 35.
LaTeX Font Info:    No math alphabet change to frozen version normal on input line 36.
LaTeX Font Info:    No math alphabet change to frozen version normal on input line 41.
LaTeX Font Info:    No math alphabet change to frozen version normal on input line 41.
LaTeX Font Info:    No math alphabet change to frozen version normal on input line 41.
LaTeX Font Info:    No math alphabet change to frozen version normal on input line 41.
LaTeX Font Info:    No math alphabet change to frozen version normal on input line 41.
LaTeX Font Info:    No math alphabet change to frozen version normal on input line 41.
LaTeX Font Info:    No math alphabet change to frozen version normal on input line 41.
LaTeX Font Info:    No math alphabet change to frozen version normal on input line 41.
LaTeX Font Info:    No math alphabet change to frozen version normal on input line 41.
LaTeX Font Info:    No math alphabet change to frozen version normal on input line 41.
LaTeX Font Info:    No math alphabet change to frozen version normal on input line 41.
LaTeX Font Info:    No math alphabet change to frozen version normal on input line 41.
LaTeX Font Info:    No math alphabet change to frozen version normal on input line 44.
LaTeX Font Info:    No math alphabet change to frozen version normal on input line 46.
LaTeX Font Info:    No math alphabet change to frozen version normal on input line 46.
LaTeX Font Info:    No math alphabet change to frozen version normal on input line 46.
LaTeX Font Info:    No math alphabet change to frozen version normal on input line 46.
LaTeX Font Info:    No math alphabet change to frozen version normal on input line 47.
LaTeX Font Info:    No math alphabet change to frozen version normal on input line 47.
LaTeX Font Info:    No math alphabet change to frozen version normal on input line 47.
LaTeX Font Info:    No math alphabet change to frozen version normal on input line 47.
LaTeX Font Info:    No math alphabet change to frozen version normal on input line 47.
LaTeX Font Info:    No math alphabet change to frozen version normal on input line 47.
LaTeX Font Info:    No math alphabet change to frozen version normal on input line 47.
LaTeX Font Info:    No math alphabet change to frozen version normal on input line 47.
LaTeX Font Info:    No math alphabet change to frozen version normal on input line 47.
LaTeX Font Info:    No math alphabet change to frozen version normal on input line 49.
LaTeX Font Info:    No math alphabet change to frozen version normal on input line 49.
LaTeX Font Info:    No math alphabet change to frozen version normal on input line 49.
LaTeX Font Info:    No math alphabet change to frozen version normal on input line 49.
LaTeX Font Info:    No math alphabet change to frozen version normal on input line 50.
LaTeX Font Info:    No math alphabet change to frozen version normal on input line 50.
LaTeX Font Info:    No math alphabet change to frozen version normal on input line 50.
LaTeX Font Info:    No math alphabet change to frozen version normal on input line 50.
LaTeX Font Info:    No math alphabet change to frozen version normal on input line 50.
LaTeX Font Info:    No math alphabet change to frozen version normal on input line 50.
LaTeX Font Info:    No math alphabet change to frozen version normal on input line 50.
LaTeX Font Info:    No math alphabet change to frozen version normal on input line 50.
LaTeX Font Info:    No math alphabet change to frozen version normal on input line 50.
) (../_definitions/definition_continuous_cocontinuous_functor_between_categories.tex
LaTeX Font Info:    No math alphabet change to frozen version normal on input line 2.
LaTeX Font Info:    No math alphabet change to frozen version normal on input line 2.
LaTeX Font Info:    No math alphabet change to frozen version normal on input line 2.
LaTeX Font Info:    No math alphabet change to frozen version normal on input line 4.
LaTeX Font Info:    No math alphabet change to frozen version normal on input line 4.
LaTeX Font Info:    No math alphabet change to frozen version normal on input line 4.
LaTeX Font Info:    No math alphabet change to frozen version normal on input line 4.
LaTeX Font Info:    No math alphabet change to frozen version normal on input line 4.
LaTeX Font Info:    No math alphabet change to frozen version normal on input line 4.
LaTeX Font Info:    No math alphabet change to frozen version normal on input line 4.
LaTeX Font Info:    No math alphabet change to frozen version normal on input line 4.
LaTeX Font Info:    No math alphabet change to frozen version normal on input line 5.
LaTeX Font Info:    No math alphabet change to frozen version normal on input line 5.
LaTeX Font Info:    No math alphabet change to frozen version normal on input line 5.
LaTeX Font Info:    No math alphabet change to frozen version normal on input line 5.
LaTeX Font Info:    No math alphabet change to frozen version normal on input line 5.
LaTeX Font Info:    No math alphabet change to frozen version normal on input line 5.
LaTeX Font Info:    No math alphabet change to frozen version normal on input line 5.
LaTeX Font Info:    No math alphabet change to frozen version normal on input line 5.


[179]) (../_definitions/definition_noetherian_ring.tex
LaTeX Font Info:    No math alphabet change to frozen version normal on input line 3.
LaTeX Font Info:    No math alphabet change to frozen version normal on input line 5.
LaTeX Font Info:    No math alphabet change to frozen version normal on input line 5.
LaTeX Font Info:    No math alphabet change to frozen version normal on input line 5.
LaTeX Font Info:    No math alphabet change to frozen version normal on input line 6.
LaTeX Font Info:    No math alphabet change to frozen version normal on input line 7.
LaTeX Font Info:    No math alphabet change to frozen version normal on input line 7.
LaTeX Font Info:    No math alphabet change to frozen version normal on input line 7.
LaTeX Font Info:    No math alphabet change to frozen version normal on input line 7.
LaTeX Font Info:    No math alphabet change to frozen version normal on input line 9.
LaTeX Font Info:    No math alphabet change to frozen version normal on input line 9.
LaTeX Font Info:    No math alphabet change to frozen version normal on input line 9.
LaTeX Font Info:    No math alphabet change to frozen version normal on input line 9.
LaTeX Font Info:    No math alphabet change to frozen version normal on input line 12.
LaTeX Font Info:    No math alphabet change to frozen version normal on input line 12.
LaTeX Font Info:    No math alphabet change to frozen version normal on input line 14.
LaTeX Font Info:    No math alphabet change to frozen version normal on input line 14.
) (../_definitions/definition_finitely_generated_modules_over_rings.tex
LaTeX Font Info:    No math alphabet change to frozen version normal on input line 3.
LaTeX Font Info:    No math alphabet change to frozen version normal on input line 3.
LaTeX Font Info:    No math alphabet change to frozen version normal on input line 5.
LaTeX Font Info:    No math alphabet change to frozen version normal on input line 5.
LaTeX Font Info:    No math alphabet change to frozen version normal on input line 5.
LaTeX Font Info:    No math alphabet change to frozen version normal on input line 9.
) (../_concepts/proposition_limits_and_colimits_in_functor_categories_may_be_computed_pointwise.tex
LaTeX Font Info:    No math alphabet change to frozen version normal on input line 2.
LaTeX Font Info:    No math alphabet change to frozen version normal on input line 2.
LaTeX Font Info:    No math alphabet change to frozen version normal on input line 2.
LaTeX Font Info:    No math alphabet change to frozen version normal on input line 2.
LaTeX Font Info:    No math alphabet change to frozen version normal on input line 2.
LaTeX Font Info:    No math alphabet change to frozen version normal on input line 2.
LaTeX Font Info:    No math alphabet change to frozen version normal on input line 2.
LaTeX Font Info:    No math alphabet change to frozen version normal on input line 2.
LaTeX Font Info:    No math alphabet change to frozen version normal on input line 2.
LaTeX Font Info:    No math alphabet change to frozen version normal on input line 6.
LaTeX Font Info:    No math alphabet change to frozen version normal on input line 6.
LaTeX Font Info:    No math alphabet change to frozen version normal on input line 6.
LaTeX Font Info:    No math alphabet change to frozen version normal on input line 6.
LaTeX Font Info:    No math alphabet change to frozen version normal on input line 6.
LaTeX Font Info:    No math alphabet change to frozen version normal on input line 6.
LaTeX Font Info:    No math alphabet change to frozen version normal on input line 8.
LaTeX Font Info:    No math alphabet change to frozen version normal on input line 8.
LaTeX Font Info:    No math alphabet change to frozen version normal on input line 8.
LaTeX Font Info:    No math alphabet change to frozen version normal on input line 8.
LaTeX Font Info:    No math alphabet change to frozen version normal on input line 8.
LaTeX Font Info:    No math alphabet change to frozen version normal on input line 8.
LaTeX Font Info:    No math alphabet change to frozen version normal on input line 8.
LaTeX Font Info:    No math alphabet change to frozen version normal on input line 8.
LaTeX Font Info:    No math alphabet change to frozen version normal on input line 9.
LaTeX Font Info:    No math alphabet change to frozen version normal on input line 10.
LaTeX Font Info:    No math alphabet change to frozen version normal on input line 10.
LaTeX Font Info:    No math alphabet change to frozen version normal on input line 10.
LaTeX Font Info:    No math alphabet change to frozen version normal on input line 10.
LaTeX Font Info:    No math alphabet change to frozen version normal on input line 13.
LaTeX Font Info:    No math alphabet change to frozen version normal on input line 13.
LaTeX Font Info:    No math alphabet change to frozen version normal on input line 13.
LaTeX Font Info:    No math alphabet change to frozen version normal on input line 13.
LaTeX Font Info:    No math alphabet change to frozen version normal on input line 13.
LaTeX Font Info:    No math alphabet change to frozen version normal on input line 13.
LaTeX Font Info:    No math alphabet change to frozen version normal on input line 15.
LaTeX Font Info:    No math alphabet change to frozen version normal on input line 15.
LaTeX Font Info:    No math alphabet change to frozen version normal on input line 15.
LaTeX Font Info:    No math alphabet change to frozen version normal on input line 15.
LaTeX Font Info:    No math alphabet change to frozen version normal on input line 15.
LaTeX Font Info:    No math alphabet change to frozen version normal on input line 15.
LaTeX Font Info:    No math alphabet change to frozen version normal on input line 15.
LaTeX Font Info:    No math alphabet change to frozen version normal on input line 15.
LaTeX Font Info:    No math alphabet change to frozen version normal on input line 16.
LaTeX Font Info:    No math alphabet change to frozen version normal on input line 17.
LaTeX Font Info:    No math alphabet change to frozen version normal on input line 17.
LaTeX Font Info:    No math alphabet change to frozen version normal on input line 17.
LaTeX Font Info:    No math alphabet change to frozen version normal on input line 17.
) (../_definitions/definition_cartesian_product_of_two_objects_in_a_category_over_an_object.tex
LaTeX Font Info:    No math alphabet change to frozen version normal on input line 2.
LaTeX Font Info:    No math alphabet change to frozen version normal on input line 2.
LaTeX Font Info:    No math alphabet change to frozen version normal on input line 2.
LaTeX Font Info:    No math alphabet change to frozen version normal on input line 2.
LaTeX Font Info:    No math alphabet change to frozen version normal on input line 2.
LaTeX Font Info:    No math alphabet change to frozen version normal on input line 2.
LaTeX Font Info:    No math alphabet change to frozen version normal on input line 2.
LaTeX Font Info:    No math alphabet change to frozen version normal on input line 2.
LaTeX Font Info:    No math alphabet change to frozen version normal on input line 2.
LaTeX Font Info:    No math alphabet change to frozen version normal on input line 2.
LaTeX Font Info:    No math alphabet change to frozen version normal on input line 2.
LaTeX Font Info:    No math alphabet change to frozen version normal on input line 2.
LaTeX Font Info:    No math alphabet change to frozen version normal on input line 2.
LaTeX Font Info:    No math alphabet change to frozen version normal on input line 2.
LaTeX Font Info:    No math alphabet change to frozen version normal on input line 2.
LaTeX Font Info:    No math alphabet change to frozen version normal on input line 2.
LaTeX Font Info:    No math alphabet change to frozen version normal on input line 2.
LaTeX Font Info:    No math alphabet change to frozen version normal on input line 2.
LaTeX Font Info:    No math alphabet change to frozen version normal on input line 2.
LaTeX Font Info:    No math alphabet change to frozen version normal on input line 2.
LaTeX Font Info:    No math alphabet change to frozen version normal on input line 2.
LaTeX Font Info:    No math alphabet change to frozen version normal on input line 2.
LaTeX Font Info:    No math alphabet change to frozen version normal on input line 2.
LaTeX Font Info:    No math alphabet change to frozen version normal on input line 2.
LaTeX Font Info:    No math alphabet change to frozen version normal on input line 2.
LaTeX Font Info:    No math alphabet change to frozen version normal on input line 2.
LaTeX Font Info:    No math alphabet change to frozen version normal on input line 2.
LaTeX Font Info:    No math alphabet change to frozen version normal on input line 2.
LaTeX Font Info:    No math alphabet change to frozen version normal on input line 2.
LaTeX Font Info:    No math alphabet change to frozen version normal on input line 2.
LaTeX Font Info:    No math alphabet change to frozen version normal on input line 2.
LaTeX Font Info:    No math alphabet change to frozen version normal on input line 2.
LaTeX Font Info:    No math alphabet change to frozen version normal on input line 2.
LaTeX Font Info:    No math alphabet change to frozen version normal on input line 2.
LaTeX Font Info:    No math alphabet change to frozen version normal on input line 3.
LaTeX Font Info:    No math alphabet change to frozen version normal on input line 3.
LaTeX Font Info:    No math alphabet change to frozen version normal on input line 3.
LaTeX Font Info:    No math alphabet change to frozen version normal on input line 3.
LaTeX Font Info:    No math alphabet change to frozen version normal on input line 3.
LaTeX Font Info:    No math alphabet change to frozen version normal on input line 3.
LaTeX Font Info:    No math alphabet change to frozen version normal on input line 3.
LaTeX Font Info:    No math alphabet change to frozen version normal on input line 3.
LaTeX Font Info:    No math alphabet change to frozen version normal on input line 3.
LaTeX Font Info:    No math alphabet change to frozen version normal on input line 3.
LaTeX Font Info:    No math alphabet change to frozen version normal on input line 3.
LaTeX Font Info:    No math alphabet change to frozen version normal on input line 3.
LaTeX Font Info:    No math alphabet change to frozen version normal on input line 3.
LaTeX Font Info:    No math alphabet change to frozen version normal on input line 3.
LaTeX Font Info:    No math alphabet change to frozen version normal on input line 3.
LaTeX Font Info:    No math alphabet change to frozen version normal on input line 3.
LaTeX Font Info:    No math alphabet change to frozen version normal on input line 3.
LaTeX Font Info:    No math alphabet change to frozen version normal on input line 3.
LaTeX Font Info:    No math alphabet change to frozen version normal on input line 3.
LaTeX Font Info:    No math alphabet change to frozen version normal on input line 3.
LaTeX Font Info:    No math alphabet change to frozen version normal on input line 3.
LaTeX Font Info:    No math alphabet change to frozen version normal on input line 3.
LaTeX Font Info:    No math alphabet change to frozen version normal on input line 3.
LaTeX Font Info:    No math alphabet change to frozen version normal on input line 3.
LaTeX Font Info:    No math alphabet change to frozen version normal on input line 3.
LaTeX Font Info:    No math alphabet change to frozen version normal on input line 3.
LaTeX Font Info:    No math alphabet change to frozen version normal on input line 3.
LaTeX Font Info:    No math alphabet change to frozen version normal on input line 3.
LaTeX Font Info:    No math alphabet change to frozen version normal on input line 3.
LaTeX Font Info:    No math alphabet change to frozen version normal on input line 3.
LaTeX Font Info:    No math alphabet change to frozen version normal on input line 3.


[180]
LaTeX Font Info:    No math alphabet change to frozen version normal on input line 6.
LaTeX Font Info:    No math alphabet change to frozen version normal on input line 7.
LaTeX Font Info:    No math alphabet change to frozen version normal on input line 7.
LaTeX Font Info:    No math alphabet change to frozen version normal on input line 8.
LaTeX Font Info:    No math alphabet change to frozen version normal on input line 9.
LaTeX Font Info:    No math alphabet change to frozen version normal on input line 9.
LaTeX Font Info:    No math alphabet change to frozen version normal on input line 9.
LaTeX Font Info:    No math alphabet change to frozen version normal on input line 9.
LaTeX Font Info:    No math alphabet change to frozen version normal on input line 9.
LaTeX Font Info:    No math alphabet change to frozen version normal on input line 9.
LaTeX Font Info:    No math alphabet change to frozen version normal on input line 9.
LaTeX Font Info:    No math alphabet change to frozen version normal on input line 9.
LaTeX Font Info:    No math alphabet change to frozen version normal on input line 9.
LaTeX Font Info:    No math alphabet change to frozen version normal on input line 9.
LaTeX Font Info:    No math alphabet change to frozen version normal on input line 9.
LaTeX Font Info:    No math alphabet change to frozen version normal on input line 9.
LaTeX Font Info:    No math alphabet change to frozen version normal on input line 9.
LaTeX Font Info:    No math alphabet change to frozen version normal on input line 9.
LaTeX Font Info:    No math alphabet change to frozen version normal on input line 9.
LaTeX Font Info:    No math alphabet change to frozen version normal on input line 9.
LaTeX Font Info:    No math alphabet change to frozen version normal on input line 9.
LaTeX Font Info:    No math alphabet change to frozen version normal on input line 9.
LaTeX Font Info:    No math alphabet change to frozen version normal on input line 9.
LaTeX Font Info:    No math alphabet change to frozen version normal on input line 9.
LaTeX Font Info:    No math alphabet change to frozen version normal on input line 9.
LaTeX Font Info:    No math alphabet change to frozen version normal on input line 9.
LaTeX Font Info:    No math alphabet change to frozen version normal on input line 9.
LaTeX Font Info:    No math alphabet change to frozen version normal on input line 9.
LaTeX Font Info:    No math alphabet change to frozen version normal on input line 9.
LaTeX Font Info:    No math alphabet change to frozen version normal on input line 9.
LaTeX Font Info:    No math alphabet change to frozen version normal on input line 9.
LaTeX Font Info:    No math alphabet change to frozen version normal on input line 9.
LaTeX Font Info:    No math alphabet change to frozen version normal on input line 9.
LaTeX Font Info:    No math alphabet change to frozen version normal on input line 9.
LaTeX Font Info:    No math alphabet change to frozen version normal on input line 9.
LaTeX Font Info:    No math alphabet change to frozen version normal on input line 9.
LaTeX Font Info:    No math alphabet change to frozen version normal on input line 9.
LaTeX Font Info:    No math alphabet change to frozen version normal on input line 9.
LaTeX Font Info:    No math alphabet change to frozen version normal on input line 9.
LaTeX Font Info:    No math alphabet change to frozen version normal on input line 9.
LaTeX Font Info:    No math alphabet change to frozen version normal on input line 9.
LaTeX Font Info:    No math alphabet change to frozen version normal on input line 9.
LaTeX Font Info:    No math alphabet change to frozen version normal on input line 9.
LaTeX Font Info:    No math alphabet change to frozen version normal on input line 9.
LaTeX Font Info:    No math alphabet change to frozen version normal on input line 9.
LaTeX Font Info:    No math alphabet change to frozen version normal on input line 9.
LaTeX Font Info:    No math alphabet change to frozen version normal on input line 9.
LaTeX Font Info:    No math alphabet change to frozen version normal on input line 9.
LaTeX Font Info:    No math alphabet change to frozen version normal on input line 9.
LaTeX Font Info:    No math alphabet change to frozen version normal on input line 9.
LaTeX Font Info:    No math alphabet change to frozen version normal on input line 9.
LaTeX Font Info:    No math alphabet change to frozen version normal on input line 9.
LaTeX Font Info:    No math alphabet change to frozen version normal on input line 9.
LaTeX Font Info:    No math alphabet change to frozen version normal on input line 9.
LaTeX Font Info:    No math alphabet change to frozen version normal on input line 9.
LaTeX Font Info:    No math alphabet change to frozen version normal on input line 9.
LaTeX Font Info:    No math alphabet change to frozen version normal on input line 9.
LaTeX Font Info:    No math alphabet change to frozen version normal on input line 9.
LaTeX Font Info:    No math alphabet change to frozen version normal on input line 9.
LaTeX Font Info:    No math alphabet change to frozen version normal on input line 9.
LaTeX Font Info:    No math alphabet change to frozen version normal on input line 9.
LaTeX Font Info:    No math alphabet change to frozen version normal on input line 9.
LaTeX Font Info:    No math alphabet change to frozen version normal on input line 9.
LaTeX Font Info:    No math alphabet change to frozen version normal on input line 9.
LaTeX Font Info:    No math alphabet change to frozen version normal on input line 9.
LaTeX Font Info:    No math alphabet change to frozen version normal on input line 9.
LaTeX Font Info:    No math alphabet change to frozen version normal on input line 11.
LaTeX Font Info:    No math alphabet change to frozen version normal on input line 14.
LaTeX Font Info:    No math alphabet change to frozen version normal on input line 15.
LaTeX Font Info:    No math alphabet change to frozen version normal on input line 16.
LaTeX Font Info:    No math alphabet change to frozen version normal on input line 16.
LaTeX Font Info:    No math alphabet change to frozen version normal on input line 16.
LaTeX Font Info:    No math alphabet change to frozen version normal on input line 16.
LaTeX Font Info:    No math alphabet change to frozen version normal on input line 16.
LaTeX Font Info:    No math alphabet change to frozen version normal on input line 16.
LaTeX Font Info:    No math alphabet change to frozen version normal on input line 16.
LaTeX Font Info:    No math alphabet change to frozen version normal on input line 16.
LaTeX Font Info:    No math alphabet change to frozen version normal on input line 16.
LaTeX Font Info:    No math alphabet change to frozen version normal on input line 16.
LaTeX Font Info:    No math alphabet change to frozen version normal on input line 16.
LaTeX Font Info:    No math alphabet change to frozen version normal on input line 16.
LaTeX Font Info:    No math alphabet change to frozen version normal on input line 16.
LaTeX Font Info:    No math alphabet change to frozen version normal on input line 16.
LaTeX Font Info:    No math alphabet change to frozen version normal on input line 16.
LaTeX Font Info:    No math alphabet change to frozen version normal on input line 16.
LaTeX Font Info:    No math alphabet change to frozen version normal on input line 16.
LaTeX Font Info:    No math alphabet change to frozen version normal on input line 18.
LaTeX Font Info:    No math alphabet change to frozen version normal on input line 23.
LaTeX Font Info:    No math alphabet change to frozen version normal on input line 23.
LaTeX Font Info:    No math alphabet change to frozen version normal on input line 24.
LaTeX Font Info:    No math alphabet change to frozen version normal on input line 25.
LaTeX Font Info:    No math alphabet change to frozen version normal on input line 25.
LaTeX Font Info:    No math alphabet change to frozen version normal on input line 25.
LaTeX Font Info:    No math alphabet change to frozen version normal on input line 25.
LaTeX Font Info:    No math alphabet change to frozen version normal on input line 25.
LaTeX Font Info:    No math alphabet change to frozen version normal on input line 25.
LaTeX Font Info:    No math alphabet change to frozen version normal on input line 25.
LaTeX Font Info:    No math alphabet change to frozen version normal on input line 25.
LaTeX Font Info:    No math alphabet change to frozen version normal on input line 25.
LaTeX Font Info:    No math alphabet change to frozen version normal on input line 25.
LaTeX Font Info:    No math alphabet change to frozen version normal on input line 25.
LaTeX Font Info:    No math alphabet change to frozen version normal on input line 25.
LaTeX Font Info:    No math alphabet change to frozen version normal on input line 25.
LaTeX Font Info:    No math alphabet change to frozen version normal on input line 25.
LaTeX Font Info:    No math alphabet change to frozen version normal on input line 25.
LaTeX Font Info:    No math alphabet change to frozen version normal on input line 25.
LaTeX Font Info:    No math alphabet change to frozen version normal on input line 25.
LaTeX Font Info:    No math alphabet change to frozen version normal on input line 25.
LaTeX Font Info:    No math alphabet change to frozen version normal on input line 25.
LaTeX Font Info:    No math alphabet change to frozen version normal on input line 25.
LaTeX Font Info:    No math alphabet change to frozen version normal on input line 25.
LaTeX Font Info:    No math alphabet change to frozen version normal on input line 25.
LaTeX Font Info:    No math alphabet change to frozen version normal on input line 25.
LaTeX Font Info:    No math alphabet change to frozen version normal on input line 25.
LaTeX Font Info:    No math alphabet change to frozen version normal on input line 25.
LaTeX Font Info:    No math alphabet change to frozen version normal on input line 25.
LaTeX Font Info:    No math alphabet change to frozen version normal on input line 25.
LaTeX Font Info:    No math alphabet change to frozen version normal on input line 25.
LaTeX Font Info:    No math alphabet change to frozen version normal on input line 25.
LaTeX Font Info:    No math alphabet change to frozen version normal on input line 25.
LaTeX Font Info:    No math alphabet change to frozen version normal on input line 25.
LaTeX Font Info:    No math alphabet change to frozen version normal on input line 25.
LaTeX Font Info:    No math alphabet change to frozen version normal on input line 25.
) (../_definitions/definition_basis_and_grothendieck_pretopology_for_a_grothendieck_topology_on_a_category.tex
LaTeX Font Info:    No math alphabet change to frozen version normal on input line 2.
LaTeX Font Info:    No math alphabet change to frozen version normal on input line 3.
LaTeX Font Info:    No math alphabet change to frozen version normal on input line 3.
LaTeX Font Info:    No math alphabet change to frozen version normal on input line 3.
LaTeX Font Info:    No math alphabet change to frozen version normal on input line 5.
LaTeX Font Info:    No math alphabet change to frozen version normal on input line 5.
LaTeX Font Info:    No math alphabet change to frozen version normal on input line 5.
LaTeX Font Info:    No math alphabet change to frozen version normal on input line 6.
LaTeX Font Info:    No math alphabet change to frozen version normal on input line 6.
LaTeX Font Info:    No math alphabet change to frozen version normal on input line 6.
LaTeX Font Info:    No math alphabet change to frozen version normal on input line 6.
LaTeX Font Info:    No math alphabet change to frozen version normal on input line 6.
LaTeX Font Info:    No math alphabet change to frozen version normal on input line 6.
LaTeX Font Info:    No math alphabet change to frozen version normal on input line 6.
LaTeX Font Info:    No math alphabet change to frozen version normal on input line 7.
LaTeX Font Info:    No math alphabet change to frozen version normal on input line 7.
LaTeX Font Info:    No math alphabet change to frozen version normal on input line 7.
LaTeX Font Info:    No math alphabet change to frozen version normal on input line 7.
LaTeX Font Info:    No math alphabet change to frozen version normal on input line 7.
LaTeX Font Info:    No math alphabet change to frozen version normal on input line 7.
LaTeX Font Info:    No math alphabet change to frozen version normal on input line 7.
) (../_definitions/definition_grothendieck_topology_generated_by_a_pretopology.tex
LaTeX Font Info:    No math alphabet change to frozen version normal on input line 2.
LaTeX Font Info:    No math alphabet change to frozen version normal on input line 2.
LaTeX Font Info:    No math alphabet change to frozen version normal on input line 2.
LaTeX Font Info:    No math alphabet change to frozen version normal on input line 2.
LaTeX Font Info:    No math alphabet change to frozen version normal on input line 2.
LaTeX Font Info:    No math alphabet change to frozen version normal on input line 2.
LaTeX Font Info:    No math alphabet change to frozen version normal on input line 2.
LaTeX Font Info:    No math alphabet change to frozen version normal on input line 2.
LaTeX Font Info:    No math alphabet change to frozen version normal on input line 2.
LaTeX Font Info:    No math alphabet change to frozen version normal on input line 2.
LaTeX Font Info:    No math alphabet change to frozen version normal on input line 2.
LaTeX Font Info:    No math alphabet change to frozen version normal on input line 2.
LaTeX Font Info:    No math alphabet change to frozen version normal on input line 2.
LaTeX Font Info:    No math alphabet change to frozen version normal on input line 2.
LaTeX Font Info:    No math alphabet change to frozen version normal on input line 2.
LaTeX Font Info:    No math alphabet change to frozen version normal on input line 4.
LaTeX Font Info:    No math alphabet change to frozen version normal on input line 4.
LaTeX Font Info:    No math alphabet change to frozen version normal on input line 4.
LaTeX Font Info:    No math alphabet change to frozen version normal on input line 4.
LaTeX Font Info:    No math alphabet change to frozen version normal on input line 4.
LaTeX Font Info:    No math alphabet change to frozen version normal on input line 4.
LaTeX Font Info:    No math alphabet change to frozen version normal on input line 4.


[181]
LaTeX Font Info:    No math alphabet change to frozen version normal on input line 6.
LaTeX Font Info:    No math alphabet change to frozen version normal on input line 6.
LaTeX Font Info:    No math alphabet change to frozen version normal on input line 6.
) (../_definitions/definition_symmetric_monoidal_category.tex
LaTeX Font Info:    No math alphabet change to frozen version normal on input line 2.
LaTeX Font Info:    No math alphabet change to frozen version normal on input line 3.
LaTeX Font Info:    No math alphabet change to frozen version normal on input line 3.
LaTeX Font Info:    No math alphabet change to frozen version normal on input line 3.
LaTeX Font Info:    No math alphabet change to frozen version normal on input line 3.
LaTeX Font Info:    No math alphabet change to frozen version normal on input line 3.
LaTeX Font Info:    No math alphabet change to frozen version normal on input line 3.
LaTeX Font Info:    No math alphabet change to frozen version normal on input line 3.
LaTeX Font Info:    No math alphabet change to frozen version normal on input line 3.
LaTeX Font Info:    No math alphabet change to frozen version normal on input line 3.
LaTeX Font Info:    No math alphabet change to frozen version normal on input line 3.
LaTeX Font Info:    No math alphabet change to frozen version normal on input line 3.
LaTeX Font Info:    No math alphabet change to frozen version normal on input line 3.
LaTeX Font Info:    No math alphabet change to frozen version normal on input line 3.
LaTeX Font Info:    No math alphabet change to frozen version normal on input line 3.
LaTeX Font Info:    No math alphabet change to frozen version normal on input line 3.
LaTeX Font Info:    No math alphabet change to frozen version normal on input line 3.
LaTeX Font Info:    No math alphabet change to frozen version normal on input line 3.
LaTeX Font Info:    No math alphabet change to frozen version normal on input line 3.
LaTeX Font Info:    No math alphabet change to frozen version normal on input line 3.
LaTeX Font Info:    No math alphabet change to frozen version normal on input line 3.
LaTeX Font Info:    No math alphabet change to frozen version normal on input line 3.
LaTeX Font Info:    No math alphabet change to frozen version normal on input line 3.
LaTeX Font Info:    No math alphabet change to frozen version normal on input line 3.
LaTeX Font Info:    No math alphabet change to frozen version normal on input line 3.
LaTeX Font Info:    No math alphabet change to frozen version normal on input line 3.
LaTeX Font Info:    No math alphabet change to frozen version normal on input line 3.
LaTeX Font Info:    No math alphabet change to frozen version normal on input line 3.
LaTeX Font Info:    No math alphabet change to frozen version normal on input line 3.
LaTeX Font Info:    No math alphabet change to frozen version normal on input line 3.
LaTeX Font Info:    No math alphabet change to frozen version normal on input line 3.
LaTeX Font Info:    No math alphabet change to frozen version normal on input line 4.
LaTeX Font Info:    No math alphabet change to frozen version normal on input line 4.
LaTeX Font Info:    No math alphabet change to frozen version normal on input line 6.
LaTeX Font Info:    No math alphabet change to frozen version normal on input line 6.
LaTeX Font Info:    No math alphabet change to frozen version normal on input line 9.
LaTeX Font Info:    No math alphabet change to frozen version normal on input line 12.
LaTeX Font Info:    No math alphabet change to frozen version normal on input line 12.
LaTeX Font Info:    No math alphabet change to frozen version normal on input line 12.
LaTeX Font Info:    No math alphabet change to frozen version normal on input line 13.
LaTeX Font Info:    No math alphabet change to frozen version normal on input line 14.
LaTeX Font Info:    No math alphabet change to frozen version normal on input line 14.
LaTeX Font Info:    No math alphabet change to frozen version normal on input line 14.
LaTeX Font Info:    No math alphabet change to frozen version normal on input line 14.
LaTeX Font Info:    No math alphabet change to frozen version normal on input line 14.
LaTeX Font Info:    No math alphabet change to frozen version normal on input line 14.
LaTeX Font Info:    No math alphabet change to frozen version normal on input line 14.
LaTeX Font Info:    No math alphabet change to frozen version normal on input line 14.
LaTeX Font Info:    No math alphabet change to frozen version normal on input line 14.
LaTeX Font Info:    No math alphabet change to frozen version normal on input line 14.
LaTeX Font Info:    No math alphabet change to frozen version normal on input line 14.
LaTeX Font Info:    No math alphabet change to frozen version normal on input line 14.
LaTeX Font Info:    No math alphabet change to frozen version normal on input line 14.
LaTeX Font Info:    No math alphabet change to frozen version normal on input line 14.
LaTeX Font Info:    No math alphabet change to frozen version normal on input line 14.
LaTeX Font Info:    No math alphabet change to frozen version normal on input line 14.
LaTeX Font Info:    No math alphabet change to frozen version normal on input line 14.
LaTeX Font Info:    No math alphabet change to frozen version normal on input line 14.
LaTeX Font Info:    No math alphabet change to frozen version normal on input line 14.
LaTeX Font Info:    No math alphabet change to frozen version normal on input line 14.
LaTeX Font Info:    No math alphabet change to frozen version normal on input line 14.
LaTeX Font Info:    No math alphabet change to frozen version normal on input line 14.
LaTeX Font Info:    No math alphabet change to frozen version normal on input line 14.
LaTeX Font Info:    No math alphabet change to frozen version normal on input line 14.
LaTeX Font Info:    No math alphabet change to frozen version normal on input line 14.
LaTeX Font Info:    No math alphabet change to frozen version normal on input line 14.
LaTeX Font Info:    No math alphabet change to frozen version normal on input line 14.
LaTeX Font Info:    No math alphabet change to frozen version normal on input line 14.
LaTeX Font Info:    No math alphabet change to frozen version normal on input line 14.
LaTeX Font Info:    No math alphabet change to frozen version normal on input line 14.
LaTeX Font Info:    No math alphabet change to frozen version normal on input line 14.
LaTeX Font Info:    No math alphabet change to frozen version normal on input line 14.
LaTeX Font Info:    No math alphabet change to frozen version normal on input line 14.
LaTeX Font Info:    No math alphabet change to frozen version normal on input line 14.
LaTeX Font Info:    No math alphabet change to frozen version normal on input line 14.
LaTeX Font Info:    No math alphabet change to frozen version normal on input line 14.
LaTeX Font Info:    No math alphabet change to frozen version normal on input line 14.
LaTeX Font Info:    No math alphabet change to frozen version normal on input line 14.
LaTeX Font Info:    No math alphabet change to frozen version normal on input line 14.
LaTeX Font Info:    No math alphabet change to frozen version normal on input line 14.
LaTeX Font Info:    No math alphabet change to frozen version normal on input line 14.
LaTeX Font Info:    No math alphabet change to frozen version normal on input line 14.
LaTeX Font Info:    No math alphabet change to frozen version normal on input line 14.
LaTeX Font Info:    No math alphabet change to frozen version normal on input line 14.
LaTeX Font Info:    No math alphabet change to frozen version normal on input line 14.
LaTeX Font Info:    No math alphabet change to frozen version normal on input line 14.
LaTeX Font Info:    No math alphabet change to frozen version normal on input line 15.
LaTeX Font Info:    No math alphabet change to frozen version normal on input line 19.
LaTeX Font Info:    No math alphabet change to frozen version normal on input line 19.
LaTeX Font Info:    No math alphabet change to frozen version normal on input line 19.
LaTeX Font Info:    No math alphabet change to frozen version normal on input line 20.
LaTeX Font Info:    No math alphabet change to frozen version normal on input line 21.
LaTeX Font Info:    No math alphabet change to frozen version normal on input line 21.
LaTeX Font Info:    No math alphabet change to frozen version normal on input line 21.
LaTeX Font Info:    No math alphabet change to frozen version normal on input line 21.
LaTeX Font Info:    No math alphabet change to frozen version normal on input line 21.
LaTeX Font Info:    No math alphabet change to frozen version normal on input line 21.
LaTeX Font Info:    No math alphabet change to frozen version normal on input line 21.
LaTeX Font Info:    No math alphabet change to frozen version normal on input line 21.
LaTeX Font Info:    No math alphabet change to frozen version normal on input line 21.
LaTeX Font Info:    No math alphabet change to frozen version normal on input line 21.
LaTeX Font Info:    No math alphabet change to frozen version normal on input line 21.
LaTeX Font Info:    No math alphabet change to frozen version normal on input line 21.
LaTeX Font Info:    No math alphabet change to frozen version normal on input line 21.
LaTeX Font Info:    No math alphabet change to frozen version normal on input line 21.
LaTeX Font Info:    No math alphabet change to frozen version normal on input line 21.
LaTeX Font Info:    No math alphabet change to frozen version normal on input line 21.
LaTeX Font Info:    No math alphabet change to frozen version normal on input line 21.
LaTeX Font Info:    No math alphabet change to frozen version normal on input line 21.
LaTeX Font Info:    No math alphabet change to frozen version normal on input line 21.
LaTeX Font Info:    No math alphabet change to frozen version normal on input line 21.
LaTeX Font Info:    No math alphabet change to frozen version normal on input line 21.
LaTeX Font Info:    No math alphabet change to frozen version normal on input line 21.
LaTeX Font Info:    No math alphabet change to frozen version normal on input line 21.
LaTeX Font Info:    No math alphabet change to frozen version normal on input line 21.
LaTeX Font Info:    No math alphabet change to frozen version normal on input line 21.
LaTeX Font Info:    No math alphabet change to frozen version normal on input line 21.
LaTeX Font Info:    No math alphabet change to frozen version normal on input line 21.
LaTeX Font Info:    No math alphabet change to frozen version normal on input line 21.
LaTeX Font Info:    No math alphabet change to frozen version normal on input line 21.
LaTeX Font Info:    No math alphabet change to frozen version normal on input line 21.
LaTeX Font Info:    No math alphabet change to frozen version normal on input line 21.
LaTeX Font Info:    No math alphabet change to frozen version normal on input line 21.
LaTeX Font Info:    No math alphabet change to frozen version normal on input line 21.
LaTeX Font Info:    No math alphabet change to frozen version normal on input line 21.
LaTeX Font Info:    No math alphabet change to frozen version normal on input line 21.
LaTeX Font Info:    No math alphabet change to frozen version normal on input line 21.
LaTeX Font Info:    No math alphabet change to frozen version normal on input line 21.
LaTeX Font Info:    No math alphabet change to frozen version normal on input line 21.
LaTeX Font Info:    No math alphabet change to frozen version normal on input line 21.
LaTeX Font Info:    No math alphabet change to frozen version normal on input line 21.
LaTeX Font Info:    No math alphabet change to frozen version normal on input line 21.
LaTeX Font Info:    No math alphabet change to frozen version normal on input line 21.
LaTeX Font Info:    No math alphabet change to frozen version normal on input line 21.
LaTeX Font Info:    No math alphabet change to frozen version normal on input line 21.
LaTeX Font Info:    No math alphabet change to frozen version normal on input line 21.
LaTeX Font Info:    No math alphabet change to frozen version normal on input line 21.
LaTeX Font Info:    No math alphabet change to frozen version normal on input line 22.
LaTeX Font Info:    No math alphabet change to frozen version normal on input line 23.
LaTeX Font Info:    No math alphabet change to frozen version normal on input line 26.
LaTeX Font Info:    No math alphabet change to frozen version normal on input line 26.
LaTeX Font Info:    No math alphabet change to frozen version normal on input line 28.
LaTeX Font Info:    No math alphabet change to frozen version normal on input line 28.
LaTeX Font Info:    No math alphabet change to frozen version normal on input line 28.
LaTeX Font Info:    No math alphabet change to frozen version normal on input line 28.
LaTeX Font Info:    No math alphabet change to frozen version normal on input line 28.
LaTeX Font Info:    No math alphabet change to frozen version normal on input line 28.
LaTeX Font Info:    No math alphabet change to frozen version normal on input line 28.
LaTeX Font Info:    No math alphabet change to frozen version normal on input line 28.
LaTeX Font Info:    No math alphabet change to frozen version normal on input line 28.
LaTeX Font Info:    No math alphabet change to frozen version normal on input line 28.
LaTeX Font Info:    No math alphabet change to frozen version normal on input line 28.
LaTeX Font Info:    No math alphabet change to frozen version normal on input line 28.
LaTeX Font Info:    No math alphabet change to frozen version normal on input line 28.
LaTeX Font Info:    No math alphabet change to frozen version normal on input line 28.
LaTeX Font Info:    No math alphabet change to frozen version normal on input line 28.
LaTeX Font Info:    No math alphabet change to frozen version normal on input line 28.
LaTeX Font Info:    No math alphabet change to frozen version normal on input line 28.
LaTeX Font Info:    No math alphabet change to frozen version normal on input line 28.
LaTeX Font Info:    No math alphabet change to frozen version normal on input line 28.
LaTeX Font Info:    No math alphabet change to frozen version normal on input line 28.
LaTeX Font Info:    No math alphabet change to frozen version normal on input line 28.
LaTeX Font Info:    No math alphabet change to frozen version normal on input line 28.
LaTeX Font Info:    No math alphabet change to frozen version normal on input line 28.
LaTeX Font Info:    No math alphabet change to frozen version normal on input line 28.
LaTeX Font Info:    No math alphabet change to frozen version normal on input line 28.
LaTeX Font Info:    No math alphabet change to frozen version normal on input line 28.
LaTeX Font Info:    No math alphabet change to frozen version normal on input line 28.
LaTeX Font Info:    No math alphabet change to frozen version normal on input line 28.
LaTeX Font Info:    No math alphabet change to frozen version normal on input line 29.
) (../_definitions/definition_algebra_of_a_ring.tex
LaTeX Font Info:    No math alphabet change to frozen version normal on input line 3.
LaTeX Font Info:    No math alphabet change to frozen version normal on input line 3.
LaTeX Font Info:    No math alphabet change to frozen version normal on input line 3.
LaTeX Font Info:    No math alphabet change to frozen version normal on input line 3.
LaTeX Font Info:    No math alphabet change to frozen version normal on input line 3.
LaTeX Font Info:    No math alphabet change to frozen version normal on input line 3.
LaTeX Font Info:    No math alphabet change to frozen version normal on input line 3.
LaTeX Font Info:    No math alphabet change to frozen version normal on input line 3.
LaTeX Font Info:    No math alphabet change to frozen version normal on input line 3.
LaTeX Font Info:    No math alphabet change to frozen version normal on input line 4.
LaTeX Font Info:    No math alphabet change to frozen version normal on input line 5.
LaTeX Font Info:    No math alphabet change to frozen version normal on input line 5.
LaTeX Font Info:    No math alphabet change to frozen version normal on input line 5.
LaTeX Font Info:    No math alphabet change to frozen version normal on input line 5.
LaTeX Font Info:    No math alphabet change to frozen version normal on input line 5.
LaTeX Font Info:    No math alphabet change to frozen version normal on input line 5.
LaTeX Font Info:    No math alphabet change to frozen version normal on input line 5.
LaTeX Font Info:    No math alphabet change to frozen version normal on input line 7.
LaTeX Font Info:    No math alphabet change to frozen version normal on input line 7.
LaTeX Font Info:    No math alphabet change to frozen version normal on input line 7.
LaTeX Font Info:    No math alphabet change to frozen version normal on input line 8.
LaTeX Font Info:    No math alphabet change to frozen version normal on input line 8.


[182]) (../_definitions/definition_hom_of_left_right_bi_modules_of_rings.tex
LaTeX Font Info:    No math alphabet change to frozen version normal on input line 2.
LaTeX Font Info:    No math alphabet change to frozen version normal on input line 4.
LaTeX Font Info:    No math alphabet change to frozen version normal on input line 4.
LaTeX Font Info:    No math alphabet change to frozen version normal on input line 4.
LaTeX Font Info:    No math alphabet change to frozen version normal on input line 4.
LaTeX Font Info:    No math alphabet change to frozen version normal on input line 4.
LaTeX Font Info:    No math alphabet change to frozen version normal on input line 4.
LaTeX Font Info:    No math alphabet change to frozen version normal on input line 4.
LaTeX Font Info:    No math alphabet change to frozen version normal on input line 4.
LaTeX Font Info:    No math alphabet change to frozen version normal on input line 4.
LaTeX Font Info:    No math alphabet change to frozen version normal on input line 4.
LaTeX Font Info:    No math alphabet change to frozen version normal on input line 4.
LaTeX Font Info:    No math alphabet change to frozen version normal on input line 4.
LaTeX Font Info:    No math alphabet change to frozen version normal on input line 4.
LaTeX Font Info:    No math alphabet change to frozen version normal on input line 4.
LaTeX Font Info:    No math alphabet change to frozen version normal on input line 4.
LaTeX Font Info:    No math alphabet change to frozen version normal on input line 4.
LaTeX Font Info:    No math alphabet change to frozen version normal on input line 4.
LaTeX Font Info:    No math alphabet change to frozen version normal on input line 4.
LaTeX Font Info:    No math alphabet change to frozen version normal on input line 4.
LaTeX Font Info:    No math alphabet change to frozen version normal on input line 4.
LaTeX Font Info:    No math alphabet change to frozen version normal on input line 5.
LaTeX Font Info:    No math alphabet change to frozen version normal on input line 5.
LaTeX Font Info:    No math alphabet change to frozen version normal on input line 5.

Overfull \hbox (68.09166pt too wide) detected at line 5
[]
 []

LaTeX Font Info:    No math alphabet change to frozen version normal on input line 5.
LaTeX Font Info:    No math alphabet change to frozen version normal on input line 8.
LaTeX Font Info:    No math alphabet change to frozen version normal on input line 8.
LaTeX Font Info:    No math alphabet change to frozen version normal on input line 8.
LaTeX Font Info:    No math alphabet change to frozen version normal on input line 8.
LaTeX Font Info:    No math alphabet change to frozen version normal on input line 8.
LaTeX Font Info:    No math alphabet change to frozen version normal on input line 8.
LaTeX Font Info:    No math alphabet change to frozen version normal on input line 8.
LaTeX Font Info:    No math alphabet change to frozen version normal on input line 8.
LaTeX Font Info:    No math alphabet change to frozen version normal on input line 8.
LaTeX Font Info:    No math alphabet change to frozen version normal on input line 8.
LaTeX Font Info:    No math alphabet change to frozen version normal on input line 8.
LaTeX Font Info:    No math alphabet change to frozen version normal on input line 8.
LaTeX Font Info:    No math alphabet change to frozen version normal on input line 8.
LaTeX Font Info:    No math alphabet change to frozen version normal on input line 8.
LaTeX Font Info:    No math alphabet change to frozen version normal on input line 8.
LaTeX Font Info:    No math alphabet change to frozen version normal on input line 8.
LaTeX Font Info:    No math alphabet change to frozen version normal on input line 8.
LaTeX Font Info:    No math alphabet change to frozen version normal on input line 8.
LaTeX Font Info:    No math alphabet change to frozen version normal on input line 8.
LaTeX Font Info:    No math alphabet change to frozen version normal on input line 8.
LaTeX Font Info:    No math alphabet change to frozen version normal on input line 9.
LaTeX Font Info:    No math alphabet change to frozen version normal on input line 9.
LaTeX Font Info:    No math alphabet change to frozen version normal on input line 9.

Overfull \hbox (75.92307pt too wide) detected at line 9
[]
 []

LaTeX Font Info:    No math alphabet change to frozen version normal on input line 9.
LaTeX Font Info:    No math alphabet change to frozen version normal on input line 11.
LaTeX Font Info:    No math alphabet change to frozen version normal on input line 11.
LaTeX Font Info:    No math alphabet change to frozen version normal on input line 11.
LaTeX Font Info:    No math alphabet change to frozen version normal on input line 11.
LaTeX Font Info:    No math alphabet change to frozen version normal on input line 11.
LaTeX Font Info:    No math alphabet change to frozen version normal on input line 11.
LaTeX Font Info:    No math alphabet change to frozen version normal on input line 11.
LaTeX Font Info:    No math alphabet change to frozen version normal on input line 11.
LaTeX Font Info:    No math alphabet change to frozen version normal on input line 11.
LaTeX Font Info:    No math alphabet change to frozen version normal on input line 11.
LaTeX Font Info:    No math alphabet change to frozen version normal on input line 11.
LaTeX Font Info:    No math alphabet change to frozen version normal on input line 11.
LaTeX Font Info:    No math alphabet change to frozen version normal on input line 11.
LaTeX Font Info:    No math alphabet change to frozen version normal on input line 11.
LaTeX Font Info:    No math alphabet change to frozen version normal on input line 11.
LaTeX Font Info:    No math alphabet change to frozen version normal on input line 11.
LaTeX Font Info:    No math alphabet change to frozen version normal on input line 11.
LaTeX Font Info:    No math alphabet change to frozen version normal on input line 11.
LaTeX Font Info:    No math alphabet change to frozen version normal on input line 11.
LaTeX Font Info:    No math alphabet change to frozen version normal on input line 11.
LaTeX Font Info:    No math alphabet change to frozen version normal on input line 11.
LaTeX Font Info:    No math alphabet change to frozen version normal on input line 11.
LaTeX Font Info:    No math alphabet change to frozen version normal on input line 11.
LaTeX Font Info:    No math alphabet change to frozen version normal on input line 11.
LaTeX Font Info:    No math alphabet change to frozen version normal on input line 11.
LaTeX Font Info:    No math alphabet change to frozen version normal on input line 11.
LaTeX Font Info:    No math alphabet change to frozen version normal on input line 11.
LaTeX Font Info:    No math alphabet change to frozen version normal on input line 11.
LaTeX Font Info:    No math alphabet change to frozen version normal on input line 11.
LaTeX Font Info:    No math alphabet change to frozen version normal on input line 11.
LaTeX Font Info:    No math alphabet change to frozen version normal on input line 12.
LaTeX Font Info:    No math alphabet change to frozen version normal on input line 12.
LaTeX Font Info:    No math alphabet change to frozen version normal on input line 12.
LaTeX Font Info:    No math alphabet change to frozen version normal on input line 12.
LaTeX Font Info:    No math alphabet change to frozen version normal on input line 16.
LaTeX Font Info:    No math alphabet change to frozen version normal on input line 16.
LaTeX Font Info:    No math alphabet change to frozen version normal on input line 17.
LaTeX Font Info:    No math alphabet change to frozen version normal on input line 18.
LaTeX Font Info:    No math alphabet change to frozen version normal on input line 18.
LaTeX Font Info:    No math alphabet change to frozen version normal on input line 18.
LaTeX Font Info:    No math alphabet change to frozen version normal on input line 18.
LaTeX Font Info:    No math alphabet change to frozen version normal on input line 18.
LaTeX Font Info:    No math alphabet change to frozen version normal on input line 18.
LaTeX Font Info:    No math alphabet change to frozen version normal on input line 19.
LaTeX Font Info:    No math alphabet change to frozen version normal on input line 19.
LaTeX Font Info:    No math alphabet change to frozen version normal on input line 19.
LaTeX Font Info:    No math alphabet change to frozen version normal on input line 19.
LaTeX Font Info:    No math alphabet change to frozen version normal on input line 19.
LaTeX Font Info:    No math alphabet change to frozen version normal on input line 19.
LaTeX Font Info:    No math alphabet change to frozen version normal on input line 19.
LaTeX Font Info:    No math alphabet change to frozen version normal on input line 19.
LaTeX Font Info:    No math alphabet change to frozen version normal on input line 19.
LaTeX Font Info:    No math alphabet change to frozen version normal on input line 21.
LaTeX Font Info:    No math alphabet change to frozen version normal on input line 21.
LaTeX Font Info:    No math alphabet change to frozen version normal on input line 21.
LaTeX Font Info:    No math alphabet change to frozen version normal on input line 21.
LaTeX Font Info:    No math alphabet change to frozen version normal on input line 21.
LaTeX Font Info:    No math alphabet change to frozen version normal on input line 21.
LaTeX Font Info:    No math alphabet change to frozen version normal on input line 21.
LaTeX Font Info:    No math alphabet change to frozen version normal on input line 21.
LaTeX Font Info:    No math alphabet change to frozen version normal on input line 22.
LaTeX Font Info:    No math alphabet change to frozen version normal on input line 24.
LaTeX Font Info:    No math alphabet change to frozen version normal on input line 24.
LaTeX Font Info:    No math alphabet change to frozen version normal on input line 24.
LaTeX Font Info:    No math alphabet change to frozen version normal on input line 24.
LaTeX Font Info:    No math alphabet change to frozen version normal on input line 24.
LaTeX Font Info:    No math alphabet change to frozen version normal on input line 24.
LaTeX Font Info:    No math alphabet change to frozen version normal on input line 24.
LaTeX Font Info:    No math alphabet change to frozen version normal on input line 24.
LaTeX Font Info:    No math alphabet change to frozen version normal on input line 25.
LaTeX Font Info:    No math alphabet change to frozen version normal on input line 27.
LaTeX Font Info:    No math alphabet change to frozen version normal on input line 27.
LaTeX Font Info:    No math alphabet change to frozen version normal on input line 27.
LaTeX Font Info:    No math alphabet change to frozen version normal on input line 27.
LaTeX Font Info:    No math alphabet change to frozen version normal on input line 27.
LaTeX Font Info:    No math alphabet change to frozen version normal on input line 27.
LaTeX Font Info:    No math alphabet change to frozen version normal on input line 27.
LaTeX Font Info:    No math alphabet change to frozen version normal on input line 29.
LaTeX Font Info:    No math alphabet change to frozen version normal on input line 30.
LaTeX Font Info:    No math alphabet change to frozen version normal on input line 31.
LaTeX Font Info:    No math alphabet change to frozen version normal on input line 32.
) (../_definitions/definition_product_topology_on_a_cartesian_product_of_topological_spaces.tex
LaTeX Font Info:    No math alphabet change to frozen version normal on input line 2.
LaTeX Font Info:    No math alphabet change to frozen version normal on input line 2.
LaTeX Font Info:    No math alphabet change to frozen version normal on input line 2.
LaTeX Font Info:    No math alphabet change to frozen version normal on input line 4.
LaTeX Font Info:    No math alphabet change to frozen version normal on input line 4.
LaTeX Font Info:    No math alphabet change to frozen version normal on input line 4.
LaTeX Font Info:    No math alphabet change to frozen version normal on input line 4.
LaTeX Font Info:    No math alphabet change to frozen version normal on input line 4.
LaTeX Font Info:    No math alphabet change to frozen version normal on input line 4.


[183]
LaTeX Font Info:    No math alphabet change to frozen version normal on input line 6.
LaTeX Font Info:    No math alphabet change to frozen version normal on input line 6.
LaTeX Font Info:    No math alphabet change to frozen version normal on input line 6.
LaTeX Font Info:    No math alphabet change to frozen version normal on input line 6.
LaTeX Font Info:    No math alphabet change to frozen version normal on input line 6.
LaTeX Font Info:    No math alphabet change to frozen version normal on input line 6.
LaTeX Font Info:    No math alphabet change to frozen version normal on input line 8.
LaTeX Font Info:    No math alphabet change to frozen version normal on input line 8.
LaTeX Font Info:    No math alphabet change to frozen version normal on input line 8.
LaTeX Font Info:    No math alphabet change to frozen version normal on input line 8.
) (../_concepts/theorem_tensor_hom_adjunction_for_bimodules_of_rings.tex
LaTeX Font Info:    No math alphabet change to frozen version normal on input line 4.
LaTeX Font Info:    No math alphabet change to frozen version normal on input line 4.
LaTeX Font Info:    No math alphabet change to frozen version normal on input line 4.
LaTeX Font Info:    No math alphabet change to frozen version normal on input line 4.
LaTeX Font Info:    No math alphabet change to frozen version normal on input line 4.
LaTeX Font Info:    No math alphabet change to frozen version normal on input line 4.
LaTeX Font Info:    No math alphabet change to frozen version normal on input line 4.
LaTeX Font Info:    No math alphabet change to frozen version normal on input line 4.
LaTeX Font Info:    No math alphabet change to frozen version normal on input line 4.
LaTeX Font Info:    No math alphabet change to frozen version normal on input line 4.
LaTeX Font Info:    No math alphabet change to frozen version normal on input line 5.
LaTeX Font Info:    No math alphabet change to frozen version normal on input line 5.
LaTeX Font Info:    No math alphabet change to frozen version normal on input line 5.
LaTeX Font Info:    No math alphabet change to frozen version normal on input line 5.
LaTeX Font Info:    No math alphabet change to frozen version normal on input line 5.
LaTeX Font Info:    No math alphabet change to frozen version normal on input line 5.
LaTeX Font Info:    No math alphabet change to frozen version normal on input line 5.
LaTeX Font Info:    No math alphabet change to frozen version normal on input line 5.
LaTeX Font Info:    No math alphabet change to frozen version normal on input line 5.
LaTeX Font Info:    No math alphabet change to frozen version normal on input line 5.
LaTeX Font Info:    No math alphabet change to frozen version normal on input line 5.
LaTeX Font Info:    No math alphabet change to frozen version normal on input line 7.
LaTeX Font Info:    No math alphabet change to frozen version normal on input line 7.
LaTeX Font Info:    No math alphabet change to frozen version normal on input line 7.
LaTeX Font Info:    No math alphabet change to frozen version normal on input line 7.
LaTeX Font Info:    No math alphabet change to frozen version normal on input line 7.
LaTeX Font Info:    No math alphabet change to frozen version normal on input line 7.
LaTeX Font Info:    No math alphabet change to frozen version normal on input line 7.
LaTeX Font Info:    No math alphabet change to frozen version normal on input line 7.
LaTeX Font Info:    No math alphabet change to frozen version normal on input line 7.
LaTeX Font Info:    No math alphabet change to frozen version normal on input line 7.
LaTeX Font Info:    No math alphabet change to frozen version normal on input line 7.
LaTeX Font Info:    No math alphabet change to frozen version normal on input line 7.
LaTeX Font Info:    No math alphabet change to frozen version normal on input line 7.
LaTeX Font Info:    No math alphabet change to frozen version normal on input line 11.
LaTeX Font Info:    No math alphabet change to frozen version normal on input line 11.
LaTeX Font Info:    No math alphabet change to frozen version normal on input line 11.
LaTeX Font Info:    No math alphabet change to frozen version normal on input line 11.
LaTeX Font Info:    No math alphabet change to frozen version normal on input line 11.
LaTeX Font Info:    No math alphabet change to frozen version normal on input line 11.
LaTeX Font Info:    No math alphabet change to frozen version normal on input line 11.
LaTeX Font Info:    No math alphabet change to frozen version normal on input line 11.
LaTeX Font Info:    No math alphabet change to frozen version normal on input line 11.
LaTeX Font Info:    No math alphabet change to frozen version normal on input line 11.
LaTeX Font Info:    No math alphabet change to frozen version normal on input line 11.
LaTeX Font Info:    No math alphabet change to frozen version normal on input line 11.
LaTeX Font Info:    No math alphabet change to frozen version normal on input line 12.
LaTeX Font Info:    No math alphabet change to frozen version normal on input line 12.
LaTeX Font Info:    No math alphabet change to frozen version normal on input line 12.
LaTeX Font Info:    No math alphabet change to frozen version normal on input line 12.
LaTeX Font Info:    No math alphabet change to frozen version normal on input line 15.
LaTeX Font Info:    No math alphabet change to frozen version normal on input line 15.
LaTeX Font Info:    No math alphabet change to frozen version normal on input line 15.
LaTeX Font Info:    No math alphabet change to frozen version normal on input line 15.
LaTeX Font Info:    No math alphabet change to frozen version normal on input line 15.
LaTeX Font Info:    No math alphabet change to frozen version normal on input line 15.
LaTeX Font Info:    No math alphabet change to frozen version normal on input line 15.
LaTeX Font Info:    No math alphabet change to frozen version normal on input line 15.
LaTeX Font Info:    No math alphabet change to frozen version normal on input line 15.
LaTeX Font Info:    No math alphabet change to frozen version normal on input line 15.
LaTeX Font Info:    No math alphabet change to frozen version normal on input line 16.
LaTeX Font Info:    No math alphabet change to frozen version normal on input line 16.
LaTeX Font Info:    No math alphabet change to frozen version normal on input line 16.
LaTeX Font Info:    No math alphabet change to frozen version normal on input line 16.
LaTeX Font Info:    No math alphabet change to frozen version normal on input line 16.
LaTeX Font Info:    No math alphabet change to frozen version normal on input line 16.
LaTeX Font Info:    No math alphabet change to frozen version normal on input line 16.
LaTeX Font Info:    No math alphabet change to frozen version normal on input line 16.
LaTeX Font Info:    No math alphabet change to frozen version normal on input line 16.
LaTeX Font Info:    No math alphabet change to frozen version normal on input line 16.
LaTeX Font Info:    No math alphabet change to frozen version normal on input line 16.
LaTeX Font Info:    No math alphabet change to frozen version normal on input line 19.
LaTeX Font Info:    No math alphabet change to frozen version normal on input line 19.
LaTeX Font Info:    No math alphabet change to frozen version normal on input line 19.
LaTeX Font Info:    No math alphabet change to frozen version normal on input line 19.
LaTeX Font Info:    No math alphabet change to frozen version normal on input line 19.
LaTeX Font Info:    No math alphabet change to frozen version normal on input line 19.
LaTeX Font Info:    No math alphabet change to frozen version normal on input line 19.
LaTeX Font Info:    No math alphabet change to frozen version normal on input line 19.
LaTeX Font Info:    No math alphabet change to frozen version normal on input line 19.
LaTeX Font Info:    No math alphabet change to frozen version normal on input line 19.
LaTeX Font Info:    No math alphabet change to frozen version normal on input line 19.
LaTeX Font Info:    No math alphabet change to frozen version normal on input line 19.
LaTeX Font Info:    No math alphabet change to frozen version normal on input line 19.
LaTeX Font Info:    No math alphabet change to frozen version normal on input line 23.
LaTeX Font Info:    No math alphabet change to frozen version normal on input line 23.
LaTeX Font Info:    No math alphabet change to frozen version normal on input line 23.
LaTeX Font Info:    No math alphabet change to frozen version normal on input line 23.
LaTeX Font Info:    No math alphabet change to frozen version normal on input line 23.
LaTeX Font Info:    No math alphabet change to frozen version normal on input line 23.
LaTeX Font Info:    No math alphabet change to frozen version normal on input line 23.
LaTeX Font Info:    No math alphabet change to frozen version normal on input line 23.
LaTeX Font Info:    No math alphabet change to frozen version normal on input line 23.
LaTeX Font Info:    No math alphabet change to frozen version normal on input line 23.
LaTeX Font Info:    No math alphabet change to frozen version normal on input line 23.
LaTeX Font Info:    No math alphabet change to frozen version normal on input line 23.
LaTeX Font Info:    No math alphabet change to frozen version normal on input line 24.
LaTeX Font Info:    No math alphabet change to frozen version normal on input line 24.
LaTeX Font Info:    No math alphabet change to frozen version normal on input line 24.
LaTeX Font Info:    No math alphabet change to frozen version normal on input line 24.
) (../_definitions/definition_homotopy_lifting_property_for_a_continuous_map_of_topological_spaces_with_respect_to_a_topological_space.tex
LaTeX Font Info:    No math alphabet change to frozen version normal on input line 2.
LaTeX Font Info:    No math alphabet change to frozen version normal on input line 3.
LaTeX Font Info:    No math alphabet change to frozen version normal on input line 3.
LaTeX Font Info:    No math alphabet change to frozen version normal on input line 3.
LaTeX Font Info:    No math alphabet change to frozen version normal on input line 3.
LaTeX Font Info:    No math alphabet change to frozen version normal on input line 3.
LaTeX Font Info:    No math alphabet change to frozen version normal on input line 3.
LaTeX Font Info:    No math alphabet change to frozen version normal on input line 3.
LaTeX Font Info:    No math alphabet change to frozen version normal on input line 3.
LaTeX Font Info:    No math alphabet change to frozen version normal on input line 3.
LaTeX Font Info:    No math alphabet change to frozen version normal on input line 3.
LaTeX Font Info:    No math alphabet change to frozen version normal on input line 5.
LaTeX Font Info:    No math alphabet change to frozen version normal on input line 6.
LaTeX Font Info:    No math alphabet change to frozen version normal on input line 9.
LaTeX Font Info:    No math alphabet change to frozen version normal on input line 9.
LaTeX Font Info:    No math alphabet change to frozen version normal on input line 9.
LaTeX Font Info:    No math alphabet change to frozen version normal on input line 12.
LaTeX Font Info:    No math alphabet change to frozen version normal on input line 12.
LaTeX Font Info:    No math alphabet change to frozen version normal on input line 13.
LaTeX Font Info:    No math alphabet change to frozen version normal on input line 14.
LaTeX Font Info:    No math alphabet change to frozen version normal on input line 14.
LaTeX Font Info:    No math alphabet change to frozen version normal on input line 14.
LaTeX Font Info:    No math alphabet change to frozen version normal on input line 14.
LaTeX Font Info:    No math alphabet change to frozen version normal on input line 14.
LaTeX Font Info:    No math alphabet change to frozen version normal on input line 14.
LaTeX Font Info:    No math alphabet change to frozen version normal on input line 14.
LaTeX Font Info:    No math alphabet change to frozen version normal on input line 14.
LaTeX Font Info:    No math alphabet change to frozen version normal on input line 14.
LaTeX Font Info:    No math alphabet change to frozen version normal on input line 14.
LaTeX Font Info:    No math alphabet change to frozen version normal on input line 14.
LaTeX Font Info:    No math alphabet change to frozen version normal on input line 14.
LaTeX Font Info:    No math alphabet change to frozen version normal on input line 14.
LaTeX Font Info:    No math alphabet change to frozen version normal on input line 14.
LaTeX Font Info:    No math alphabet change to frozen version normal on input line 14.
LaTeX Font Info:    No math alphabet change to frozen version normal on input line 14.
LaTeX Font Info:    No math alphabet change to frozen version normal on input line 14.
LaTeX Font Info:    No math alphabet change to frozen version normal on input line 14.
LaTeX Font Info:    No math alphabet change to frozen version normal on input line 14.
LaTeX Font Info:    No math alphabet change to frozen version normal on input line 14.
LaTeX Font Info:    No math alphabet change to frozen version normal on input line 14.
LaTeX Font Info:    No math alphabet change to frozen version normal on input line 14.
LaTeX Font Info:    No math alphabet change to frozen version normal on input line 14.
LaTeX Font Info:    No math alphabet change to frozen version normal on input line 14.
LaTeX Font Info:    No math alphabet change to frozen version normal on input line 14.
LaTeX Font Info:    No math alphabet change to frozen version normal on input line 14.
LaTeX Font Info:    No math alphabet change to frozen version normal on input line 14.
LaTeX Font Info:    No math alphabet change to frozen version normal on input line 14.
LaTeX Font Info:    No math alphabet change to frozen version normal on input line 14.
LaTeX Font Info:    No math alphabet change to frozen version normal on input line 14.
LaTeX Font Info:    No math alphabet change to frozen version normal on input line 14.
LaTeX Font Info:    No math alphabet change to frozen version normal on input line 14.
LaTeX Font Info:    No math alphabet change to frozen version normal on input line 14.
LaTeX Font Info:    No math alphabet change to frozen version normal on input line 14.
LaTeX Font Info:    No math alphabet change to frozen version normal on input line 14.
LaTeX Font Info:    No math alphabet change to frozen version normal on input line 14.
LaTeX Font Info:    No math alphabet change to frozen version normal on input line 14.
LaTeX Font Info:    No math alphabet change to frozen version normal on input line 14.
LaTeX Font Info:    No math alphabet change to frozen version normal on input line 14.
LaTeX Font Info:    No math alphabet change to frozen version normal on input line 14.
LaTeX Font Info:    No math alphabet change to frozen version normal on input line 14.
LaTeX Font Info:    No math alphabet change to frozen version normal on input line 14.
LaTeX Font Info:    No math alphabet change to frozen version normal on input line 14.
LaTeX Font Info:    No math alphabet change to frozen version normal on input line 14.
LaTeX Font Info:    No math alphabet change to frozen version normal on input line 14.


[184]
LaTeX Font Info:    No math alphabet change to frozen version normal on input line 15.
) (../_definitions/definition_serre_fibration_of_topological_spaces.tex
LaTeX Font Info:    No math alphabet change to frozen version normal on input line 2.
LaTeX Font Info:    No math alphabet change to frozen version normal on input line 4.
LaTeX Font Info:    No math alphabet change to frozen version normal on input line 7.
LaTeX Font Info:    No math alphabet change to frozen version normal on input line 7.
LaTeX Font Info:    No math alphabet change to frozen version normal on input line 8.
LaTeX Font Info:    No math alphabet change to frozen version normal on input line 9.
LaTeX Font Info:    No math alphabet change to frozen version normal on input line 9.
LaTeX Font Info:    No math alphabet change to frozen version normal on input line 9.
LaTeX Font Info:    No math alphabet change to frozen version normal on input line 9.
LaTeX Font Info:    No math alphabet change to frozen version normal on input line 9.
LaTeX Font Info:    No math alphabet change to frozen version normal on input line 9.
LaTeX Font Info:    No math alphabet change to frozen version normal on input line 9.
LaTeX Font Info:    No math alphabet change to frozen version normal on input line 9.
LaTeX Font Info:    No math alphabet change to frozen version normal on input line 9.
LaTeX Font Info:    No math alphabet change to frozen version normal on input line 9.
LaTeX Font Info:    No math alphabet change to frozen version normal on input line 9.
LaTeX Font Info:    No math alphabet change to frozen version normal on input line 9.
LaTeX Font Info:    No math alphabet change to frozen version normal on input line 9.
LaTeX Font Info:    No math alphabet change to frozen version normal on input line 9.
LaTeX Font Info:    No math alphabet change to frozen version normal on input line 9.
LaTeX Font Info:    No math alphabet change to frozen version normal on input line 9.
LaTeX Font Info:    No math alphabet change to frozen version normal on input line 9.
LaTeX Font Info:    No math alphabet change to frozen version normal on input line 9.
LaTeX Font Info:    No math alphabet change to frozen version normal on input line 9.
LaTeX Font Info:    No math alphabet change to frozen version normal on input line 9.
LaTeX Font Info:    No math alphabet change to frozen version normal on input line 9.
LaTeX Font Info:    No math alphabet change to frozen version normal on input line 9.
LaTeX Font Info:    No math alphabet change to frozen version normal on input line 9.
LaTeX Font Info:    No math alphabet change to frozen version normal on input line 9.
LaTeX Font Info:    No math alphabet change to frozen version normal on input line 9.
LaTeX Font Info:    No math alphabet change to frozen version normal on input line 9.
LaTeX Font Info:    No math alphabet change to frozen version normal on input line 9.
LaTeX Font Info:    No math alphabet change to frozen version normal on input line 9.
LaTeX Font Info:    No math alphabet change to frozen version normal on input line 9.
LaTeX Font Info:    No math alphabet change to frozen version normal on input line 9.
LaTeX Font Info:    No math alphabet change to frozen version normal on input line 9.
LaTeX Font Info:    No math alphabet change to frozen version normal on input line 9.
LaTeX Font Info:    No math alphabet change to frozen version normal on input line 9.
LaTeX Font Info:    No math alphabet change to frozen version normal on input line 9.
LaTeX Font Info:    No math alphabet change to frozen version normal on input line 9.
LaTeX Font Info:    No math alphabet change to frozen version normal on input line 9.
LaTeX Font Info:    No math alphabet change to frozen version normal on input line 9.
LaTeX Font Info:    No math alphabet change to frozen version normal on input line 9.
LaTeX Font Info:    No math alphabet change to frozen version normal on input line 9.
LaTeX Font Info:    No math alphabet change to frozen version normal on input line 9.
LaTeX Font Info:    No math alphabet change to frozen version normal on input line 9.
LaTeX Font Info:    No math alphabet change to frozen version normal on input line 9.
LaTeX Font Info:    No math alphabet change to frozen version normal on input line 9.
LaTeX Font Info:    No math alphabet change to frozen version normal on input line 9.
LaTeX Font Info:    No math alphabet change to frozen version normal on input line 9.
LaTeX Font Info:    No math alphabet change to frozen version normal on input line 9.
LaTeX Font Info:    No math alphabet change to frozen version normal on input line 10.
LaTeX Font Info:    No math alphabet change to frozen version normal on input line 11.
LaTeX Font Info:    No math alphabet change to frozen version normal on input line 11.
LaTeX Font Info:    No math alphabet change to frozen version normal on input line 11.
LaTeX Font Info:    No math alphabet change to frozen version normal on input line 11.
)) (./HomologicalAlgebra.bbl
LaTeX Font Info:    No math alphabet change to frozen version normal on input line 2.
LaTeX Font Info:    No math alphabet change to frozen version normal on input line 9.
LaTeX Font Info:    No math alphabet change to frozen version normal on input line 26.
LaTeX Font Info:    No math alphabet change to frozen version normal on input line 26.
LaTeX Font Info:    No math alphabet change to frozen version normal on input line 54.
LaTeX Font Info:    No math alphabet change to frozen version normal on input line 59.
LaTeX Font Info:    No math alphabet change to frozen version normal on input line 59.
LaTeX Font Info:    No math alphabet change to frozen version normal on input line 59.
LaTeX Font Info:    No math alphabet change to frozen version normal on input line 59.
LaTeX Font Info:    No math alphabet change to frozen version normal on input line 59.
LaTeX Font Info:    No math alphabet change to frozen version normal on input line 59.
LaTeX Font Info:    No math alphabet change to frozen version normal on input line 59.
LaTeX Font Info:    No math alphabet change to frozen version normal on input line 59.
LaTeX Font Info:    No math alphabet change to frozen version normal on input line 59.
LaTeX Font Info:    No math alphabet change to frozen version normal on input line 59.
LaTeX Font Info:    No math alphabet change to frozen version normal on input line 59.
LaTeX Font Info:    No math alphabet change to frozen version normal on input line 59.
LaTeX Font Info:    No math alphabet change to frozen version normal on input line 59.
LaTeX Font Info:    No math alphabet change to frozen version normal on input line 59.
LaTeX Font Info:    No math alphabet change to frozen version normal on input line 59.
LaTeX Font Info:    No math alphabet change to frozen version normal on input line 59.
LaTeX Font Info:    No math alphabet change to frozen version normal on input line 59.
LaTeX Font Info:    No math alphabet change to frozen version normal on input line 59.
LaTeX Font Info:    No math alphabet change to frozen version normal on input line 59.
LaTeX Font Info:    No math alphabet change to frozen version normal on input line 59.
LaTeX Font Info:    No math alphabet change to frozen version normal on input line 59.
LaTeX Font Info:    No math alphabet change to frozen version normal on input line 59.
LaTeX Font Info:    No math alphabet change to frozen version normal on input line 59.
LaTeX Font Info:    No math alphabet change to frozen version normal on input line 59.
LaTeX Font Info:    No math alphabet change to frozen version normal on input line 59.
LaTeX Font Info:    No math alphabet change to frozen version normal on input line 59.
LaTeX Font Info:    No math alphabet change to frozen version normal on input line 59.
LaTeX Font Info:    No math alphabet change to frozen version normal on input line 59.
LaTeX Font Info:    No math alphabet change to frozen version normal on input line 59.
LaTeX Font Info:    No math alphabet change to frozen version normal on input line 59.
LaTeX Font Info:    No math alphabet change to frozen version normal on input line 59.
LaTeX Font Info:    No math alphabet change to frozen version normal on input line 59.
LaTeX Font Info:    No math alphabet change to frozen version normal on input line 59.
LaTeX Font Info:    No math alphabet change to frozen version normal on input line 59.
LaTeX Font Info:    No math alphabet change to frozen version normal on input line 59.
LaTeX Font Info:    No math alphabet change to frozen version normal on input line 59.
LaTeX Font Info:    No math alphabet change to frozen version normal on input line 59.
LaTeX Font Info:    No math alphabet change to frozen version normal on input line 59.
LaTeX Font Info:    No math alphabet change to frozen version normal on input line 59.
LaTeX Font Info:    No math alphabet change to frozen version normal on input line 59.
LaTeX Font Info:    No math alphabet change to frozen version normal on input line 59.
LaTeX Font Info:    No math alphabet change to frozen version normal on input line 59.
LaTeX Font Info:    No math alphabet change to frozen version normal on input line 59.
LaTeX Font Info:    No math alphabet change to frozen version normal on input line 59.
LaTeX Font Info:    No math alphabet change to frozen version normal on input line 59.


[185]
LaTeX Font Info:    No math alphabet change to frozen version normal on input line 77.
)

Package glossaries Warning: No \printglossary or \printglossaries found. 
(Remove \makeglossaries if you don't want any glossaries.) 
This document will not have a glossary.



[186] (./HomologicalAlgebra.aux)
 ***********
LaTeX2e <2024-11-01> patch level 1
L3 programming layer <2024-12-09>
 ***********


LaTeX Font Warning: Some font shapes were not available, defaults substituted.


LaTeX Warning: There were undefined references.


LaTeX Warning: Label(s) may have changed. Rerun to get cross-references right.


Package rerunfilecheck Warning: File `HomologicalAlgebra.out' has changed.
(rerunfilecheck)                Rerun to get outlines right
(rerunfilecheck)                or use package `bookmark'.

Package rerunfilecheck Info: Checksums for `HomologicalAlgebra.out':
(rerunfilecheck)             Before: <no file>
(rerunfilecheck)             After:  D347D2639D7D6182058C717CD0EC13DF;23101.
 ) 
Here is how much of TeX's memory you used:
 41963 strings out of 473254
 1038133 string characters out of 5722066
 1117630 words of memory out of 5000000
 61614 multiletter control sequences out of 15000+600000
 589578 words of font info for 137 fonts, out of 8000000 for 9000
 1302 hyphenation exceptions out of 8191
 121i,19n,124p,3361b,1312s stack positions out of 10000i,1000n,20000p,200000b,200000s
<c:/texlive/2024/texmf-dist/fonts/type1/public/amsfonts/cm/cmbsy10.pfb><c:/texlive/2024/texmf-dist/fonts/type1/public/amsfonts/cm/cmbx12.pfb><c:/texlive/2024/texmf-dist/fonts/type1/public/amsfonts/cm/cmbx8.pfb><c:/texlive/2024/texmf-dist/fonts/type1/public/amsfonts/cm/cmex10.pfb><c:/texlive/2024/texmf-dist/fonts/type1/public/amsfonts/cmextra/cmex8.pfb><c:/texlive/2024/texmf-dist/fonts/type1/public/amsfonts/cm/cmmi10.pfb><c:/texlive/2024/texmf-dist/fonts/type1/public/amsfonts/cm/cmmi12.pfb><c:/texlive/2024/texmf-dist/fonts/type1/public/amsfonts/cm/cmmi6.pfb><c:/texlive/2024/texmf-dist/fonts/type1/public/amsfonts/cm/cmmi7.pfb><c:/texlive/2024/texmf-dist/fonts/type1/public/amsfonts/cm/cmmi8.pfb><c:/texlive/2024/texmf-dist/fonts/type1/public/amsfonts/cm/cmr10.pfb><c:/texlive/2024/texmf-dist/fonts/type1/public/amsfonts/cm/cmr12.pfb><c:/texlive/2024/texmf-dist/fonts/type1/public/amsfonts/cm/cmr6.pfb><c:/texlive/2024/texmf-dist/fonts/type1/public/amsfonts/cm/cmr7.pfb><c:/texlive/2024/texmf-dist/fonts/type1/public/amsfonts/cm/cmr8.pfb><c:/texlive/2024/texmf-dist/fonts/type1/public/amsfonts/cm/cmss12.pfb><c:/texlive/2024/texmf-dist/fonts/type1/public/amsfonts/cm/cmss8.pfb><c:/texlive/2024/texmf-dist/fonts/type1/public/amsfonts/cm/cmsy10.pfb><c:/texlive/2024/texmf-dist/fonts/type1/public/amsfonts/cm/cmsy6.pfb><c:/texlive/2024/texmf-dist/fonts/type1/public/amsfonts/cm/cmsy7.pfb><c:/texlive/2024/texmf-dist/fonts/type1/public/amsfonts/cm/cmsy8.pfb><c:/texlive/2024/texmf-dist/fonts/type1/public/doublestroke/dsrom12.pfb><c:/texlive/2024/texmf-dist/fonts/type1/public/amsfonts/euler/eufm10.pfb><c:/texlive/2024/texmf-dist/fonts/type1/public/amsfonts/symbols/msam10.pfb><c:/texlive/2024/texmf-dist/fonts/type1/public/amsfonts/symbols/msbm10.pfb><c:/texlive/2024/texmf-dist/fonts/type1/public/amsfonts/symbols/msbm7.pfb><c:/texlive/2024/texmf-dist/fonts/type1/public/rsfs/rsfs10.pfb><c:/texlive/2024/texmf-dist/fonts/type1/public/cm-super/sfbx1000.pfb><c:/texlive/2024/texmf-dist/fonts/type1/public/cm-super/sfbx1200.pfb><c:/texlive/2024/texmf-dist/fonts/type1/public/cm-super/sfcc1200.pfb><c:/texlive/2024/texmf-dist/fonts/type1/public/cm-super/sfrm0600.pfb><c:/texlive/2024/texmf-dist/fonts/type1/public/cm-super/sfrm0700.pfb><c:/texlive/2024/texmf-dist/fonts/type1/public/cm-super/sfrm0800.pfb><c:/texlive/2024/texmf-dist/fonts/type1/public/cm-super/sfrm0900.pfb><c:/texlive/2024/texmf-dist/fonts/type1/public/cm-super/sfrm1000.pfb><c:/texlive/2024/texmf-dist/fonts/type1/public/cm-super/sfrm1200.pfb><c:/texlive/2024/texmf-dist/fonts/type1/public/cm-super/sfti0800.pfb><c:/texlive/2024/texmf-dist/fonts/type1/public/cm-super/sfti1000.pfb><c:/texlive/2024/texmf-dist/fonts/type1/public/cm-super/sfti1200.pfb><c:/texlive/2024/texmf-dist/fonts/type1/public/cm-super/sftt1000.pfb><c:/texlive/2024/texmf-dist/fonts/type1/public/cm-super/sftt1200.pfb><c:/texlive/2024/texmf-dist/fonts/type1/public/xypic/xyatip10.pfb><c:/texlive/2024/texmf-dist/fonts/type1/public/xypic/xybtip10.pfb>
Output written on HomologicalAlgebra.pdf (186 pages, 1405074 bytes).
PDF statistics:
 2538 PDF objects out of 2984 (max. 8388607)
 2241 compressed objects within 23 object streams
 1401 named destinations out of 1440 (max. 500000)
 13 words of extra memory for PDF output out of 10000 (max. 10000000)

